order_id,order_date,category,price,quantity,discount_pct,revenue,region,payment_method,is_returned,customer_rating
ORD100000,2025-12-01,Fashion,4768.36,1,5,4529.94,North,Credit Card,False,3
ORD100001,2025-02-17,Home & Kitchen,1054.37,1,0,1054.37,North,UPI,False,4
ORD100002,2025-11-29,Fashion,1668.78,1,5,1585.34,South,Net Banking,False,4
ORD100003,2024-01-21,Home & Kitchen,938.82,1,5,891.88,North,COD,False,4
ORD100004,2025-03-30,Electronics,11543.88,1,10,10389.49,West,UPI,False,3
ORD100005,2025-04-21,Beauty,1361.69,1,30,953.18,West,COD,False,5
ORD100006,2025-12-19,Sports,1163.69,1,15,989.14,East,Credit Card,False,5
ORD100007,2025-06-04,Fashion,1692.49,1,15,1438.62,North,UPI,False,5
ORD100008,2024-08-18,Beauty,2348.12,1,10,2113.31,Central,Net Banking,False,3
ORD100009,2025-11-14,Fashion,3443.55,1,20,2754.84,South,UPI,False,5
ORD100010,2025-01-27,Home & Kitchen,9343.22,1,15,7941.74,North,Credit Card,False,5
ORD100011,2025-04-29,Fashion,2947.4,1,0,2947.4,South,Debit Card,False,2
ORD100012,2025-07-10,Fashion,1057.74,2,0,2115.48,North,Credit Card,False,4
ORD100013,2025-04-17,Sports,2932.59,1,5,2785.96,North,UPI,False,5
ORD100014,2025-10-10,Sports,552.14,1,10,496.93,North,UPI,False,4
ORD100015,2025-03-17,Home & Kitchen,5084.5,1,30,3559.15,North,Credit Card,False,4
ORD100016,2025-07-19,Electronics,28016.05,1,0,28016.05,South,Debit Card,False,4
ORD100017,2025-03-14,Fashion,2898.6,1,15,2463.81,North,Debit Card,False,5
ORD100018,2025-08-31,Home & Kitchen,6614.99,1,0,6614.99,South,Debit Card,False,4
ORD100019,2024-05-27,Fashion,3642.4,2,10,6556.32,North,Debit Card,False,5
ORD100020,2024-05-30,Electronics,16336.39,1,10,14702.75,East,UPI,False,5
ORD100021,2024-09-10,Home & Kitchen,3425.62,3,20,8221.49,Central,Debit Card,False,4
ORD100022,2024-04-29,Beauty,2706.76,2,20,4330.82,West,COD,False,5
ORD100023,2024-06-01,Home & Kitchen,4718.48,2,0,9436.96,North,Credit Card,False,5
ORD100024,2024-10-08,Fashion,3647.24,1,15,3100.15,East,Credit Card,False,4
ORD100025,2024-12-30,Fashion,1446.75,3,20,3472.2,South,UPI,False,5
ORD100026,2025-05-30,Sports,2226.39,1,0,2226.39,East,UPI,False,5
ORD100027,2024-11-15,Sports,3276.19,1,30,2293.33,Central,Net Banking,False,4
ORD100028,2025-07-19,Sports,2876.92,1,10,2589.23,East,UPI,False,5
ORD100029,2024-04-13,Electronics,24047.34,2,10,43285.21,West,UPI,False,5
ORD100030,2025-05-20,Beauty,2621.16,2,0,5242.32,East,UPI,False,4
ORD100031,2024-12-26,Electronics,40067.85,1,10,36061.06,South,UPI,False,5
ORD100032,2024-02-23,Sports,2376.89,1,10,2139.2,South,Net Banking,False,5
ORD100033,2024-12-15,Fashion,4257.51,1,10,3831.76,West,COD,False,4
ORD100034,2024-12-01,Beauty,921.87,1,15,783.59,East,UPI,False,3
ORD100035,2025-05-02,Fashion,2881.37,1,20,2305.1,East,Credit Card,False,4
ORD100036,2025-03-10,Beauty,285.99,1,15,243.09,North,UPI,False,2
ORD100037,2024-08-05,Sports,5777.43,1,15,4910.82,West,UPI,False,5
ORD100038,2024-06-28,Electronics,42787.84,2,5,81296.9,East,Credit Card,False,5
ORD100039,2025-05-11,Electronics,4569.74,1,20,3655.79,East,Net Banking,False,5
ORD100040,2024-09-24,Electronics,36787.38,2,5,69896.02,Central,COD,False,2
ORD100041,2024-02-04,Electronics,2292.65,1,5,2178.02,East,UPI,False,4
ORD100042,2025-09-17,Fashion,2631.38,1,10,2368.24,West,Debit Card,False,4
ORD100043,2025-11-19,Electronics,34151.74,2,0,68303.48,North,Credit Card,False,5
ORD100044,2024-09-29,Fashion,3495.27,1,10,3145.74,South,UPI,False,3
ORD100045,2024-09-21,Electronics,43196.56,2,5,82073.46,Central,COD,False,5
ORD100046,2025-04-13,Fashion,1678.09,1,15,1426.38,West,Net Banking,False,4
ORD100047,2024-08-02,Electronics,25404.51,1,10,22864.06,West,COD,False,5
ORD100048,2024-06-16,Sports,6788.61,1,0,6788.61,West,Debit Card,False,3
ORD100049,2025-05-14,Sports,3307.03,1,0,3307.03,Central,Credit Card,False,5
ORD100050,2025-12-14,Home & Kitchen,4784.66,1,0,4784.66,South,UPI,False,2
ORD100051,2024-01-01,Electronics,6612.39,1,10,5951.15,North,UPI,False,3
ORD100052,2025-11-15,Home & Kitchen,5461.5,2,0,10923.0,West,Credit Card,False,2
ORD100053,2024-08-20,Home & Kitchen,11643.91,1,0,11643.91,South,COD,False,4
ORD100054,2024-12-23,Beauty,2758.47,2,10,4965.25,North,UPI,False,4
ORD100055,2025-12-04,Home & Kitchen,1301.72,3,0,3905.16,North,UPI,False,4
ORD100056,2024-09-12,Electronics,4814.72,2,10,8666.5,Central,UPI,False,5
ORD100057,2024-05-25,Electronics,19389.6,1,30,13572.72,North,Credit Card,False,5
ORD100058,2024-04-08,Beauty,2539.24,1,0,2539.24,North,UPI,False,4
ORD100059,2025-07-18,Beauty,2752.52,1,20,2202.02,West,UPI,False,3
ORD100060,2025-05-02,Sports,5046.31,1,10,4541.68,South,UPI,False,4
ORD100061,2024-02-23,Beauty,1632.47,2,30,2285.46,North,Net Banking,False,4
ORD100062,2024-03-15,Fashion,3987.94,1,0,3987.94,North,UPI,False,5
ORD100063,2024-11-03,Fashion,2356.13,2,5,4476.65,Central,UPI,False,5
ORD100064,2025-05-22,Beauty,1459.14,2,0,2918.28,North,Debit Card,False,4
ORD100065,2025-12-14,Home & Kitchen,4362.13,1,0,4362.13,East,UPI,False,5
ORD100066,2025-09-25,Fashion,3437.52,1,0,3437.52,West,UPI,False,2
ORD100067,2024-02-15,Home & Kitchen,6599.31,1,5,6269.34,South,Debit Card,True,5
ORD100068,2024-02-17,Home & Kitchen,1348.4,2,0,2696.8,North,Net Banking,False,3
ORD100069,2025-04-18,Fashion,2041.22,1,15,1735.04,East,Debit Card,True,3
ORD100070,2024-12-28,Electronics,31391.7,2,0,62783.4,South,Credit Card,False,4
ORD100071,2024-08-18,Fashion,394.33,1,0,394.33,East,UPI,False,4
ORD100072,2024-08-15,Fashion,3349.47,1,10,3014.52,East,Debit Card,False,3
ORD100073,2025-03-18,Fashion,2006.49,1,5,1906.17,Central,Credit Card,False,3
ORD100074,2025-03-21,Electronics,12199.16,1,0,12199.16,North,COD,False,4
ORD100075,2024-11-17,Fashion,4917.18,1,20,3933.74,North,COD,False,5
ORD100076,2024-01-26,Beauty,2197.6,1,0,2197.6,West,UPI,False,4
ORD100077,2024-03-30,Home & Kitchen,3211.95,1,15,2730.16,North,Credit Card,False,4
ORD100078,2024-09-17,Home & Kitchen,4683.07,1,0,4683.07,Central,UPI,False,4
ORD100079,2025-07-03,Home & Kitchen,9218.64,1,5,8757.71,South,COD,False,5
ORD100080,2025-08-10,Electronics,33292.74,2,5,63256.21,Central,Debit Card,False,5
ORD100081,2024-10-05,Beauty,2288.93,1,0,2288.93,East,COD,False,5
ORD100082,2025-11-21,Home & Kitchen,5642.6,1,10,5078.34,South,Credit Card,False,4
ORD100083,2024-02-08,Home & Kitchen,1172.78,1,0,1172.78,Central,Debit Card,False,3
ORD100084,2024-08-18,Beauty,1917.21,1,10,1725.49,Central,Debit Card,False,5
ORD100085,2025-05-31,Electronics,10397.69,1,20,8318.15,South,Net Banking,False,5
ORD100086,2024-09-17,Electronics,18782.0,1,5,17842.9,South,Net Banking,True,5
ORD100087,2025-12-13,Home & Kitchen,8707.68,1,5,8272.3,North,Credit Card,False,5
ORD100088,2025-09-14,Sports,1543.37,1,15,1311.86,East,UPI,False,5
ORD100089,2025-01-12,Electronics,29834.47,1,0,29834.47,North,UPI,False,5
ORD100090,2025-02-23,Electronics,11761.91,1,0,11761.91,Central,Net Banking,False,5
ORD100091,2025-03-11,Fashion,557.38,1,15,473.77,East,UPI,False,5
ORD100092,2024-12-12,Sports,3992.75,1,0,3992.75,South,UPI,False,4
ORD100093,2024-03-03,Fashion,4599.78,1,0,4599.78,North,UPI,False,5
ORD100094,2024-03-03,Fashion,2919.34,2,30,4087.08,South,Credit Card,False,5
ORD100095,2024-10-11,Fashion,4520.86,1,5,4294.82,West,Credit Card,False,5
ORD100096,2024-08-09,Home & Kitchen,6599.69,1,10,5939.72,North,UPI,False,5
ORD100097,2025-01-14,Fashion,1572.5,1,15,1336.62,Central,Net Banking,False,4
ORD100098,2024-12-06,Home & Kitchen,3345.11,1,20,2676.09,East,Debit Card,False,5
ORD100099,2025-05-14,Home & Kitchen,9759.46,3,10,26350.54,North,UPI,False,1
ORD100100,2025-01-15,Electronics,10543.05,1,20,8434.44,East,Debit Card,False,5
ORD100101,2024-04-28,Fashion,4178.0,1,0,4178.0,East,UPI,False,4
ORD100102,2024-10-30,Fashion,4757.73,1,5,4519.84,West,Net Banking,False,1
ORD100103,2024-10-22,Fashion,2845.68,1,15,2418.83,Central,Credit Card,False,4
ORD100104,2024-12-21,Electronics,41272.0,1,0,41272.0,South,Credit Card,False,3
ORD100105,2024-06-16,Electronics,12970.25,1,0,12970.25,East,Credit Card,False,5
ORD100106,2024-05-09,Fashion,3923.28,1,0,3923.28,West,UPI,False,4
ORD100107,2024-04-22,Fashion,1656.86,1,15,1408.33,East,COD,False,5
ORD100108,2024-05-27,Electronics,22543.34,1,0,22543.34,West,Net Banking,False,3
ORD100109,2024-10-22,Home & Kitchen,5901.15,1,5,5606.09,East,Credit Card,False,5
ORD100110,2025-06-07,Beauty,2129.88,1,5,2023.39,North,COD,False,5
ORD100111,2024-08-03,Fashion,1170.12,1,15,994.6,East,Debit Card,False,5
ORD100112,2025-07-24,Sports,7275.23,1,30,5092.66,Central,UPI,False,5
ORD100113,2024-11-30,Fashion,2969.34,2,0,5938.68,Central,COD,False,4
ORD100114,2025-05-04,Sports,6834.12,1,10,6150.71,East,UPI,False,4
ORD100115,2024-12-29,Sports,4476.99,1,15,3805.44,East,Debit Card,False,4
ORD100116,2024-06-18,Fashion,4420.33,1,30,3094.23,North,UPI,False,5
ORD100117,2025-04-21,Electronics,1912.62,1,0,1912.62,South,Credit Card,False,4
ORD100118,2025-07-30,Electronics,16132.12,1,0,16132.12,North,UPI,False,4
ORD100119,2025-08-07,Fashion,497.84,1,0,497.84,South,UPI,False,5
ORD100120,2024-11-14,Fashion,3066.2,3,5,8738.67,East,UPI,False,4
ORD100121,2025-05-07,Sports,5372.35,1,0,5372.35,North,UPI,True,5
ORD100122,2025-12-27,Beauty,2432.19,1,20,1945.75,Central,UPI,False,5
ORD100123,2024-04-29,Home & Kitchen,2185.19,2,15,3714.82,North,COD,False,4
ORD100124,2024-07-13,Fashion,1582.91,1,30,1108.04,West,Net Banking,False,5
ORD100125,2024-11-23,Electronics,19267.71,1,0,19267.71,East,COD,False,5
ORD100126,2024-11-13,Sports,961.38,2,15,1634.35,South,Debit Card,False,4
ORD100127,2024-11-17,Sports,6480.7,1,15,5508.59,West,Debit Card,False,5
ORD100128,2024-01-31,Beauty,602.02,2,15,1023.43,North,UPI,False,3
ORD100129,2024-10-13,Beauty,2521.58,1,10,2269.42,Central,Debit Card,False,5
ORD100130,2025-02-17,Home & Kitchen,9446.21,1,0,9446.21,South,Net Banking,False,3
ORD100131,2025-04-28,Beauty,2398.1,1,0,2398.1,South,Debit Card,False,5
ORD100132,2024-11-01,Fashion,3218.3,1,10,2896.47,South,Debit Card,False,4
ORD100133,2025-04-03,Electronics,37235.81,1,10,33512.23,South,UPI,False,4
ORD100134,2024-06-05,Fashion,1069.03,1,0,1069.03,West,Net Banking,False,3
ORD100135,2024-01-21,Sports,7724.27,1,20,6179.42,West,COD,False,4
ORD100136,2024-06-10,Fashion,1807.49,1,0,1807.49,North,Debit Card,False,5
ORD100137,2025-10-08,Fashion,4850.51,1,15,4122.93,West,Debit Card,False,3
ORD100138,2025-07-11,Electronics,41556.88,1,5,39479.04,North,Credit Card,False,4
ORD100139,2025-12-26,Home & Kitchen,3016.27,1,0,3016.27,West,UPI,False,1
ORD100140,2025-08-29,Electronics,18573.47,1,15,15787.45,East,Debit Card,False,5
ORD100141,2025-08-10,Beauty,2285.11,1,30,1599.58,North,Credit Card,False,5
ORD100142,2024-01-02,Home & Kitchen,513.34,1,10,462.01,West,UPI,False,4
ORD100143,2024-05-01,Fashion,4894.09,1,15,4159.98,North,UPI,False,5
ORD100144,2024-12-24,Beauty,240.02,2,0,480.04,Central,COD,False,5
ORD100145,2024-07-26,Home & Kitchen,6019.02,1,10,5417.12,West,Credit Card,False,4
ORD100146,2024-03-27,Beauty,382.65,1,10,344.38,South,Credit Card,False,4
ORD100147,2024-10-14,Beauty,2634.72,1,10,2371.25,West,UPI,False,5
ORD100148,2024-04-02,Home & Kitchen,2714.69,1,5,2578.96,North,Net Banking,False,5
ORD100149,2024-12-29,Fashion,4277.35,1,10,3849.62,East,Credit Card,False,1
ORD100150,2024-11-27,Fashion,3149.09,1,20,2519.27,North,Debit Card,False,5
ORD100151,2025-08-21,Electronics,32638.39,2,10,58749.1,South,Credit Card,False,2
ORD100152,2024-01-14,Fashion,757.75,1,10,681.98,South,Credit Card,False,4
ORD100153,2025-03-24,Sports,2436.0,1,15,2070.6,North,COD,False,4
ORD100154,2024-12-26,Electronics,8884.47,1,0,8884.47,East,Debit Card,False,3
ORD100155,2024-06-13,Electronics,33533.49,1,15,28503.47,West,Credit Card,False,5
ORD100156,2025-05-25,Home & Kitchen,796.58,3,0,2389.74,North,Debit Card,False,3
ORD100157,2024-01-12,Electronics,5993.94,1,0,5993.94,Central,COD,True,5
ORD100158,2025-05-09,Home & Kitchen,10467.85,1,10,9421.06,South,Credit Card,False,3
ORD100159,2024-01-08,Electronics,42382.16,1,30,29667.51,North,Debit Card,False,5
ORD100160,2024-08-05,Electronics,31629.23,2,5,60095.54,North,UPI,False,5
ORD100161,2024-01-01,Beauty,472.36,1,0,472.36,East,UPI,False,3
ORD100162,2025-08-07,Home & Kitchen,11993.2,1,20,9594.56,Central,Debit Card,False,4
ORD100163,2025-10-05,Electronics,29797.26,1,15,25327.67,West,Net Banking,False,5
ORD100164,2025-10-16,Electronics,25185.28,1,10,22666.75,East,UPI,False,5
ORD100165,2024-09-23,Home & Kitchen,5555.27,1,10,4999.74,East,Credit Card,False,4
ORD100166,2025-09-20,Sports,4393.11,1,15,3734.14,North,UPI,False,4
ORD100167,2025-05-12,Fashion,2153.52,1,15,1830.49,East,Net Banking,False,5
ORD100168,2024-02-20,Electronics,43027.71,1,0,43027.71,Central,UPI,False,4
ORD100169,2024-06-04,Fashion,1638.9,1,10,1475.01,South,Credit Card,False,4
ORD100170,2024-12-16,Fashion,872.86,1,15,741.93,North,UPI,False,3
ORD100171,2025-01-19,Sports,3683.96,1,5,3499.76,East,UPI,True,5
ORD100172,2024-01-10,Home & Kitchen,7285.05,1,0,7285.05,South,COD,False,5
ORD100173,2025-09-03,Fashion,1719.68,1,5,1633.7,East,UPI,False,4
ORD100174,2024-08-13,Home & Kitchen,2348.96,1,5,2231.51,East,UPI,False,4
ORD100175,2024-03-17,Fashion,3298.42,1,10,2968.58,South,COD,False,5
ORD100176,2025-04-03,Fashion,2312.54,1,30,1618.78,North,UPI,False,5
ORD100177,2024-12-18,Fashion,673.27,1,5,639.61,South,UPI,False,4
ORD100178,2024-06-08,Beauty,2058.37,1,10,1852.53,West,Debit Card,False,4
ORD100179,2025-09-05,Fashion,3446.59,3,10,9305.79,West,Credit Card,True,5
ORD100180,2024-11-06,Sports,1814.77,1,0,1814.77,South,Debit Card,False,5
ORD100181,2024-12-13,Beauty,2792.46,1,0,2792.46,West,Debit Card,False,5
ORD100182,2024-06-09,Electronics,12681.56,1,10,11413.4,South,UPI,False,3
ORD100183,2025-03-24,Fashion,1905.87,1,5,1810.58,South,Credit Card,False,4
ORD100184,2024-04-10,Sports,4227.23,3,5,12047.61,South,UPI,False,5
ORD100185,2024-03-07,Home & Kitchen,6576.78,1,15,5590.26,South,UPI,False,3
ORD100186,2024-09-22,Home & Kitchen,4414.76,3,15,11257.64,North,Net Banking,False,4
ORD100187,2025-04-27,Home & Kitchen,9271.79,1,5,8808.2,North,UPI,False,1
ORD100188,2024-05-07,Electronics,43395.51,1,5,41225.73,South,Credit Card,False,3
ORD100189,2024-02-29,Home & Kitchen,2906.04,1,5,2760.74,South,Credit Card,False,4
ORD100190,2025-04-07,Home & Kitchen,9149.34,1,30,6404.54,North,UPI,False,4
ORD100191,2024-09-16,Electronics,31609.02,1,10,28448.12,North,UPI,False,3
ORD100192,2025-04-29,Home & Kitchen,10236.98,1,20,8189.58,South,UPI,False,4
ORD100193,2025-05-24,Beauty,2240.8,1,0,2240.8,North,UPI,False,5
ORD100194,2024-01-13,Home & Kitchen,2600.46,1,0,2600.46,North,COD,False,5
ORD100195,2025-12-03,Home & Kitchen,1672.94,1,0,1672.94,North,UPI,False,4
ORD100196,2025-02-25,Home & Kitchen,9803.96,1,5,9313.76,Central,UPI,False,5
ORD100197,2024-04-06,Sports,6566.63,1,15,5581.64,North,COD,False,5
ORD100198,2024-03-19,Home & Kitchen,10783.37,1,20,8626.7,South,COD,False,5
ORD100199,2024-03-27,Fashion,524.8,1,15,446.08,North,UPI,True,5
ORD100200,2025-10-12,Beauty,1156.77,1,20,925.42,West,UPI,False,4
ORD100201,2025-09-14,Beauty,345.83,1,0,345.83,Central,UPI,False,5
ORD100202,2025-01-16,Fashion,1266.73,1,0,1266.73,North,COD,False,5
ORD100203,2025-01-08,Fashion,888.6,1,5,844.17,Central,Credit Card,False,3
ORD100204,2025-12-17,Electronics,6320.15,1,5,6004.14,East,COD,False,3
ORD100205,2024-05-01,Fashion,4468.55,1,15,3798.27,West,Net Banking,False,4
ORD100206,2024-12-25,Beauty,1462.54,2,0,2925.08,North,UPI,False,4
ORD100207,2024-07-31,Home & Kitchen,8844.19,1,15,7517.56,West,UPI,False,5
ORD100208,2025-11-26,Beauty,1695.38,1,0,1695.38,North,UPI,False,5
ORD100209,2025-08-06,Fashion,1055.99,1,0,1055.99,West,COD,False,4
ORD100210,2024-10-28,Beauty,731.5,1,0,731.5,South,Net Banking,False,1
ORD100211,2024-01-14,Beauty,250.64,1,15,213.04,West,Debit Card,False,5
ORD100212,2025-09-14,Fashion,2659.64,1,5,2526.66,West,COD,False,4
ORD100213,2024-02-07,Fashion,3569.41,1,0,3569.41,North,UPI,False,5
ORD100214,2025-11-28,Home & Kitchen,8791.5,1,10,7912.35,East,Debit Card,False,4
ORD100215,2025-02-09,Beauty,1570.03,1,10,1413.03,West,COD,False,5
ORD100216,2024-04-22,Home & Kitchen,4732.17,1,5,4495.56,North,UPI,False,5
ORD100217,2025-02-04,Sports,7498.35,1,10,6748.52,South,UPI,False,5
ORD100218,2025-05-19,Beauty,2258.96,2,10,4066.13,Central,UPI,False,5
ORD100219,2025-07-16,Home & Kitchen,8492.98,2,20,13588.77,North,Credit Card,False,5
ORD100220,2024-09-17,Fashion,4072.42,1,15,3461.56,East,UPI,False,5
ORD100221,2025-11-16,Beauty,170.03,1,0,170.03,West,Debit Card,False,2
ORD100222,2024-06-11,Electronics,13775.14,1,0,13775.14,West,COD,False,4
ORD100223,2024-08-15,Beauty,914.2,1,0,914.2,North,COD,False,4
ORD100224,2025-11-02,Fashion,1932.51,2,30,2705.51,East,COD,False,4
ORD100225,2024-03-22,Fashion,3734.86,3,0,11204.58,West,UPI,False,4
ORD100226,2024-06-09,Sports,7755.17,1,0,7755.17,North,UPI,False,5
ORD100227,2024-02-12,Home & Kitchen,1731.32,2,0,3462.64,West,Credit Card,False,4
ORD100228,2024-04-21,Home & Kitchen,2322.98,2,0,4645.96,North,Net Banking,False,5
ORD100229,2025-07-24,Fashion,3998.76,1,5,3798.82,North,Net Banking,False,4
ORD100230,2024-08-01,Electronics,15864.36,1,0,15864.36,North,Debit Card,False,4
ORD100231,2025-03-22,Sports,4701.37,1,10,4231.23,North,UPI,False,4
ORD100232,2025-01-13,Beauty,1210.01,1,5,1149.51,West,COD,False,4
ORD100233,2025-08-19,Fashion,4026.42,1,5,3825.1,East,UPI,False,4
ORD100234,2025-01-21,Fashion,2921.75,1,5,2775.66,West,UPI,False,5
ORD100235,2025-10-04,Electronics,17320.65,1,15,14722.55,Central,Net Banking,False,5
ORD100236,2025-06-16,Fashion,4945.56,1,15,4203.73,South,COD,False,5
ORD100237,2024-07-14,Electronics,31378.45,1,15,26671.68,West,UPI,False,3
ORD100238,2024-07-29,Sports,6642.98,1,15,5646.53,Central,COD,False,4
ORD100239,2024-12-29,Fashion,4150.5,2,0,8301.0,North,UPI,False,4
ORD100240,2025-10-23,Beauty,2005.77,1,15,1704.9,West,UPI,True,5
ORD100241,2024-02-16,Electronics,15199.0,1,0,15199.0,West,UPI,False,4
ORD100242,2024-05-22,Home & Kitchen,8452.15,1,0,8452.15,North,UPI,False,5
ORD100243,2024-07-25,Sports,6245.49,1,0,6245.49,Central,Debit Card,False,3
ORD100244,2025-10-30,Fashion,2463.68,2,15,4188.26,South,UPI,False,1
ORD100245,2025-09-13,Sports,1455.9,1,20,1164.72,West,Net Banking,True,5
ORD100246,2025-05-22,Beauty,1018.54,2,10,1833.37,South,UPI,False,2
ORD100247,2024-03-29,Fashion,516.78,1,15,439.26,North,UPI,False,5
ORD100248,2025-09-28,Electronics,39659.92,2,10,71387.86,West,UPI,False,4
ORD100249,2025-07-29,Beauty,248.81,1,15,211.49,East,Debit Card,False,4
ORD100250,2024-11-19,Home & Kitchen,8955.76,1,0,8955.76,Central,UPI,False,3
ORD100251,2025-10-20,Sports,3983.25,1,5,3784.09,East,Debit Card,False,5
ORD100252,2025-02-09,Fashion,2708.11,1,15,2301.89,Central,UPI,False,4
ORD100253,2024-08-01,Sports,2517.19,1,0,2517.19,South,Credit Card,False,3
ORD100254,2025-02-27,Fashion,4866.2,1,5,4622.89,South,Credit Card,False,4
ORD100255,2025-02-07,Sports,871.23,2,0,1742.46,South,Net Banking,False,4
ORD100256,2025-07-02,Fashion,4679.24,1,0,4679.24,West,Credit Card,False,5
ORD100257,2024-11-28,Electronics,30880.78,1,0,30880.78,South,Debit Card,False,5
ORD100258,2025-08-24,Fashion,3470.66,1,30,2429.46,West,UPI,False,2
ORD100259,2025-11-02,Fashion,579.77,1,5,550.78,South,UPI,False,5
ORD100260,2024-04-14,Electronics,4987.83,1,10,4489.05,West,Credit Card,False,3
ORD100261,2025-03-29,Electronics,8212.99,1,0,8212.99,Central,UPI,False,3
ORD100262,2024-11-06,Electronics,19858.49,1,0,19858.49,North,Credit Card,False,5
ORD100263,2025-10-19,Home & Kitchen,10209.01,1,0,10209.01,East,Net Banking,False,4
ORD100264,2024-02-10,Fashion,2415.58,1,5,2294.8,South,Credit Card,False,5
ORD100265,2025-03-15,Beauty,2111.95,1,0,2111.95,East,UPI,False,5
ORD100266,2025-02-22,Fashion,2731.03,1,5,2594.48,North,UPI,False,5
ORD100267,2024-07-22,Home & Kitchen,4629.29,1,10,4166.36,North,UPI,False,4
ORD100268,2025-12-03,Sports,4489.35,1,5,4264.88,South,UPI,False,4
ORD100269,2024-05-03,Electronics,37843.39,1,5,35951.22,West,Credit Card,False,5
ORD100270,2024-04-18,Fashion,4817.34,1,30,3372.14,West,COD,False,4
ORD100271,2025-07-07,Electronics,12240.47,2,15,20808.8,West,UPI,False,5
ORD100272,2025-01-19,Fashion,4204.24,1,10,3783.82,North,Credit Card,False,4
ORD100273,2024-04-13,Fashion,4971.09,2,5,9445.07,West,Credit Card,False,3
ORD100274,2024-03-04,Sports,5831.64,2,10,10496.95,East,UPI,False,2
ORD100275,2024-07-02,Beauty,1715.57,1,0,1715.57,West,COD,False,4
ORD100276,2025-12-14,Sports,4125.56,2,0,8251.12,West,UPI,False,4
ORD100277,2024-03-22,Home & Kitchen,10440.69,3,5,29755.97,East,Credit Card,False,4
ORD100278,2024-12-02,Sports,946.04,1,20,756.83,North,COD,False,4
ORD100279,2025-04-24,Home & Kitchen,11146.04,1,20,8916.83,North,COD,False,5
ORD100280,2025-06-30,Home & Kitchen,9909.65,1,0,9909.65,Central,UPI,False,5
ORD100281,2024-03-05,Beauty,989.67,1,5,940.19,East,UPI,True,5
ORD100282,2025-06-30,Beauty,2456.17,2,10,4421.11,North,Credit Card,False,4
ORD100283,2024-07-06,Fashion,610.25,1,10,549.22,East,UPI,False,5
ORD100284,2025-01-14,Home & Kitchen,1710.01,2,15,2907.02,North,UPI,False,4
ORD100285,2025-09-23,Fashion,1620.72,2,5,3079.37,Central,UPI,False,4
ORD100286,2024-02-22,Home & Kitchen,11756.18,1,5,11168.37,West,UPI,False,5
ORD100287,2025-10-21,Fashion,4160.73,1,0,4160.73,West,Net Banking,False,5
ORD100288,2025-04-10,Home & Kitchen,2057.36,1,5,1954.49,North,COD,False,5
ORD100289,2024-08-28,Fashion,2191.5,1,10,1972.35,North,UPI,False,2
ORD100290,2024-06-05,Beauty,160.89,1,20,128.71,West,UPI,False,5
ORD100291,2024-03-23,Home & Kitchen,10923.52,2,20,17477.63,South,COD,False,5
ORD100292,2025-09-23,Home & Kitchen,4896.73,1,10,4407.06,North,UPI,False,3
ORD100293,2025-08-28,Fashion,909.12,1,0,909.12,South,Debit Card,False,3
ORD100294,2024-12-20,Home & Kitchen,4867.39,2,0,9734.78,South,UPI,True,5
ORD100295,2025-06-11,Fashion,4164.25,2,5,7912.08,West,Debit Card,False,5
ORD100296,2024-09-19,Beauty,252.43,1,0,252.43,West,COD,False,5
ORD100297,2024-08-22,Fashion,3022.12,1,5,2871.01,North,UPI,False,4
ORD100298,2025-02-01,Beauty,191.88,1,5,182.29,South,UPI,False,5
ORD100299,2024-07-06,Electronics,21688.14,3,5,61811.2,West,Credit Card,False,4
ORD100300,2025-11-12,Electronics,38785.14,1,15,32967.37,North,UPI,True,4
ORD100301,2025-09-29,Beauty,1626.19,1,10,1463.57,East,Debit Card,False,5
ORD100302,2025-11-14,Home & Kitchen,6744.77,2,5,12815.06,South,UPI,False,4
ORD100303,2024-08-05,Home & Kitchen,9070.36,1,10,8163.32,Central,UPI,False,5
ORD100304,2025-06-12,Home & Kitchen,6911.01,1,0,6911.01,North,UPI,False,5
ORD100305,2024-12-25,Home & Kitchen,2104.77,2,0,4209.54,East,Net Banking,False,4
ORD100306,2025-10-05,Beauty,1685.62,1,5,1601.34,North,UPI,False,4
ORD100307,2025-07-11,Beauty,1159.66,2,0,2319.32,North,Net Banking,False,4
ORD100308,2024-04-02,Fashion,506.33,1,5,481.01,West,Debit Card,False,5
ORD100309,2025-11-17,Home & Kitchen,4945.56,1,5,4698.28,Central,Credit Card,False,4
ORD100310,2024-06-02,Sports,1820.72,1,0,1820.72,West,Debit Card,False,5
ORD100311,2025-06-03,Fashion,4778.61,3,0,14335.83,South,Debit Card,False,5
ORD100312,2024-04-02,Home & Kitchen,2287.32,1,5,2172.95,North,UPI,False,5
ORD100313,2024-11-17,Fashion,3281.51,1,15,2789.28,North,UPI,False,5
ORD100314,2024-09-03,Electronics,40710.16,1,20,32568.13,Central,UPI,False,4
ORD100315,2025-09-16,Fashion,3845.05,2,5,7305.6,North,Debit Card,False,4
ORD100316,2024-02-27,Home & Kitchen,5221.01,2,20,8353.62,Central,UPI,False,5
ORD100317,2025-08-02,Fashion,4794.7,1,10,4315.23,South,Credit Card,False,5
ORD100318,2024-11-22,Fashion,1959.34,2,5,3722.75,West,Net Banking,False,4
ORD100319,2024-04-21,Fashion,1499.95,1,20,1199.96,North,UPI,False,5
ORD100320,2024-02-09,Home & Kitchen,5149.18,2,0,10298.36,West,Net Banking,False,5
ORD100321,2025-09-19,Home & Kitchen,5774.21,1,5,5485.5,North,UPI,False,1
ORD100322,2025-11-07,Fashion,2755.8,1,0,2755.8,South,COD,True,3
ORD100323,2024-06-17,Fashion,3739.11,1,15,3178.24,South,UPI,False,5
ORD100324,2025-01-13,Beauty,667.6,1,30,467.32,South,UPI,False,4
ORD100325,2024-07-20,Electronics,18060.0,1,0,18060.0,North,Credit Card,False,5
ORD100326,2024-04-20,Home & Kitchen,4595.84,2,15,7812.93,West,UPI,False,4
ORD100327,2024-04-13,Fashion,4684.75,2,0,9369.5,North,Net Banking,False,3
ORD100328,2025-10-13,Sports,3084.53,1,0,3084.53,East,UPI,False,5
ORD100329,2025-04-18,Home & Kitchen,5449.76,1,0,5449.76,West,Debit Card,False,1
ORD100330,2024-09-26,Beauty,182.54,1,15,155.16,North,Credit Card,False,5
ORD100331,2025-03-28,Home & Kitchen,6672.52,1,15,5671.64,West,UPI,False,5
ORD100332,2025-10-21,Fashion,919.06,2,10,1654.31,South,Net Banking,False,2
ORD100333,2025-08-17,Fashion,4695.9,2,10,8452.62,North,UPI,False,1
ORD100334,2024-04-06,Fashion,1199.71,1,5,1139.72,West,Credit Card,False,4
ORD100335,2025-03-25,Electronics,16005.62,1,0,16005.62,South,COD,False,5
ORD100336,2025-04-21,Electronics,35473.32,1,0,35473.32,North,UPI,False,5
ORD100337,2025-06-01,Electronics,24063.49,1,10,21657.14,Central,Credit Card,False,5
ORD100338,2025-01-21,Fashion,2742.61,1,0,2742.61,South,UPI,False,5
ORD100339,2025-10-30,Sports,5027.28,1,0,5027.28,South,Debit Card,False,3
ORD100340,2024-05-13,Home & Kitchen,7842.93,1,0,7842.93,East,Debit Card,False,4
ORD100341,2024-03-05,Fashion,3109.04,2,0,6218.08,South,Credit Card,False,5
ORD100342,2025-02-17,Electronics,35095.09,1,10,31585.58,South,UPI,False,4
ORD100343,2024-08-24,Fashion,4800.63,1,10,4320.57,West,UPI,False,4
ORD100344,2024-12-06,Beauty,1082.08,2,5,2055.95,North,Credit Card,False,1
ORD100345,2024-06-18,Home & Kitchen,7514.18,1,15,6387.05,North,Debit Card,False,2
ORD100346,2024-11-17,Sports,721.28,1,20,577.02,South,Credit Card,False,5
ORD100347,2024-12-03,Home & Kitchen,4717.52,1,15,4009.89,Central,Credit Card,False,5
ORD100348,2025-11-21,Beauty,2253.06,1,5,2140.41,North,Net Banking,False,5
ORD100349,2024-07-05,Sports,6948.68,1,5,6601.25,East,UPI,False,4
ORD100350,2024-04-01,Fashion,3351.81,2,5,6368.44,South,Net Banking,False,4
ORD100351,2024-03-28,Home & Kitchen,5128.54,1,20,4102.83,North,Debit Card,False,5
ORD100352,2025-10-06,Fashion,1049.61,1,20,839.69,West,Debit Card,False,4
ORD100353,2024-10-09,Beauty,172.7,2,10,310.86,South,UPI,False,5
ORD100354,2025-07-01,Fashion,4594.81,2,10,8270.66,South,UPI,False,4
ORD100355,2024-02-08,Sports,1082.31,2,0,2164.62,West,Debit Card,False,5
ORD100356,2024-10-11,Beauty,1401.75,1,5,1331.66,West,UPI,False,4
ORD100357,2025-09-11,Beauty,2609.47,1,10,2348.52,North,UPI,True,3
ORD100358,2024-04-24,Sports,2311.53,1,0,2311.53,South,Credit Card,False,2
ORD100359,2025-02-15,Fashion,1400.76,1,10,1260.68,Central,UPI,False,5
ORD100360,2024-12-19,Home & Kitchen,5177.63,1,20,4142.1,East,Credit Card,False,5
ORD100361,2024-10-08,Electronics,16168.49,1,0,16168.49,West,Debit Card,False,5
ORD100362,2024-09-07,Beauty,1892.31,2,5,3595.39,East,Debit Card,False,4
ORD100363,2024-04-02,Electronics,32969.8,1,15,28024.33,West,Credit Card,False,5
ORD100364,2025-03-04,Fashion,1162.18,2,5,2208.14,North,UPI,False,1
ORD100365,2025-06-01,Fashion,1277.39,1,5,1213.52,East,COD,True,5
ORD100366,2024-12-06,Electronics,17832.9,2,0,35665.8,South,UPI,False,4
ORD100367,2025-09-10,Fashion,3696.87,1,20,2957.5,South,Net Banking,False,4
ORD100368,2024-02-17,Home & Kitchen,1506.31,1,0,1506.31,West,Credit Card,False,5
ORD100369,2025-04-29,Beauty,1626.32,1,0,1626.32,West,UPI,False,4
ORD100370,2025-07-29,Fashion,1045.79,1,15,888.92,West,Credit Card,False,4
ORD100371,2025-09-07,Fashion,3650.06,1,5,3467.56,North,UPI,False,5
ORD100372,2025-05-28,Home & Kitchen,2579.88,1,0,2579.88,South,Credit Card,False,4
ORD100373,2024-08-09,Home & Kitchen,6585.72,1,0,6585.72,East,Net Banking,False,4
ORD100374,2025-03-12,Home & Kitchen,9955.7,1,15,8462.35,West,Debit Card,False,3
ORD100375,2025-12-09,Home & Kitchen,4672.83,1,5,4439.19,West,Net Banking,False,5
ORD100376,2025-05-18,Beauty,1372.61,1,5,1303.98,Central,COD,False,5
ORD100377,2025-11-18,Fashion,3010.5,1,20,2408.4,Central,Net Banking,False,1
ORD100378,2025-04-03,Fashion,2984.46,1,5,2835.24,West,Credit Card,False,5
ORD100379,2024-04-23,Fashion,367.59,1,15,312.45,South,UPI,False,1
ORD100380,2024-12-04,Sports,3611.11,1,30,2527.78,West,Credit Card,False,4
ORD100381,2025-09-13,Fashion,3105.2,2,5,5899.88,East,Debit Card,False,4
ORD100382,2025-11-08,Home & Kitchen,10388.13,1,0,10388.13,South,Debit Card,False,4
ORD100383,2025-02-28,Sports,1755.18,1,10,1579.66,Central,UPI,False,5
ORD100384,2025-02-09,Beauty,1329.41,1,5,1262.94,East,Net Banking,False,1
ORD100385,2024-10-22,Beauty,1887.64,1,30,1321.35,East,Credit Card,False,3
ORD100386,2025-06-21,Home & Kitchen,3613.35,2,15,6142.7,North,Credit Card,False,2
ORD100387,2025-03-14,Fashion,4603.66,1,20,3682.93,East,UPI,False,5
ORD100388,2025-05-25,Fashion,3765.9,1,0,3765.9,North,UPI,False,5
ORD100389,2024-11-22,Home & Kitchen,11312.97,1,30,7919.08,West,Net Banking,False,3
ORD100390,2024-12-27,Fashion,633.86,1,0,633.86,North,UPI,False,5
ORD100391,2024-12-03,Sports,3798.05,1,0,3798.05,North,UPI,False,4
ORD100392,2024-03-26,Home & Kitchen,1125.75,1,20,900.6,West,UPI,False,4
ORD100393,2024-10-28,Electronics,37575.17,1,0,37575.17,East,Credit Card,False,5
ORD100394,2024-09-03,Fashion,2592.82,1,30,1814.97,South,Debit Card,False,4
ORD100395,2025-02-02,Fashion,1931.19,1,0,1931.19,North,UPI,False,5
ORD100396,2025-12-20,Sports,618.67,1,10,556.8,East,Debit Card,False,5
ORD100397,2024-08-11,Electronics,31886.08,1,0,31886.08,North,COD,False,5
ORD100398,2024-05-11,Home & Kitchen,6079.64,1,30,4255.75,Central,Debit Card,False,3
ORD100399,2025-12-19,Sports,1739.77,2,0,3479.54,Central,COD,False,3
ORD100400,2025-11-28,Fashion,4049.34,1,15,3441.94,West,UPI,False,4
ORD100401,2025-02-09,Fashion,4408.14,1,15,3746.92,East,Credit Card,True,4
ORD100402,2024-09-29,Fashion,1547.24,1,0,1547.24,North,COD,False,5
ORD100403,2024-08-16,Sports,6393.59,1,5,6073.91,West,UPI,False,4
ORD100404,2024-08-25,Home & Kitchen,11994.87,1,15,10195.64,North,UPI,False,4
ORD100405,2025-12-14,Home & Kitchen,7535.5,2,0,15071.0,East,UPI,False,5
ORD100406,2025-10-15,Sports,6470.06,1,5,6146.56,West,COD,False,5
ORD100407,2024-05-18,Home & Kitchen,7484.94,1,10,6736.45,East,UPI,False,5
ORD100408,2025-09-05,Beauty,2792.96,1,0,2792.96,West,Credit Card,False,4
ORD100409,2024-03-03,Fashion,441.49,3,0,1324.47,East,Credit Card,False,3
ORD100410,2024-08-31,Fashion,3212.19,1,15,2730.36,North,UPI,False,1
ORD100411,2025-05-08,Beauty,2162.8,1,15,1838.38,North,UPI,False,5
ORD100412,2025-04-04,Electronics,44638.78,1,0,44638.78,South,COD,False,3
ORD100413,2025-10-15,Electronics,27391.76,1,20,21913.41,North,UPI,False,5
ORD100414,2024-05-31,Home & Kitchen,3567.27,1,15,3032.18,West,UPI,True,4
ORD100415,2024-10-12,Home & Kitchen,5169.89,1,20,4135.91,South,Debit Card,False,3
ORD100416,2025-03-08,Fashion,1907.91,1,15,1621.72,North,Credit Card,False,5
ORD100417,2024-01-25,Sports,1528.17,1,0,1528.17,North,Credit Card,False,4
ORD100418,2025-12-26,Beauty,2027.18,2,10,3648.92,South,Credit Card,False,3
ORD100419,2025-11-23,Fashion,3965.95,1,0,3965.95,Central,UPI,True,5
ORD100420,2024-04-17,Beauty,242.46,1,0,242.46,North,Credit Card,False,5
ORD100421,2025-11-28,Beauty,2953.17,1,5,2805.51,North,UPI,False,4
ORD100422,2024-07-09,Fashion,3185.66,1,10,2867.09,West,Debit Card,False,5
ORD100423,2025-08-24,Beauty,601.17,1,0,601.17,West,UPI,False,5
ORD100424,2025-05-23,Fashion,956.11,1,5,908.3,South,UPI,False,3
ORD100425,2024-01-26,Sports,5629.0,1,20,4503.2,South,UPI,False,5
ORD100426,2025-01-18,Fashion,4662.08,2,0,9324.16,South,Net Banking,True,5
ORD100427,2024-05-01,Home & Kitchen,3085.17,1,15,2622.39,West,Credit Card,False,4
ORD100428,2024-05-07,Electronics,16938.05,1,10,15244.24,North,UPI,False,3
ORD100429,2024-10-10,Beauty,269.46,1,15,229.04,North,UPI,False,4
ORD100430,2025-01-05,Fashion,4231.54,1,5,4019.96,South,UPI,False,4
ORD100431,2025-09-01,Electronics,35471.93,1,15,30151.14,North,Net Banking,False,5
ORD100432,2024-10-14,Fashion,2081.49,2,0,4162.98,East,UPI,False,4
ORD100433,2025-02-04,Sports,4695.54,2,10,8451.97,South,UPI,False,5
ORD100434,2024-05-29,Beauty,1405.63,1,15,1194.79,North,COD,True,5
ORD100435,2024-08-20,Home & Kitchen,8381.33,1,0,8381.33,North,COD,False,4
ORD100436,2024-09-04,Sports,6322.18,1,5,6006.07,West,COD,False,4
ORD100437,2024-04-25,Electronics,2221.77,1,5,2110.68,North,UPI,False,5
ORD100438,2024-09-14,Fashion,1543.22,1,20,1234.58,South,UPI,True,5
ORD100439,2024-09-18,Fashion,434.67,1,15,369.47,South,UPI,False,4
ORD100440,2024-10-09,Home & Kitchen,472.59,1,15,401.7,North,Credit Card,False,3
ORD100441,2025-04-09,Fashion,1067.68,1,0,1067.68,West,COD,False,4
ORD100442,2025-02-03,Fashion,4392.24,1,5,4172.63,East,COD,False,5
ORD100443,2025-04-05,Home & Kitchen,8448.14,1,10,7603.33,West,Debit Card,False,3
ORD100444,2024-05-25,Fashion,1997.05,1,0,1997.05,North,UPI,False,3
ORD100445,2025-01-01,Home & Kitchen,3414.01,2,0,6828.02,North,UPI,False,5
ORD100446,2025-05-31,Beauty,2068.31,2,0,4136.62,West,UPI,False,4
ORD100447,2024-05-14,Electronics,44677.31,1,0,44677.31,North,UPI,False,4
ORD100448,2024-07-05,Home & Kitchen,11828.02,1,5,11236.62,South,UPI,False,5
ORD100449,2024-05-08,Fashion,4691.84,1,0,4691.84,North,Credit Card,False,4
ORD100450,2025-07-12,Fashion,2613.49,1,0,2613.49,West,UPI,False,3
ORD100451,2025-05-07,Electronics,44093.09,1,0,44093.09,North,COD,False,5
ORD100452,2024-04-05,Electronics,1558.56,1,0,1558.56,East,UPI,False,5
ORD100453,2025-06-17,Fashion,581.73,1,0,581.73,West,UPI,False,3
ORD100454,2024-07-19,Home & Kitchen,5171.95,1,10,4654.76,West,Net Banking,False,5
ORD100455,2025-01-20,Home & Kitchen,8801.35,1,10,7921.22,Central,UPI,False,5
ORD100456,2025-11-03,Home & Kitchen,6203.23,1,20,4962.58,South,UPI,False,4
ORD100457,2025-11-14,Home & Kitchen,8494.86,2,10,15290.75,Central,UPI,True,4
ORD100458,2025-04-06,Fashion,3410.62,1,5,3240.09,North,Debit Card,False,5
ORD100459,2025-02-04,Electronics,6992.79,2,15,11887.74,Central,Debit Card,False,4
ORD100460,2024-09-01,Beauty,2372.49,1,15,2016.62,South,UPI,True,4
ORD100461,2024-07-19,Sports,7682.24,1,10,6914.02,West,UPI,False,5
ORD100462,2025-08-30,Fashion,2132.53,1,0,2132.53,Central,Credit Card,False,5
ORD100463,2024-02-27,Sports,4870.36,2,5,9253.68,South,Credit Card,False,5
ORD100464,2025-12-09,Home & Kitchen,4630.18,1,10,4167.16,West,Debit Card,False,4
ORD100465,2024-07-06,Beauty,1914.64,1,15,1627.44,South,Credit Card,False,4
ORD100466,2025-09-18,Fashion,2889.94,1,5,2745.44,East,Credit Card,False,2
ORD100467,2025-10-11,Electronics,26973.06,1,0,26973.06,South,Debit Card,False,4
ORD100468,2025-03-18,Home & Kitchen,10816.05,2,0,21632.1,West,UPI,False,5
ORD100469,2025-07-16,Beauty,2345.77,1,20,1876.62,North,UPI,False,5
ORD100470,2024-03-15,Beauty,1094.35,1,20,875.48,East,UPI,False,5
ORD100471,2024-11-23,Beauty,1056.25,1,5,1003.44,North,UPI,False,4
ORD100472,2025-12-28,Electronics,6465.09,2,5,12283.67,South,Debit Card,False,5
ORD100473,2024-11-10,Electronics,36896.97,2,0,73793.94,North,Credit Card,False,5
ORD100474,2025-05-30,Fashion,1063.93,1,15,904.34,North,UPI,False,5
ORD100475,2024-10-18,Sports,4827.36,1,0,4827.36,East,COD,False,4
ORD100476,2024-09-16,Electronics,8087.88,1,10,7279.09,East,UPI,False,4
ORD100477,2024-09-24,Fashion,1780.55,1,15,1513.47,West,UPI,False,3
ORD100478,2025-08-04,Sports,7782.05,1,10,7003.84,West,Credit Card,False,5
ORD100479,2025-06-07,Electronics,40435.34,1,30,28304.74,North,COD,False,5
ORD100480,2025-11-13,Fashion,921.24,1,0,921.24,East,COD,False,4
ORD100481,2025-08-02,Fashion,527.3,2,0,1054.6,North,Credit Card,True,4
ORD100482,2024-03-25,Sports,3995.87,1,5,3796.08,Central,Credit Card,False,4
ORD100483,2025-02-19,Home & Kitchen,7030.65,1,15,5976.05,West,UPI,False,4
ORD100484,2025-01-21,Fashion,3239.05,1,0,3239.05,North,UPI,True,4
ORD100485,2024-05-01,Home & Kitchen,6006.21,1,0,6006.21,South,UPI,False,5
ORD100486,2024-12-10,Home & Kitchen,10585.19,1,0,10585.19,North,UPI,False,5
ORD100487,2025-01-03,Electronics,42649.73,2,0,85299.46,North,UPI,False,4
ORD100488,2025-03-02,Fashion,1983.26,3,0,5949.78,Central,UPI,False,5
ORD100489,2025-11-02,Electronics,3910.59,1,5,3715.06,North,UPI,False,3
ORD100490,2025-03-07,Sports,4995.2,1,0,4995.2,South,UPI,False,5
ORD100491,2024-06-23,Fashion,3062.18,1,20,2449.74,North,UPI,False,5
ORD100492,2025-01-08,Sports,2305.03,2,15,3918.55,South,Debit Card,False,5
ORD100493,2025-10-28,Electronics,9972.65,2,15,16953.5,West,UPI,False,3
ORD100494,2024-12-08,Fashion,2878.37,1,0,2878.37,East,Debit Card,False,1
ORD100495,2024-03-25,Beauty,1779.6,1,30,1245.72,North,UPI,False,4
ORD100496,2025-04-07,Fashion,1981.71,1,0,1981.71,South,Credit Card,False,4
ORD100497,2024-02-19,Beauty,221.82,1,0,221.82,East,UPI,False,4
ORD100498,2024-06-25,Fashion,2711.92,1,0,2711.92,North,UPI,False,4
ORD100499,2024-09-05,Fashion,330.38,1,0,330.38,North,UPI,False,3
ORD100500,2024-08-28,Home & Kitchen,1106.46,1,5,1051.14,North,UPI,False,4
ORD100501,2024-08-08,Home & Kitchen,1811.67,1,15,1539.92,South,Debit Card,False,5
ORD100502,2025-03-14,Fashion,1563.35,1,5,1485.18,South,Credit Card,False,2
ORD100503,2024-01-10,Beauty,655.38,1,10,589.84,North,UPI,False,5
ORD100504,2024-05-16,Electronics,29747.98,1,0,29747.98,North,UPI,False,5
ORD100505,2025-08-27,Home & Kitchen,9769.53,2,20,15631.25,Central,Debit Card,False,5
ORD100506,2024-04-26,Electronics,11552.02,2,0,23104.04,Central,UPI,False,4
ORD100507,2024-07-17,Fashion,4585.11,1,5,4355.85,South,UPI,False,5
ORD100508,2024-03-29,Sports,2775.39,1,0,2775.39,South,UPI,False,5
ORD100509,2025-12-21,Fashion,3270.49,1,0,3270.49,South,Debit Card,False,1
ORD100510,2024-12-28,Home & Kitchen,11089.56,2,5,21070.16,West,UPI,False,5
ORD100511,2024-08-19,Electronics,35776.7,2,15,60820.39,North,Credit Card,False,4
ORD100512,2025-07-01,Sports,7034.86,1,0,7034.86,East,COD,False,4
ORD100513,2024-04-24,Home & Kitchen,7890.41,1,5,7495.89,North,UPI,True,4
ORD100514,2024-11-23,Electronics,31195.39,1,0,31195.39,West,Net Banking,False,5
ORD100515,2025-01-21,Electronics,29637.42,1,0,29637.42,North,Debit Card,False,5
ORD100516,2025-11-20,Fashion,1090.91,2,10,1963.64,South,Credit Card,False,5
ORD100517,2024-09-26,Sports,7503.99,1,10,6753.59,East,UPI,False,5
ORD100518,2024-10-27,Electronics,19238.34,2,10,34629.01,East,UPI,False,5
ORD100519,2024-09-12,Fashion,3944.87,1,0,3944.87,East,COD,False,4
ORD100520,2025-04-21,Fashion,2746.56,1,0,2746.56,North,UPI,True,4
ORD100521,2024-04-03,Fashion,2420.95,2,5,4599.8,South,Net Banking,False,5
ORD100522,2025-03-17,Home & Kitchen,5260.05,1,0,5260.05,Central,Debit Card,False,4
ORD100523,2025-09-08,Beauty,889.87,1,10,800.88,South,Net Banking,False,5
ORD100524,2024-06-05,Home & Kitchen,3664.16,2,0,7328.32,North,Debit Card,False,4
ORD100525,2025-11-13,Electronics,23789.09,1,15,20220.73,North,Debit Card,False,3
ORD100526,2025-09-16,Fashion,3826.23,1,5,3634.92,West,UPI,False,5
ORD100527,2025-05-13,Home & Kitchen,10392.77,2,0,20785.54,East,UPI,False,4
ORD100528,2024-03-08,Home & Kitchen,3641.57,1,30,2549.1,West,UPI,False,4
ORD100529,2025-10-20,Electronics,19051.42,1,15,16193.71,North,UPI,False,4
ORD100530,2025-09-02,Electronics,9639.91,1,5,9157.91,South,COD,False,5
ORD100531,2025-02-05,Home & Kitchen,10143.97,1,0,10143.97,South,UPI,False,5
ORD100532,2025-04-26,Electronics,29118.44,1,20,23294.75,North,Net Banking,False,2
ORD100533,2025-05-06,Sports,2352.21,2,5,4469.2,South,UPI,False,5
ORD100534,2025-01-25,Home & Kitchen,566.82,2,0,1133.64,South,UPI,False,4
ORD100535,2024-01-10,Home & Kitchen,2254.61,1,0,2254.61,South,Net Banking,False,4
ORD100536,2024-07-29,Home & Kitchen,1771.38,1,5,1682.81,South,UPI,False,5
ORD100537,2025-09-12,Sports,3142.45,1,20,2513.96,North,Debit Card,False,5
ORD100538,2024-06-02,Home & Kitchen,7594.8,1,15,6455.58,East,Debit Card,False,4
ORD100539,2024-02-12,Beauty,2503.93,1,0,2503.93,South,UPI,False,4
ORD100540,2024-05-05,Electronics,27446.32,2,0,54892.64,South,COD,False,5
ORD100541,2025-07-27,Sports,4898.84,1,15,4164.01,North,Credit Card,False,3
ORD100542,2024-08-02,Electronics,39940.25,1,5,37943.24,North,Credit Card,False,5
ORD100543,2024-10-17,Fashion,709.23,1,0,709.23,West,UPI,False,5
ORD100544,2024-04-03,Fashion,823.99,1,0,823.99,West,Credit Card,False,5
ORD100545,2024-04-10,Home & Kitchen,2667.31,1,10,2400.58,North,COD,False,1
ORD100546,2025-09-11,Home & Kitchen,7164.28,1,0,7164.28,North,Credit Card,False,5
ORD100547,2024-04-01,Sports,3678.28,1,10,3310.45,West,UPI,False,5
ORD100548,2025-10-04,Fashion,2325.03,1,15,1976.28,South,Net Banking,False,5
ORD100549,2024-05-08,Beauty,2444.53,2,0,4889.06,South,Debit Card,False,5
ORD100550,2024-08-20,Fashion,3283.3,1,0,3283.3,North,Credit Card,False,1
ORD100551,2025-04-03,Fashion,798.79,1,10,718.91,West,UPI,False,4
ORD100552,2025-11-09,Home & Kitchen,8295.8,1,0,8295.8,Central,UPI,False,5
ORD100553,2024-07-01,Home & Kitchen,2176.48,1,15,1850.01,West,COD,False,4
ORD100554,2024-11-21,Home & Kitchen,1193.91,2,15,2029.65,East,UPI,False,5
ORD100555,2025-10-08,Fashion,4387.35,1,0,4387.35,South,UPI,False,4
ORD100556,2025-02-08,Home & Kitchen,2679.25,1,15,2277.36,West,Debit Card,False,5
ORD100557,2024-11-03,Fashion,1545.88,1,0,1545.88,West,UPI,False,4
ORD100558,2024-04-15,Home & Kitchen,7366.77,1,15,6261.75,West,Credit Card,False,3
ORD100559,2024-09-23,Beauty,673.79,1,10,606.41,East,Credit Card,False,4
ORD100560,2024-01-08,Home & Kitchen,2691.65,2,15,4575.8,South,Credit Card,False,5
ORD100561,2024-01-20,Beauty,540.01,1,20,432.01,South,UPI,False,2
ORD100562,2025-01-12,Fashion,1880.72,2,0,3761.44,East,UPI,False,5
ORD100563,2024-02-08,Fashion,1144.12,1,5,1086.91,South,UPI,False,5
ORD100564,2024-06-28,Fashion,1216.3,1,5,1155.48,Central,Credit Card,False,4
ORD100565,2025-03-30,Fashion,2099.55,1,5,1994.57,West,UPI,False,2
ORD100566,2025-09-13,Fashion,3014.78,1,5,2864.04,East,COD,False,4
ORD100567,2024-06-09,Sports,7014.18,1,10,6312.76,West,UPI,False,4
ORD100568,2024-05-19,Home & Kitchen,9190.21,1,20,7352.17,North,Credit Card,False,5
ORD100569,2024-03-30,Home & Kitchen,3297.03,1,10,2967.33,North,Debit Card,False,5
ORD100570,2025-09-30,Home & Kitchen,10383.75,1,10,9345.38,Central,Credit Card,False,5
ORD100571,2025-05-31,Beauty,1308.29,2,0,2616.58,West,UPI,False,5
ORD100572,2024-12-24,Fashion,3447.85,1,5,3275.46,North,Debit Card,False,5
ORD100573,2025-05-01,Fashion,1486.89,1,0,1486.89,North,UPI,False,4
ORD100574,2025-08-24,Home & Kitchen,643.71,1,15,547.15,West,UPI,False,5
ORD100575,2024-08-13,Fashion,4198.96,1,15,3569.12,Central,Debit Card,False,5
ORD100576,2024-07-18,Fashion,1861.21,1,20,1488.97,Central,UPI,False,4
ORD100577,2024-01-04,Fashion,1438.61,1,20,1150.89,North,UPI,False,4
ORD100578,2025-05-24,Home & Kitchen,7828.42,2,0,15656.84,South,Debit Card,False,5
ORD100579,2025-08-10,Fashion,3789.14,1,0,3789.14,South,UPI,False,3
ORD100580,2024-03-30,Sports,6991.78,1,10,6292.6,East,UPI,False,4
ORD100581,2024-09-03,Home & Kitchen,485.3,1,15,412.5,South,Debit Card,False,4
ORD100582,2025-11-27,Sports,4001.59,1,20,3201.27,South,Credit Card,False,5
ORD100583,2025-05-17,Home & Kitchen,1365.39,2,5,2594.24,North,UPI,False,5
ORD100584,2024-05-30,Fashion,1044.71,1,30,731.3,South,UPI,False,5
ORD100585,2025-04-12,Fashion,1205.58,1,15,1024.74,South,UPI,False,4
ORD100586,2024-02-11,Sports,3072.7,3,5,8757.19,North,Credit Card,False,4
ORD100587,2024-03-18,Beauty,1636.42,1,0,1636.42,North,UPI,False,3
ORD100588,2025-07-28,Fashion,3147.72,1,0,3147.72,East,UPI,False,5
ORD100589,2024-04-04,Beauty,2962.06,1,20,2369.65,West,UPI,False,5
ORD100590,2025-11-24,Sports,4317.19,1,0,4317.19,South,UPI,False,5
ORD100591,2024-08-14,Beauty,1824.74,2,0,3649.48,North,Credit Card,False,4
ORD100592,2025-01-02,Fashion,708.74,1,20,566.99,South,Credit Card,False,1
ORD100593,2025-12-03,Beauty,2852.85,1,20,2282.28,West,UPI,False,5
ORD100594,2024-03-21,Beauty,757.46,2,20,1211.94,North,UPI,False,2
ORD100595,2025-10-25,Beauty,318.29,1,10,286.46,Central,Credit Card,False,5
ORD100596,2024-09-08,Electronics,18226.44,1,0,18226.44,North,UPI,False,5
ORD100597,2024-04-18,Fashion,3615.8,1,10,3254.22,North,UPI,False,4
ORD100598,2025-06-13,Fashion,4844.75,1,10,4360.28,West,UPI,False,5
ORD100599,2025-05-25,Home & Kitchen,4909.71,1,10,4418.74,West,UPI,False,5
ORD100600,2025-02-12,Home & Kitchen,8405.43,2,20,13448.69,North,UPI,False,3
ORD100601,2024-08-04,Fashion,800.14,2,5,1520.27,South,Credit Card,False,3
ORD100602,2025-08-08,Fashion,4882.05,1,10,4393.84,East,Net Banking,False,1
ORD100603,2025-11-14,Beauty,1235.54,1,15,1050.21,North,Net Banking,True,5
ORD100604,2024-03-14,Fashion,1322.66,1,0,1322.66,North,Credit Card,False,4
ORD100605,2024-02-21,Sports,1171.75,1,0,1171.75,South,Debit Card,False,4
ORD100606,2024-09-15,Fashion,4889.35,2,5,9289.76,South,Debit Card,False,4
ORD100607,2024-05-20,Fashion,729.99,1,5,693.49,East,UPI,True,5
ORD100608,2024-06-19,Electronics,19299.44,1,20,15439.55,South,UPI,False,5
ORD100609,2024-01-13,Sports,7323.08,2,0,14646.16,East,Credit Card,False,3
ORD100610,2024-09-15,Beauty,1769.57,1,0,1769.57,South,Debit Card,False,4
ORD100611,2024-08-24,Beauty,1417.19,1,5,1346.33,South,UPI,False,4
ORD100612,2025-10-18,Fashion,2480.73,1,0,2480.73,South,Debit Card,False,5
ORD100613,2025-08-06,Home & Kitchen,5488.33,1,10,4939.5,East,Credit Card,False,2
ORD100614,2025-04-23,Home & Kitchen,1344.79,1,0,1344.79,North,Credit Card,False,4
ORD100615,2025-05-28,Electronics,26949.03,1,10,24254.13,South,UPI,False,5
ORD100616,2024-11-09,Beauty,1934.26,1,0,1934.26,South,COD,False,4
ORD100617,2025-07-13,Beauty,2913.05,1,0,2913.05,West,UPI,False,4
ORD100618,2025-01-06,Sports,2476.64,1,10,2228.98,Central,UPI,False,4
ORD100619,2024-04-20,Fashion,401.73,1,10,361.56,East,UPI,False,5
ORD100620,2024-02-20,Sports,3793.48,1,0,3793.48,North,Credit Card,False,5
ORD100621,2024-04-23,Fashion,3986.08,2,5,7573.55,East,UPI,False,4
ORD100622,2024-12-11,Fashion,1969.83,1,0,1969.83,South,UPI,False,2
ORD100623,2024-07-26,Home & Kitchen,10488.47,2,5,19928.09,North,Debit Card,False,4
ORD100624,2025-08-31,Fashion,4242.54,2,10,7636.57,North,UPI,False,5
ORD100625,2024-01-31,Beauty,288.98,2,10,520.16,East,Credit Card,False,5
ORD100626,2025-07-02,Beauty,2628.41,1,0,2628.41,East,Net Banking,True,2
ORD100627,2024-03-13,Home & Kitchen,9906.15,1,0,9906.15,Central,COD,False,4
ORD100628,2025-07-07,Beauty,2189.52,1,0,2189.52,South,UPI,False,5
ORD100629,2025-12-06,Sports,7720.49,1,10,6948.44,South,Net Banking,False,5
ORD100630,2025-06-19,Beauty,2067.57,1,0,2067.57,East,UPI,False,2
ORD100631,2024-12-03,Home & Kitchen,2331.44,1,5,2214.87,Central,UPI,False,5
ORD100632,2024-08-30,Home & Kitchen,10976.71,1,0,10976.71,North,Debit Card,False,5
ORD100633,2025-01-28,Fashion,2405.47,1,0,2405.47,Central,COD,True,5
ORD100634,2024-06-09,Fashion,1517.12,2,0,3034.24,East,COD,False,5
ORD100635,2024-01-01,Fashion,4744.86,1,5,4507.62,North,Net Banking,False,5
ORD100636,2024-11-22,Home & Kitchen,6353.82,1,10,5718.44,North,UPI,False,3
ORD100637,2025-09-06,Fashion,1378.15,1,0,1378.15,North,UPI,False,4
ORD100638,2025-05-28,Electronics,19978.08,1,10,17980.27,East,COD,False,5
ORD100639,2024-07-29,Fashion,4053.21,1,20,3242.57,West,Credit Card,False,4
ORD100640,2024-02-01,Electronics,26444.28,1,20,21155.42,North,COD,False,4
ORD100641,2024-04-23,Electronics,13157.88,2,15,22368.4,North,Debit Card,True,4
ORD100642,2025-12-20,Home & Kitchen,2094.72,2,30,2932.61,West,UPI,False,5
ORD100643,2024-12-07,Sports,1830.14,1,5,1738.63,East,UPI,False,5
ORD100644,2024-08-21,Home & Kitchen,11866.49,1,0,11866.49,South,UPI,False,5
ORD100645,2024-03-02,Fashion,715.47,1,5,679.7,South,Debit Card,False,3
ORD100646,2024-06-20,Electronics,2306.11,1,0,2306.11,East,COD,False,5
ORD100647,2025-11-03,Fashion,3630.34,1,10,3267.31,North,UPI,False,5
ORD100648,2024-07-06,Fashion,4135.47,1,10,3721.92,West,UPI,False,5
ORD100649,2025-07-11,Fashion,978.27,1,10,880.44,North,Credit Card,False,3
ORD100650,2024-04-24,Home & Kitchen,10630.92,2,20,17009.47,West,UPI,False,3
ORD100651,2025-12-02,Electronics,2368.82,1,0,2368.82,West,Debit Card,False,5
ORD100652,2025-06-07,Fashion,4916.6,1,5,4670.77,South,UPI,False,5
ORD100653,2024-01-18,Beauty,233.13,1,0,233.13,East,UPI,False,4
ORD100654,2025-07-11,Home & Kitchen,6963.88,2,20,11142.21,North,Credit Card,False,5
ORD100655,2024-05-29,Electronics,10971.03,1,5,10422.48,South,COD,False,5
ORD100656,2025-12-25,Fashion,1002.35,2,15,1704.0,North,UPI,False,5
ORD100657,2025-09-23,Beauty,1343.93,1,20,1075.14,South,Debit Card,False,4
ORD100658,2024-04-30,Fashion,4822.4,3,15,12297.12,West,Debit Card,False,5
ORD100659,2024-01-24,Electronics,15894.79,1,5,15100.05,West,Debit Card,False,4
ORD100660,2024-11-18,Fashion,2232.3,1,30,1562.61,South,UPI,True,5
ORD100661,2024-11-29,Beauty,567.83,1,0,567.83,North,Debit Card,False,5
ORD100662,2025-01-13,Electronics,6535.56,2,5,12417.56,West,Credit Card,False,5
ORD100663,2025-11-15,Electronics,42237.46,2,15,71803.68,West,UPI,False,2
ORD100664,2025-08-28,Electronics,24884.78,1,5,23640.54,Central,Credit Card,False,4
ORD100665,2024-04-10,Beauty,190.96,1,15,162.32,North,Credit Card,False,4
ORD100666,2024-01-26,Electronics,31272.94,1,5,29709.29,North,Debit Card,False,5
ORD100667,2024-11-27,Home & Kitchen,2223.57,3,10,6003.64,North,UPI,False,5
ORD100668,2024-06-09,Sports,2049.01,1,0,2049.01,East,Credit Card,False,4
ORD100669,2025-11-13,Sports,6921.15,1,0,6921.15,West,UPI,False,4
ORD100670,2024-08-01,Beauty,816.02,1,5,775.22,West,Net Banking,False,4
ORD100671,2025-04-18,Electronics,14077.45,1,15,11965.83,West,UPI,False,5
ORD100672,2025-02-01,Sports,4351.38,2,10,7832.48,East,Net Banking,False,5
ORD100673,2024-03-13,Fashion,560.54,1,5,532.51,South,Credit Card,False,5
ORD100674,2024-07-20,Home & Kitchen,4274.93,1,15,3633.69,North,Net Banking,False,4
ORD100675,2024-01-16,Fashion,3541.04,2,10,6373.87,South,Credit Card,False,4
ORD100676,2025-02-07,Fashion,1444.3,1,15,1227.66,North,Debit Card,False,4
ORD100677,2024-08-13,Fashion,3697.01,2,10,6654.62,South,Net Banking,False,3
ORD100678,2025-09-09,Beauty,1372.32,1,0,1372.32,South,UPI,False,3
ORD100679,2025-09-19,Home & Kitchen,8923.21,1,10,8030.89,North,Debit Card,False,5
ORD100680,2024-02-22,Fashion,3458.68,1,0,3458.68,South,Net Banking,False,5
ORD100681,2025-09-04,Beauty,478.19,1,0,478.19,West,UPI,False,5
ORD100682,2024-02-28,Home & Kitchen,8512.86,1,15,7235.93,South,UPI,False,5
ORD100683,2024-04-27,Beauty,629.14,1,5,597.68,Central,UPI,False,3
ORD100684,2024-01-21,Beauty,1590.26,1,15,1351.72,Central,Debit Card,False,5
ORD100685,2025-06-04,Electronics,33251.67,2,0,66503.34,East,Debit Card,False,4
ORD100686,2025-06-01,Fashion,2036.14,1,10,1832.53,East,UPI,False,4
ORD100687,2024-06-04,Home & Kitchen,2837.37,1,5,2695.5,North,UPI,False,3
ORD100688,2024-10-16,Fashion,734.83,1,0,734.83,East,UPI,False,3
ORD100689,2025-11-04,Sports,5081.95,1,0,5081.95,West,COD,False,4
ORD100690,2024-11-04,Beauty,2093.09,2,5,3976.87,West,Net Banking,False,4
ORD100691,2025-09-30,Fashion,1011.63,1,5,961.05,West,UPI,True,3
ORD100692,2025-02-12,Sports,1028.04,1,10,925.24,Central,Credit Card,False,4
ORD100693,2025-04-15,Beauty,1986.01,1,20,1588.81,Central,UPI,False,5
ORD100694,2024-08-21,Beauty,1879.14,1,0,1879.14,North,Credit Card,False,4
ORD100695,2024-05-26,Fashion,843.35,1,10,759.02,East,Net Banking,False,3
ORD100696,2025-04-03,Sports,1674.6,3,20,4019.04,North,Net Banking,False,5
ORD100697,2024-12-14,Sports,5531.49,1,10,4978.34,East,UPI,False,5
ORD100698,2024-06-03,Fashion,4186.28,1,0,4186.28,South,Credit Card,False,3
ORD100699,2024-03-27,Home & Kitchen,1387.67,1,5,1318.29,Central,UPI,False,5
ORD100700,2024-11-17,Fashion,691.31,1,5,656.74,South,Net Banking,False,4
ORD100701,2024-09-29,Fashion,2026.5,1,20,1621.2,South,Debit Card,False,4
ORD100702,2024-07-15,Fashion,2941.16,1,0,2941.16,East,Credit Card,False,4
ORD100703,2024-07-13,Electronics,9910.26,2,10,17838.47,West,UPI,False,4
ORD100704,2024-12-25,Fashion,2281.1,1,15,1938.94,Central,Debit Card,False,5
ORD100705,2025-12-14,Home & Kitchen,9746.86,2,10,17544.35,North,COD,False,1
ORD100706,2024-03-30,Electronics,35250.44,1,10,31725.4,South,COD,False,2
ORD100707,2024-04-02,Fashion,1429.15,1,0,1429.15,West,Debit Card,False,2
ORD100708,2024-09-26,Sports,5115.89,1,0,5115.89,North,Debit Card,False,5
ORD100709,2025-01-05,Sports,5004.01,1,0,5004.01,South,Debit Card,False,5
ORD100710,2024-02-21,Fashion,2955.28,1,15,2511.99,East,COD,False,4
ORD100711,2025-07-29,Fashion,2370.83,2,20,3793.33,North,COD,False,5
ORD100712,2025-09-08,Fashion,1778.56,1,15,1511.78,North,UPI,False,3
ORD100713,2024-04-12,Fashion,4463.83,1,15,3794.26,South,COD,False,2
ORD100714,2024-07-28,Fashion,2349.53,1,5,2232.05,West,Credit Card,False,5
ORD100715,2025-08-04,Fashion,2606.81,1,10,2346.13,East,UPI,False,4
ORD100716,2025-11-06,Fashion,398.87,1,10,358.98,Central,Credit Card,True,5
ORD100717,2024-11-13,Beauty,2991.02,1,10,2691.92,North,Debit Card,False,5
ORD100718,2025-01-28,Sports,5683.29,2,5,10798.25,West,Net Banking,False,4
ORD100719,2024-09-23,Sports,5947.28,1,10,5352.55,Central,Debit Card,False,4
ORD100720,2024-11-18,Electronics,24475.73,1,10,22028.16,North,UPI,False,5
ORD100721,2025-01-30,Fashion,2294.55,1,0,2294.55,West,UPI,False,4
ORD100722,2024-08-21,Sports,3584.98,1,15,3047.23,North,UPI,False,1
ORD100723,2025-03-16,Electronics,36631.73,1,0,36631.73,South,COD,False,5
ORD100724,2025-12-02,Electronics,5453.13,2,15,9270.32,Central,UPI,False,4
ORD100725,2025-08-15,Beauty,682.69,1,15,580.29,West,UPI,False,5
ORD100726,2025-06-21,Fashion,842.88,1,0,842.88,North,Debit Card,False,4
ORD100727,2024-06-13,Home & Kitchen,2586.6,2,5,4914.54,South,COD,False,5
ORD100728,2025-03-24,Fashion,3794.93,1,10,3415.44,East,UPI,False,5
ORD100729,2025-10-25,Fashion,548.8,1,5,521.36,East,UPI,False,3
ORD100730,2025-10-14,Home & Kitchen,4357.33,1,0,4357.33,East,COD,False,2
ORD100731,2024-10-01,Fashion,4650.24,1,15,3952.7,North,Debit Card,False,4
ORD100732,2025-01-18,Electronics,9811.2,1,0,9811.2,East,Credit Card,False,4
ORD100733,2025-02-04,Sports,718.43,1,5,682.51,East,COD,False,4
ORD100734,2024-12-21,Fashion,1514.45,2,5,2877.46,West,Debit Card,False,2
ORD100735,2024-05-04,Electronics,33189.49,1,5,31530.02,North,UPI,False,5
ORD100736,2025-10-12,Beauty,2336.44,3,10,6308.39,East,UPI,False,5
ORD100737,2024-05-07,Home & Kitchen,7816.75,1,10,7035.08,North,UPI,False,4
ORD100738,2024-07-21,Home & Kitchen,8490.39,1,5,8065.87,West,COD,False,5
ORD100739,2025-08-22,Electronics,39127.28,1,5,37170.92,East,Credit Card,False,2
ORD100740,2025-04-11,Beauty,1745.19,1,5,1657.93,West,COD,False,4
ORD100741,2024-09-26,Beauty,583.14,1,20,466.51,North,Net Banking,False,5
ORD100742,2025-02-25,Home & Kitchen,10543.91,1,10,9489.52,North,Net Banking,False,5
ORD100743,2025-01-21,Electronics,17710.59,1,0,17710.59,West,UPI,False,5
ORD100744,2024-02-25,Home & Kitchen,8994.25,1,10,8094.82,South,UPI,True,1
ORD100745,2025-10-02,Fashion,2210.11,2,10,3978.2,East,COD,False,4
ORD100746,2025-11-17,Beauty,2497.67,2,5,4745.57,North,UPI,False,2
ORD100747,2025-12-30,Beauty,1368.86,1,0,1368.86,East,Net Banking,False,1
ORD100748,2024-02-06,Electronics,19623.67,1,10,17661.3,Central,UPI,False,5
ORD100749,2025-09-28,Electronics,6426.09,1,15,5462.18,West,Credit Card,False,5
ORD100750,2024-08-02,Beauty,475.42,1,0,475.42,North,Credit Card,False,5
ORD100751,2025-10-31,Sports,2651.35,1,30,1855.94,East,Credit Card,False,5
ORD100752,2025-12-08,Fashion,1650.03,1,0,1650.03,South,UPI,False,4
ORD100753,2024-10-03,Sports,910.59,1,5,865.06,West,COD,False,5
ORD100754,2025-12-16,Sports,4629.09,2,5,8795.27,South,UPI,False,4
ORD100755,2025-10-12,Electronics,24416.55,1,5,23195.72,East,Net Banking,False,5
ORD100756,2025-10-17,Beauty,1759.8,1,10,1583.82,West,Credit Card,False,4
ORD100757,2025-04-04,Sports,4982.1,2,10,8967.78,Central,COD,False,5
ORD100758,2025-08-06,Fashion,1303.63,1,20,1042.9,North,Credit Card,False,5
ORD100759,2025-09-20,Electronics,17448.74,1,0,17448.74,East,Credit Card,False,5
ORD100760,2024-03-08,Home & Kitchen,4239.51,2,10,7631.12,South,Net Banking,False,4
ORD100761,2025-04-21,Home & Kitchen,7388.32,1,10,6649.49,North,COD,False,2
ORD100762,2025-11-16,Sports,7683.25,1,5,7299.09,North,Credit Card,False,4
ORD100763,2025-03-31,Electronics,28470.06,1,0,28470.06,South,UPI,False,5
ORD100764,2024-05-11,Electronics,1925.4,1,5,1829.13,Central,COD,False,4
ORD100765,2024-10-11,Electronics,23684.35,1,5,22500.13,South,COD,False,1
ORD100766,2024-01-19,Fashion,2282.34,1,20,1825.87,East,Debit Card,False,4
ORD100767,2025-10-20,Fashion,4065.47,1,0,4065.47,South,UPI,False,5
ORD100768,2024-07-31,Home & Kitchen,5178.58,2,20,8285.73,West,Credit Card,False,4
ORD100769,2024-04-15,Fashion,3693.32,2,0,7386.64,South,UPI,False,4
ORD100770,2025-12-17,Fashion,3901.63,1,20,3121.3,East,UPI,False,5
ORD100771,2025-09-15,Electronics,11447.18,2,15,19460.21,North,COD,False,4
ORD100772,2024-06-25,Sports,5309.49,1,15,4513.07,Central,Credit Card,False,5
ORD100773,2025-12-18,Home & Kitchen,3858.54,1,20,3086.83,South,UPI,False,5
ORD100774,2024-06-05,Home & Kitchen,10258.17,1,15,8719.44,West,Net Banking,True,3
ORD100775,2024-12-08,Home & Kitchen,11243.94,2,0,22487.88,West,UPI,False,5
ORD100776,2024-10-18,Fashion,3561.22,1,10,3205.1,Central,UPI,False,2
ORD100777,2024-02-26,Fashion,4206.86,1,5,3996.52,South,Net Banking,False,5
ORD100778,2025-10-03,Fashion,372.84,1,0,372.84,North,COD,True,5
ORD100779,2024-02-20,Fashion,3778.08,1,15,3211.37,East,Credit Card,True,5
ORD100780,2025-06-05,Fashion,1015.47,1,0,1015.47,East,Credit Card,False,5
ORD100781,2025-06-20,Sports,1652.63,2,15,2809.47,South,Debit Card,False,5
ORD100782,2024-09-13,Fashion,3728.75,1,0,3728.75,South,Net Banking,False,4
ORD100783,2025-01-20,Fashion,2478.69,2,0,4957.38,West,COD,False,4
ORD100784,2024-07-01,Home & Kitchen,9430.78,1,5,8959.24,South,UPI,False,4
ORD100785,2025-01-07,Electronics,2345.91,3,10,6333.96,North,Credit Card,False,5
ORD100786,2025-12-19,Beauty,1106.49,1,0,1106.49,North,Credit Card,False,4
ORD100787,2025-10-01,Electronics,44764.85,1,0,44764.85,South,Credit Card,False,2
ORD100788,2024-02-22,Fashion,4481.82,1,30,3137.27,Central,UPI,False,4
ORD100789,2025-10-29,Home & Kitchen,6525.35,3,20,15660.84,South,UPI,False,5
ORD100790,2024-04-01,Beauty,337.62,1,0,337.62,West,Credit Card,False,5
ORD100791,2025-07-22,Electronics,34805.88,1,5,33065.59,Central,UPI,False,5
ORD100792,2024-10-31,Electronics,22660.24,1,10,20394.22,North,COD,False,5
ORD100793,2024-04-05,Fashion,4687.89,1,0,4687.89,South,Credit Card,False,3
ORD100794,2025-08-12,Sports,7176.66,1,10,6458.99,South,Debit Card,False,5
ORD100795,2024-03-13,Electronics,39107.55,1,10,35196.8,East,UPI,False,4
ORD100796,2024-05-28,Sports,6633.88,1,15,5638.8,North,Credit Card,False,5
ORD100797,2024-02-13,Fashion,2656.77,1,0,2656.77,South,Credit Card,False,4
ORD100798,2025-12-12,Electronics,7804.56,1,5,7414.33,South,UPI,False,4
ORD100799,2024-04-23,Electronics,34827.83,2,15,59207.31,East,COD,False,5
ORD100800,2024-07-29,Fashion,2606.26,1,5,2475.95,West,Credit Card,False,4
ORD100801,2024-07-21,Home & Kitchen,2110.47,1,0,2110.47,North,UPI,False,5
ORD100802,2024-08-08,Fashion,2841.56,3,20,6819.74,North,COD,False,1
ORD100803,2025-06-26,Fashion,516.53,1,5,490.7,North,Debit Card,False,5
ORD100804,2024-12-21,Sports,6346.65,1,0,6346.65,North,Debit Card,False,3
ORD100805,2024-11-01,Beauty,2582.18,2,10,4647.92,South,UPI,False,5
ORD100806,2025-01-19,Sports,6392.52,1,10,5753.27,North,Net Banking,False,3
ORD100807,2024-11-01,Fashion,2578.84,1,10,2320.96,North,Credit Card,False,4
ORD100808,2024-02-07,Electronics,34489.74,1,0,34489.74,North,COD,False,5
ORD100809,2024-02-25,Sports,7457.56,2,15,12677.85,West,UPI,False,4
ORD100810,2024-11-19,Electronics,44054.55,1,10,39649.1,North,Credit Card,False,5
ORD100811,2024-02-26,Electronics,41247.15,2,5,78369.58,South,UPI,False,5
ORD100812,2025-12-04,Fashion,325.37,1,5,309.1,West,UPI,False,4
ORD100813,2024-03-01,Fashion,4123.01,1,15,3504.56,North,Credit Card,False,5
ORD100814,2025-04-02,Sports,4388.7,1,15,3730.39,Central,UPI,False,3
ORD100815,2024-01-17,Home & Kitchen,10024.47,1,10,9022.02,North,Credit Card,False,5
ORD100816,2025-12-24,Sports,2969.91,1,0,2969.91,West,COD,False,3
ORD100817,2025-03-02,Sports,5783.7,1,15,4916.14,South,UPI,False,5
ORD100818,2024-11-11,Fashion,4534.27,1,0,4534.27,North,UPI,False,4
ORD100819,2025-07-26,Home & Kitchen,8332.97,1,10,7499.67,East,UPI,False,5
ORD100820,2025-11-18,Fashion,2291.9,1,10,2062.71,North,UPI,False,5
ORD100821,2025-08-29,Home & Kitchen,3298.86,1,0,3298.86,South,Credit Card,False,4
ORD100822,2024-03-30,Home & Kitchen,4259.72,1,5,4046.73,South,Credit Card,False,5
ORD100823,2025-11-02,Sports,2741.47,1,0,2741.47,East,UPI,False,4
ORD100824,2025-11-17,Fashion,772.91,1,15,656.97,North,UPI,False,5
ORD100825,2025-08-23,Beauty,1633.3,2,0,3266.6,North,Debit Card,False,3
ORD100826,2024-08-20,Home & Kitchen,4340.06,1,0,4340.06,East,UPI,False,4
ORD100827,2025-03-26,Fashion,3138.82,2,5,5963.76,North,UPI,False,4
ORD100828,2024-11-28,Sports,3262.22,1,15,2772.89,West,Debit Card,False,4
ORD100829,2025-12-17,Fashion,394.22,1,0,394.22,East,UPI,False,2
ORD100830,2024-09-04,Beauty,381.02,1,30,266.71,East,Net Banking,False,4
ORD100831,2024-11-07,Fashion,2976.57,2,10,5357.83,West,COD,False,4
ORD100832,2025-09-25,Sports,2571.79,1,20,2057.43,South,UPI,False,5
ORD100833,2025-01-17,Beauty,2987.13,1,15,2539.06,South,UPI,False,5
ORD100834,2024-04-15,Beauty,1075.14,1,10,967.63,West,UPI,False,5
ORD100835,2025-09-30,Home & Kitchen,7829.61,1,5,7438.13,West,UPI,False,4
ORD100836,2025-06-04,Electronics,10014.95,2,0,20029.9,West,Net Banking,False,5
ORD100837,2025-12-08,Sports,3942.27,1,15,3350.93,Central,UPI,False,4
ORD100838,2024-06-21,Home & Kitchen,5615.35,1,0,5615.35,East,Net Banking,True,5
ORD100839,2024-01-11,Fashion,1675.56,1,20,1340.45,North,Net Banking,True,4
ORD100840,2024-07-10,Home & Kitchen,2117.97,1,5,2012.07,North,COD,False,5
ORD100841,2024-01-09,Beauty,1207.65,1,0,1207.65,East,Debit Card,False,5
ORD100842,2025-05-31,Home & Kitchen,1260.44,1,15,1071.37,West,UPI,False,4
ORD100843,2025-11-19,Electronics,44887.9,1,10,40399.11,Central,UPI,False,3
ORD100844,2025-03-12,Home & Kitchen,4302.82,1,0,4302.82,Central,UPI,False,4
ORD100845,2024-11-25,Fashion,3798.77,3,10,10256.68,North,Debit Card,False,5
ORD100846,2024-02-08,Sports,3803.26,2,10,6845.87,North,Credit Card,False,5
ORD100847,2025-07-19,Sports,7415.37,1,20,5932.3,Central,UPI,False,4
ORD100848,2025-07-14,Beauty,1974.55,1,5,1875.82,East,UPI,False,2
ORD100849,2024-09-16,Beauty,2294.37,1,0,2294.37,West,UPI,False,5
ORD100850,2024-09-18,Beauty,1002.19,1,0,1002.19,East,Debit Card,False,4
ORD100851,2025-03-02,Beauty,1749.86,2,30,2449.8,South,COD,False,4
ORD100852,2024-06-11,Fashion,4668.68,1,10,4201.81,West,Credit Card,False,3
ORD100853,2024-05-26,Home & Kitchen,8740.29,1,20,6992.23,East,UPI,False,5
ORD100854,2025-05-31,Sports,2484.87,1,15,2112.14,East,UPI,False,2
ORD100855,2024-08-10,Home & Kitchen,9239.58,1,0,9239.58,South,Credit Card,False,5
ORD100856,2024-12-30,Electronics,7789.22,1,0,7789.22,South,UPI,False,5
ORD100857,2025-12-21,Sports,910.9,1,10,819.81,East,UPI,True,5
ORD100858,2025-07-24,Electronics,29072.47,2,15,49423.2,East,UPI,False,3
ORD100859,2025-03-25,Beauty,2970.75,1,0,2970.75,West,UPI,False,3
ORD100860,2025-02-20,Home & Kitchen,1886.98,1,10,1698.28,East,COD,False,5
ORD100861,2024-07-06,Electronics,5021.31,1,20,4017.05,Central,Credit Card,False,5
ORD100862,2024-01-22,Home & Kitchen,4329.5,1,0,4329.5,South,UPI,True,4
ORD100863,2025-07-31,Beauty,2707.3,1,10,2436.57,South,Debit Card,False,4
ORD100864,2025-06-16,Fashion,4306.42,1,10,3875.78,East,UPI,False,5
ORD100865,2025-03-14,Beauty,152.04,2,10,273.67,North,UPI,False,4
ORD100866,2025-11-01,Home & Kitchen,4092.88,1,20,3274.3,North,UPI,False,2
ORD100867,2024-02-28,Electronics,20270.6,1,0,20270.6,Central,COD,False,4
ORD100868,2024-09-01,Fashion,2235.71,1,20,1788.57,Central,UPI,False,4
ORD100869,2025-05-16,Fashion,889.96,2,20,1423.94,North,Credit Card,False,5
ORD100870,2024-09-06,Fashion,4384.77,1,15,3727.05,North,Debit Card,False,4
ORD100871,2024-06-17,Sports,749.92,2,5,1424.85,East,Net Banking,False,4
ORD100872,2025-05-05,Fashion,2229.46,1,0,2229.46,North,UPI,True,5
ORD100873,2024-05-25,Fashion,4873.78,1,30,3411.65,South,Credit Card,False,5
ORD100874,2024-08-08,Fashion,3171.04,2,10,5707.87,South,Debit Card,True,2
ORD100875,2025-06-26,Fashion,2883.22,2,5,5478.12,West,UPI,False,4
ORD100876,2024-06-11,Home & Kitchen,9976.16,1,5,9477.35,South,Net Banking,False,4
ORD100877,2024-11-02,Fashion,4459.16,1,15,3790.29,South,UPI,False,4
ORD100878,2025-11-26,Beauty,399.59,2,10,719.26,North,UPI,False,5
ORD100879,2025-04-25,Electronics,6448.65,1,5,6126.22,Central,UPI,False,4
ORD100880,2025-10-14,Home & Kitchen,1627.28,1,15,1383.19,South,COD,True,4
ORD100881,2025-12-19,Electronics,16784.99,3,5,47837.22,East,COD,False,4
ORD100882,2024-11-06,Electronics,28685.05,1,5,27250.8,North,UPI,False,5
ORD100883,2025-04-22,Beauty,2754.23,2,0,5508.46,West,Credit Card,False,5
ORD100884,2025-05-24,Sports,1463.87,1,0,1463.87,South,COD,False,5
ORD100885,2025-01-15,Electronics,40904.45,1,5,38859.23,South,UPI,False,5
ORD100886,2025-06-27,Home & Kitchen,9143.85,1,5,8686.66,West,Net Banking,False,5
ORD100887,2025-12-16,Beauty,2016.11,1,10,1814.5,Central,Debit Card,False,4
ORD100888,2025-10-26,Beauty,2245.99,1,0,2245.99,South,UPI,False,3
ORD100889,2024-08-28,Home & Kitchen,1055.21,1,10,949.69,North,Debit Card,False,4
ORD100890,2025-11-01,Home & Kitchen,5693.38,2,15,9678.75,South,UPI,False,5
ORD100891,2025-04-10,Fashion,2764.85,2,5,5253.21,West,COD,False,5
ORD100892,2024-09-19,Fashion,4115.88,1,30,2881.12,North,UPI,False,4
ORD100893,2025-03-31,Electronics,32277.24,1,15,27435.65,South,UPI,False,5
ORD100894,2024-05-15,Home & Kitchen,9376.09,1,0,9376.09,South,Credit Card,False,4
ORD100895,2024-04-14,Sports,1773.19,3,0,5319.57,North,Net Banking,False,4
ORD100896,2024-11-14,Electronics,32621.47,1,0,32621.47,East,Credit Card,False,4
ORD100897,2024-10-18,Fashion,966.67,1,5,918.34,East,UPI,False,4
ORD100898,2024-08-08,Fashion,2051.24,1,30,1435.87,East,COD,False,3
ORD100899,2024-12-11,Fashion,3048.36,2,30,4267.7,Central,COD,False,3
ORD100900,2025-03-02,Home & Kitchen,8343.37,1,0,8343.37,South,UPI,False,4
ORD100901,2025-02-10,Beauty,1845.62,1,10,1661.06,North,Debit Card,False,1
ORD100902,2024-11-02,Electronics,42112.27,2,10,75802.09,East,Credit Card,False,3
ORD100903,2025-02-14,Fashion,3193.91,1,0,3193.91,North,Debit Card,False,4
ORD100904,2025-03-15,Sports,666.52,1,15,566.54,South,UPI,False,3
ORD100905,2024-04-08,Sports,1291.99,1,15,1098.19,South,UPI,False,5
ORD100906,2024-06-23,Electronics,19797.42,1,0,19797.42,North,Net Banking,False,5
ORD100907,2025-09-22,Home & Kitchen,7950.05,1,10,7155.04,South,UPI,False,2
ORD100908,2024-03-23,Electronics,1795.29,1,0,1795.29,South,COD,False,4
ORD100909,2024-09-29,Fashion,1852.45,1,10,1667.21,North,UPI,False,5
ORD100910,2025-04-24,Home & Kitchen,8392.4,1,0,8392.4,South,COD,False,5
ORD100911,2024-02-03,Fashion,897.06,1,20,717.65,West,COD,False,5
ORD100912,2025-10-12,Beauty,1195.94,1,15,1016.55,Central,Net Banking,False,4
ORD100913,2024-02-28,Fashion,1090.82,1,0,1090.82,East,Credit Card,False,4
ORD100914,2024-11-04,Beauty,1832.71,1,15,1557.8,East,UPI,False,5
ORD100915,2025-11-06,Electronics,19411.02,1,10,17469.92,Central,Net Banking,False,5
ORD100916,2024-06-02,Electronics,28589.25,1,0,28589.25,North,UPI,False,4
ORD100917,2025-09-11,Home & Kitchen,5921.84,2,5,11251.5,East,Credit Card,False,5
ORD100918,2024-01-29,Electronics,36973.72,1,10,33276.35,East,Debit Card,False,4
ORD100919,2024-09-21,Fashion,424.3,1,0,424.3,West,Net Banking,False,3
ORD100920,2024-03-25,Sports,5542.09,2,30,7758.93,East,UPI,False,5
ORD100921,2024-06-26,Beauty,1910.43,1,15,1623.87,West,UPI,False,4
ORD100922,2025-12-20,Electronics,10249.44,1,10,9224.5,South,UPI,True,5
ORD100923,2025-04-19,Fashion,1703.76,2,0,3407.52,North,UPI,False,4
ORD100924,2025-03-12,Home & Kitchen,8655.51,1,0,8655.51,Central,Net Banking,False,5
ORD100925,2025-10-04,Home & Kitchen,9715.68,1,20,7772.54,South,Credit Card,False,5
ORD100926,2025-01-07,Home & Kitchen,2485.65,1,20,1988.52,North,Debit Card,False,3
ORD100927,2025-08-08,Fashion,4822.82,2,10,8681.08,North,UPI,False,4
ORD100928,2025-04-17,Electronics,8396.32,2,5,15953.01,North,Debit Card,False,5
ORD100929,2025-03-10,Sports,6972.28,1,0,6972.28,South,UPI,False,5
ORD100930,2024-08-14,Fashion,1102.57,1,0,1102.57,South,UPI,False,2
ORD100931,2025-08-26,Beauty,1752.78,1,5,1665.14,East,UPI,False,3
ORD100932,2025-11-06,Sports,5867.47,1,5,5574.1,West,COD,False,5
ORD100933,2025-05-14,Home & Kitchen,6645.26,1,20,5316.21,South,UPI,True,4
ORD100934,2025-08-24,Fashion,4986.52,1,0,4986.52,West,Credit Card,False,3
ORD100935,2025-09-14,Home & Kitchen,3342.25,1,5,3175.14,West,UPI,False,1
ORD100936,2024-01-08,Sports,727.85,1,0,727.85,South,UPI,False,4
ORD100937,2025-07-10,Beauty,2057.38,1,10,1851.64,South,UPI,False,5
ORD100938,2024-05-14,Sports,1381.07,1,20,1104.86,East,Debit Card,False,5
ORD100939,2025-12-26,Beauty,713.8,2,10,1284.84,West,Credit Card,False,5
ORD100940,2024-04-24,Electronics,14934.86,1,0,14934.86,North,UPI,False,3
ORD100941,2024-12-18,Sports,5786.83,1,0,5786.83,South,Credit Card,False,4
ORD100942,2025-12-12,Fashion,467.24,1,0,467.24,North,Net Banking,False,4
ORD100943,2024-03-08,Sports,1893.74,3,5,5397.16,North,UPI,False,5
ORD100944,2025-09-26,Home & Kitchen,11153.07,1,15,9480.11,North,Credit Card,False,4
ORD100945,2024-06-18,Fashion,3362.9,1,0,3362.9,North,UPI,False,4
ORD100946,2024-04-28,Fashion,1065.05,1,0,1065.05,South,Credit Card,True,4
ORD100947,2025-11-18,Beauty,2088.13,1,5,1983.72,East,UPI,False,4
ORD100948,2025-12-27,Sports,6005.81,1,10,5405.23,South,Credit Card,False,4
ORD100949,2024-12-28,Fashion,749.74,2,5,1424.51,South,Debit Card,True,5
ORD100950,2024-11-14,Beauty,2510.41,1,10,2259.37,West,UPI,False,4
ORD100951,2025-07-06,Fashion,1249.79,2,5,2374.6,South,UPI,False,2
ORD100952,2024-07-30,Home & Kitchen,2404.71,1,0,2404.71,North,UPI,False,1
ORD100953,2025-09-08,Beauty,543.0,1,10,488.7,East,Net Banking,True,4
ORD100954,2024-06-13,Sports,6052.35,1,0,6052.35,South,UPI,True,4
ORD100955,2024-08-04,Beauty,2496.32,2,5,4743.01,East,UPI,False,5
ORD100956,2024-11-09,Fashion,4581.77,3,5,13058.04,Central,Debit Card,False,5
ORD100957,2025-11-03,Electronics,38236.69,1,15,32501.19,South,UPI,False,4
ORD100958,2024-08-24,Fashion,4504.61,1,0,4504.61,West,Net Banking,False,5
ORD100959,2024-04-10,Home & Kitchen,9995.03,1,10,8995.53,East,Credit Card,False,5
ORD100960,2024-02-13,Home & Kitchen,5129.77,1,5,4873.28,North,Credit Card,False,4
ORD100961,2024-04-18,Home & Kitchen,2761.01,1,5,2622.96,Central,UPI,False,5
ORD100962,2024-03-27,Sports,598.07,1,0,598.07,West,COD,False,4
ORD100963,2025-08-08,Fashion,582.34,1,10,524.11,North,UPI,False,5
ORD100964,2024-11-01,Sports,7112.56,1,5,6756.93,North,UPI,False,4
ORD100965,2024-03-14,Home & Kitchen,3460.15,1,0,3460.15,South,UPI,False,4
ORD100966,2024-04-11,Fashion,1944.3,1,0,1944.3,North,Credit Card,False,4
ORD100967,2024-02-29,Electronics,32975.76,2,15,56058.79,West,Debit Card,False,2
ORD100968,2024-10-21,Electronics,12744.77,2,15,21666.11,West,COD,False,5
ORD100969,2024-01-13,Home & Kitchen,2879.39,1,0,2879.39,West,Credit Card,False,4
ORD100970,2024-01-13,Home & Kitchen,5596.75,1,10,5037.08,East,UPI,False,2
ORD100971,2024-11-16,Home & Kitchen,6254.98,1,15,5316.73,West,UPI,False,5
ORD100972,2025-11-17,Fashion,1302.81,1,15,1107.39,North,Net Banking,False,4
ORD100973,2025-08-19,Home & Kitchen,1213.37,1,5,1152.7,North,UPI,False,5
ORD100974,2024-09-17,Fashion,4754.34,1,0,4754.34,West,UPI,False,5
ORD100975,2025-01-26,Fashion,3396.62,1,0,3396.62,North,UPI,False,4
ORD100976,2024-09-12,Sports,4319.17,1,5,4103.21,South,UPI,False,3
ORD100977,2024-12-11,Fashion,3888.99,1,15,3305.64,South,Debit Card,True,3
ORD100978,2024-03-18,Fashion,2189.17,2,10,3940.51,South,UPI,False,4
ORD100979,2024-03-10,Fashion,1413.02,1,0,1413.02,North,COD,False,5
ORD100980,2025-03-10,Fashion,2139.84,1,5,2032.85,West,Credit Card,False,2
ORD100981,2024-06-17,Home & Kitchen,7177.01,2,10,12918.62,West,UPI,False,1
ORD100982,2024-04-30,Beauty,2809.37,1,10,2528.43,North,Credit Card,False,3
ORD100983,2025-06-14,Sports,3805.74,3,10,10275.5,North,Credit Card,False,5
ORD100984,2025-08-19,Beauty,2498.91,1,5,2373.96,East,Debit Card,False,5
ORD100985,2024-09-06,Electronics,30710.76,1,0,30710.76,North,UPI,False,4
ORD100986,2024-01-16,Home & Kitchen,5537.8,1,5,5260.91,North,UPI,False,4
ORD100987,2025-07-21,Fashion,2158.76,1,5,2050.82,North,UPI,False,5
ORD100988,2025-10-04,Electronics,42536.04,1,15,36155.63,East,Debit Card,False,5
ORD100989,2024-10-06,Home & Kitchen,11842.4,1,0,11842.4,North,Credit Card,False,5
ORD100990,2024-04-04,Fashion,2983.01,1,15,2535.56,East,Credit Card,False,1
ORD100991,2025-05-05,Home & Kitchen,10229.91,1,5,9718.41,North,UPI,False,5
ORD100992,2025-09-07,Home & Kitchen,1420.87,2,5,2699.65,West,COD,False,4
ORD100993,2024-05-12,Beauty,908.55,1,20,726.84,North,Credit Card,False,5
ORD100994,2025-08-02,Electronics,26069.63,1,0,26069.63,East,UPI,False,5
ORD100995,2025-02-12,Fashion,3300.21,1,15,2805.18,West,Credit Card,False,4
ORD100996,2025-06-15,Home & Kitchen,8269.66,1,0,8269.66,East,Debit Card,False,4
ORD100997,2025-08-08,Fashion,3870.69,1,10,3483.62,North,Debit Card,False,5
ORD100998,2025-11-21,Beauty,1824.93,1,10,1642.44,East,UPI,False,5
ORD100999,2025-08-13,Fashion,2945.22,1,0,2945.22,East,Net Banking,False,4
ORD101000,2024-06-09,Fashion,1059.51,1,0,1059.51,South,UPI,True,4
ORD101001,2024-04-19,Electronics,6014.2,2,0,12028.4,East,Net Banking,False,4
ORD101002,2025-12-10,Electronics,39456.97,1,5,37484.12,West,UPI,False,4
ORD101003,2025-01-30,Beauty,456.24,2,0,912.48,North,UPI,False,4
ORD101004,2025-04-20,Fashion,441.1,1,30,308.77,South,Net Banking,False,2
ORD101005,2025-02-10,Fashion,3005.08,2,0,6010.16,North,COD,False,5
ORD101006,2025-11-16,Fashion,2670.59,1,5,2537.06,West,UPI,False,3
ORD101007,2024-09-24,Home & Kitchen,10098.52,1,15,8583.74,West,UPI,False,4
ORD101008,2025-01-23,Fashion,3848.22,1,10,3463.4,West,Net Banking,True,4
ORD101009,2024-12-25,Electronics,5940.26,1,20,4752.21,South,UPI,False,4
ORD101010,2025-10-02,Home & Kitchen,9587.24,1,20,7669.79,West,Credit Card,False,4
ORD101011,2025-09-15,Beauty,2437.88,1,5,2315.99,South,Credit Card,False,5
ORD101012,2025-01-03,Sports,7168.48,1,20,5734.78,Central,COD,False,5
ORD101013,2024-03-08,Home & Kitchen,11293.67,1,15,9599.62,East,UPI,False,5
ORD101014,2025-02-05,Home & Kitchen,4145.65,1,20,3316.52,East,Credit Card,True,3
ORD101015,2024-08-16,Home & Kitchen,5270.5,1,5,5006.97,East,Credit Card,False,3
ORD101016,2025-12-28,Home & Kitchen,2361.61,1,10,2125.45,South,COD,False,5
ORD101017,2025-04-09,Fashion,4812.06,2,10,8661.71,South,UPI,False,4
ORD101018,2024-01-20,Electronics,35022.95,1,0,35022.95,North,Net Banking,False,1
ORD101019,2024-07-27,Fashion,2217.06,1,10,1995.35,South,COD,False,4
ORD101020,2025-11-22,Sports,6738.19,1,5,6401.28,North,Net Banking,False,3
ORD101021,2025-02-01,Home & Kitchen,5193.16,2,20,8309.06,South,UPI,False,5
ORD101022,2025-06-05,Sports,3315.33,1,20,2652.26,North,UPI,False,4
ORD101023,2025-09-12,Home & Kitchen,10965.22,2,10,19737.4,East,UPI,False,5
ORD101024,2024-09-12,Fashion,2656.8,1,5,2523.96,West,Credit Card,False,5
ORD101025,2024-05-13,Fashion,3752.09,1,10,3376.88,South,UPI,False,1
ORD101026,2025-05-08,Beauty,1613.47,1,20,1290.78,South,Credit Card,False,4
ORD101027,2025-09-27,Electronics,29058.79,1,0,29058.79,West,Debit Card,False,5
ORD101028,2024-09-15,Fashion,1497.58,1,5,1422.7,North,Debit Card,False,5
ORD101029,2025-08-06,Sports,2886.22,1,10,2597.6,East,UPI,False,4
ORD101030,2024-12-14,Fashion,2843.58,1,15,2417.04,West,COD,False,5
ORD101031,2024-04-23,Home & Kitchen,5821.34,1,10,5239.21,East,Credit Card,False,5
ORD101032,2024-11-02,Sports,7067.88,2,0,14135.76,South,Net Banking,False,5
ORD101033,2025-06-12,Electronics,12480.0,1,5,11856.0,North,UPI,False,5
ORD101034,2024-12-02,Sports,5016.27,1,5,4765.46,North,Credit Card,False,5
ORD101035,2024-04-24,Fashion,649.36,3,0,1948.08,South,Net Banking,False,5
ORD101036,2024-08-08,Fashion,3667.44,1,10,3300.7,Central,UPI,False,5
ORD101037,2024-08-05,Home & Kitchen,10183.76,1,0,10183.76,East,COD,False,4
ORD101038,2025-07-20,Fashion,2935.82,1,0,2935.82,North,Net Banking,False,3
ORD101039,2025-12-23,Sports,5650.76,1,15,4803.15,North,UPI,False,5
ORD101040,2025-07-04,Fashion,3191.57,1,0,3191.57,North,COD,False,4
ORD101041,2024-02-18,Home & Kitchen,5149.6,2,0,10299.2,Central,Debit Card,False,2
ORD101042,2024-07-31,Sports,6595.68,1,20,5276.54,Central,UPI,False,4
ORD101043,2024-03-28,Electronics,1902.48,1,10,1712.23,South,UPI,False,1
ORD101044,2024-11-04,Fashion,359.2,1,0,359.2,West,UPI,True,4
ORD101045,2025-08-28,Sports,5310.45,1,10,4779.4,South,COD,False,5
ORD101046,2025-07-24,Fashion,4760.67,1,10,4284.6,East,UPI,False,5
ORD101047,2025-01-02,Fashion,3409.77,3,0,10229.31,West,UPI,True,5
ORD101048,2024-10-05,Electronics,6044.98,1,0,6044.98,East,Credit Card,False,3
ORD101049,2024-01-16,Beauty,2679.55,1,0,2679.55,West,UPI,False,5
ORD101050,2025-02-08,Home & Kitchen,4363.86,1,5,4145.67,South,Credit Card,False,5
ORD101051,2024-01-16,Beauty,954.83,2,5,1814.18,East,COD,False,5
ORD101052,2024-09-21,Beauty,2939.74,2,5,5585.51,East,Debit Card,False,1
ORD101053,2024-07-17,Beauty,453.15,1,5,430.49,South,Debit Card,False,5
ORD101054,2025-03-08,Electronics,37691.57,1,5,35806.99,South,COD,False,4
ORD101055,2024-06-13,Beauty,1737.01,2,30,2431.81,North,UPI,False,5
ORD101056,2024-03-22,Electronics,43196.73,1,10,38877.06,East,UPI,False,5
ORD101057,2025-03-03,Home & Kitchen,4987.67,1,30,3491.37,West,UPI,False,4
ORD101058,2024-02-27,Sports,1792.93,1,20,1434.34,South,Net Banking,False,4
ORD101059,2025-08-01,Home & Kitchen,9383.94,1,0,9383.94,North,UPI,False,3
ORD101060,2025-04-18,Electronics,18638.46,1,5,17706.54,Central,UPI,False,5
ORD101061,2025-03-01,Home & Kitchen,7885.22,2,0,15770.44,South,Net Banking,False,5
ORD101062,2025-08-25,Home & Kitchen,3286.27,1,5,3121.96,East,COD,False,5
ORD101063,2025-10-22,Fashion,781.25,1,15,664.06,North,UPI,False,5
ORD101064,2025-06-13,Fashion,1884.93,1,5,1790.68,North,Credit Card,False,5
ORD101065,2024-08-24,Home & Kitchen,5572.99,1,0,5572.99,Central,UPI,False,3
ORD101066,2025-09-21,Sports,4399.99,1,0,4399.99,East,Net Banking,False,4
ORD101067,2024-12-09,Fashion,3764.97,1,5,3576.72,Central,Net Banking,False,4
ORD101068,2025-08-28,Electronics,41582.36,1,0,41582.36,South,Debit Card,False,4
ORD101069,2024-06-21,Home & Kitchen,10517.57,1,30,7362.3,West,Debit Card,False,5
ORD101070,2025-03-01,Fashion,4063.8,2,5,7721.22,North,Credit Card,False,4
ORD101071,2024-02-04,Electronics,17872.86,1,10,16085.57,East,UPI,False,3
ORD101072,2025-11-22,Fashion,1356.97,1,0,1356.97,East,Net Banking,False,4
ORD101073,2024-07-24,Fashion,484.49,1,0,484.49,South,Credit Card,False,5
ORD101074,2025-04-14,Home & Kitchen,8354.2,1,5,7936.49,East,COD,False,4
ORD101075,2025-05-19,Fashion,2689.06,1,20,2151.25,North,COD,False,4
ORD101076,2025-06-30,Fashion,347.33,1,5,329.96,South,Net Banking,False,5
ORD101077,2025-05-09,Fashion,3794.46,1,15,3225.29,North,Debit Card,False,4
ORD101078,2024-01-10,Electronics,1614.5,1,5,1533.78,North,UPI,False,4
ORD101079,2024-10-25,Electronics,22336.24,1,15,18985.8,West,Credit Card,False,5
ORD101080,2025-06-21,Electronics,43528.74,2,0,87057.48,North,UPI,False,4
ORD101081,2024-08-02,Beauty,2276.83,1,10,2049.15,East,UPI,False,4
ORD101082,2025-12-03,Fashion,2733.09,2,15,4646.25,South,UPI,False,4
ORD101083,2024-07-14,Electronics,22895.77,1,30,16027.04,North,UPI,False,5
ORD101084,2024-04-28,Sports,514.49,1,20,411.59,West,UPI,False,5
ORD101085,2024-04-16,Sports,1853.18,1,0,1853.18,North,Debit Card,False,4
ORD101086,2024-07-27,Fashion,463.94,1,20,371.15,North,Credit Card,False,3
ORD101087,2024-09-29,Home & Kitchen,7906.49,1,0,7906.49,West,Credit Card,True,4
ORD101088,2024-09-17,Beauty,2626.51,2,5,4990.37,Central,Net Banking,False,3
ORD101089,2025-10-08,Home & Kitchen,6894.64,1,30,4826.25,East,UPI,False,4
ORD101090,2025-12-29,Beauty,2877.76,1,5,2733.87,South,Debit Card,False,5
ORD101091,2025-06-13,Fashion,2621.74,1,10,2359.57,South,UPI,True,4
ORD101092,2025-09-03,Beauty,1870.35,2,0,3740.7,West,UPI,False,5
ORD101093,2025-05-15,Sports,7936.96,1,10,7143.26,West,Net Banking,False,5
ORD101094,2025-12-10,Electronics,3390.35,2,15,5763.59,Central,Net Banking,False,4
ORD101095,2024-08-31,Electronics,18913.98,1,30,13239.79,West,Debit Card,False,2
ORD101096,2024-03-23,Fashion,3911.71,1,10,3520.54,North,UPI,False,4
ORD101097,2024-04-13,Beauty,2243.05,1,10,2018.74,South,COD,False,5
ORD101098,2024-03-27,Sports,6529.14,1,0,6529.14,North,COD,False,5
ORD101099,2025-06-23,Beauty,2911.43,1,20,2329.14,West,UPI,False,4
ORD101100,2025-07-22,Sports,3076.49,3,0,9229.47,North,UPI,False,5
ORD101101,2024-03-18,Electronics,27878.83,1,0,27878.83,North,UPI,False,4
ORD101102,2024-07-04,Sports,5037.06,1,0,5037.06,East,Debit Card,False,5
ORD101103,2025-12-26,Fashion,2968.55,3,0,8905.65,South,Debit Card,False,5
ORD101104,2024-04-25,Sports,904.24,1,0,904.24,North,Credit Card,False,5
ORD101105,2024-06-27,Fashion,2975.01,2,5,5652.52,North,UPI,False,5
ORD101106,2025-05-07,Beauty,2050.68,1,15,1743.08,West,Net Banking,True,4
ORD101107,2025-09-17,Beauty,1859.2,1,0,1859.2,Central,COD,False,4
ORD101108,2025-04-15,Fashion,2581.12,2,0,5162.24,East,Debit Card,False,5
ORD101109,2025-07-12,Home & Kitchen,2951.99,1,0,2951.99,West,Credit Card,False,4
ORD101110,2025-04-29,Beauty,505.15,2,0,1010.3,East,Debit Card,False,5
ORD101111,2025-09-05,Beauty,2810.12,1,10,2529.11,West,Debit Card,False,5
ORD101112,2025-01-29,Sports,2994.92,1,5,2845.17,East,Credit Card,False,5
ORD101113,2024-10-16,Beauty,2818.59,1,20,2254.87,West,Debit Card,False,1
ORD101114,2024-08-07,Sports,7083.74,2,0,14167.48,South,Debit Card,False,4
ORD101115,2024-11-23,Sports,586.79,1,0,586.79,South,UPI,False,5
ORD101116,2024-10-02,Sports,5746.58,1,5,5459.25,South,Net Banking,False,4
ORD101117,2024-03-12,Fashion,477.41,1,15,405.8,South,UPI,False,5
ORD101118,2024-10-04,Sports,6638.02,3,30,13939.84,North,UPI,False,2
ORD101119,2024-01-24,Sports,4913.25,1,5,4667.59,North,Credit Card,False,4
ORD101120,2024-12-12,Beauty,796.95,1,30,557.86,Central,UPI,False,4
ORD101121,2024-11-23,Fashion,2801.56,1,5,2661.48,West,UPI,False,4
ORD101122,2025-10-15,Fashion,1087.82,1,5,1033.43,North,UPI,False,5
ORD101123,2025-04-08,Electronics,34311.28,1,20,27449.02,West,UPI,False,4
ORD101124,2025-08-05,Beauty,1862.11,1,0,1862.11,North,Credit Card,False,4
ORD101125,2025-11-01,Home & Kitchen,9997.66,1,0,9997.66,South,COD,False,5
ORD101126,2024-10-07,Beauty,2384.19,1,5,2264.98,North,Credit Card,False,4
ORD101127,2025-06-30,Home & Kitchen,3388.82,1,20,2711.06,West,Credit Card,False,4
ORD101128,2024-02-21,Fashion,4602.74,1,5,4372.6,South,COD,False,1
ORD101129,2025-03-12,Fashion,2535.42,1,10,2281.88,East,Credit Card,False,4
ORD101130,2025-01-08,Fashion,2831.34,1,10,2548.21,South,Net Banking,False,3
ORD101131,2024-08-15,Electronics,28922.44,1,10,26030.2,North,Credit Card,False,5
ORD101132,2024-04-08,Home & Kitchen,3240.14,1,0,3240.14,West,Credit Card,False,5
ORD101133,2025-03-11,Home & Kitchen,8848.89,1,30,6194.22,South,UPI,False,5
ORD101134,2024-06-09,Beauty,1924.17,1,15,1635.54,South,UPI,False,5
ORD101135,2025-01-03,Sports,5232.28,1,15,4447.44,North,UPI,False,4
ORD101136,2025-03-03,Sports,4053.2,1,15,3445.22,South,Net Banking,False,4
ORD101137,2024-09-18,Fashion,2534.97,1,10,2281.47,North,Debit Card,False,5
ORD101138,2024-10-26,Sports,2918.34,2,20,4669.34,North,Credit Card,False,5
ORD101139,2024-02-14,Electronics,31146.38,1,20,24917.1,West,UPI,False,4
ORD101140,2025-03-17,Fashion,2421.28,1,0,2421.28,Central,Credit Card,False,5
ORD101141,2025-11-25,Fashion,2322.98,1,15,1974.53,North,UPI,False,3
ORD101142,2025-10-07,Home & Kitchen,2066.82,1,10,1860.14,South,Net Banking,False,4
ORD101143,2025-10-12,Electronics,12417.91,1,0,12417.91,Central,UPI,False,5
ORD101144,2025-08-16,Fashion,4568.82,1,0,4568.82,Central,UPI,False,4
ORD101145,2024-01-23,Fashion,1350.42,1,5,1282.9,West,UPI,False,5
ORD101146,2025-01-11,Sports,947.19,2,5,1799.66,West,Debit Card,False,3
ORD101147,2024-02-19,Home & Kitchen,2330.41,1,30,1631.29,West,UPI,False,5
ORD101148,2025-05-11,Sports,3916.03,2,5,7440.46,South,COD,False,4
ORD101149,2024-06-16,Home & Kitchen,8395.06,1,5,7975.31,South,Debit Card,False,5
ORD101150,2024-10-17,Electronics,33756.0,1,0,33756.0,South,Net Banking,False,5
ORD101151,2025-10-03,Home & Kitchen,4634.29,2,10,8341.72,East,UPI,False,5
ORD101152,2024-08-01,Electronics,38696.36,1,20,30957.09,West,UPI,False,5
ORD101153,2024-07-19,Sports,7199.27,2,15,12238.76,South,COD,False,4
ORD101154,2025-05-18,Fashion,2289.64,1,0,2289.64,North,UPI,False,5
ORD101155,2025-04-10,Electronics,13213.26,1,0,13213.26,West,Credit Card,False,2
ORD101156,2025-06-23,Fashion,1209.65,1,0,1209.65,South,Credit Card,False,4
ORD101157,2024-02-07,Home & Kitchen,4197.57,1,5,3987.69,West,Net Banking,False,4
ORD101158,2025-10-30,Sports,7995.24,1,5,7595.48,South,Credit Card,False,4
ORD101159,2024-10-27,Home & Kitchen,9210.92,2,0,18421.84,East,COD,True,1
ORD101160,2024-09-22,Home & Kitchen,3695.1,2,15,6281.67,South,UPI,False,1
ORD101161,2024-03-13,Home & Kitchen,6258.67,1,0,6258.67,East,Debit Card,False,3
ORD101162,2025-05-24,Electronics,3765.82,1,20,3012.66,West,UPI,False,4
ORD101163,2025-05-14,Fashion,535.09,1,15,454.83,West,UPI,False,3
ORD101164,2024-07-22,Home & Kitchen,1603.27,2,10,2885.89,South,UPI,True,4
ORD101165,2024-09-12,Electronics,28129.23,1,15,23909.85,South,Credit Card,False,4
ORD101166,2024-11-24,Electronics,24634.32,1,5,23402.6,South,Debit Card,False,3
ORD101167,2024-06-15,Home & Kitchen,4192.94,1,5,3983.29,South,Credit Card,False,4
ORD101168,2024-07-14,Sports,4993.39,3,5,14231.16,South,Debit Card,False,2
ORD101169,2024-10-20,Sports,730.87,1,5,694.33,South,Net Banking,False,1
ORD101170,2025-10-13,Sports,4940.92,2,15,8399.56,West,COD,False,5
ORD101171,2025-05-25,Sports,2723.76,1,10,2451.38,South,UPI,False,2
ORD101172,2024-08-10,Fashion,3637.14,1,30,2546.0,North,COD,False,4
ORD101173,2024-03-19,Electronics,32172.42,2,5,61127.6,South,UPI,False,4
ORD101174,2025-07-08,Fashion,1356.91,1,30,949.84,Central,UPI,False,4
ORD101175,2024-02-14,Sports,4042.11,1,5,3840.0,North,UPI,False,5
ORD101176,2025-10-06,Home & Kitchen,6931.89,1,0,6931.89,South,UPI,False,2
ORD101177,2025-12-05,Home & Kitchen,2843.33,2,5,5402.33,North,Debit Card,False,5
ORD101178,2024-12-12,Sports,4524.16,1,10,4071.74,West,UPI,False,5
ORD101179,2024-03-30,Sports,4231.81,1,10,3808.63,Central,COD,False,5
ORD101180,2024-06-22,Home & Kitchen,2816.59,1,10,2534.93,South,UPI,False,5
ORD101181,2025-02-23,Home & Kitchen,11212.39,1,0,11212.39,East,COD,False,5
ORD101182,2025-10-20,Fashion,648.55,2,30,907.97,South,UPI,False,5
ORD101183,2025-12-19,Home & Kitchen,7360.17,1,5,6992.16,East,Credit Card,True,5
ORD101184,2025-10-09,Fashion,3068.04,1,5,2914.64,South,UPI,False,2
ORD101185,2024-03-24,Fashion,3818.25,1,10,3436.42,Central,Credit Card,True,4
ORD101186,2025-09-01,Electronics,41721.56,1,5,39635.48,North,Net Banking,False,5
ORD101187,2025-09-06,Electronics,43046.79,1,20,34437.43,North,UPI,False,3
ORD101188,2024-01-17,Electronics,2472.94,1,30,1731.06,North,Credit Card,False,4
ORD101189,2025-05-03,Home & Kitchen,1747.7,1,20,1398.16,West,COD,False,4
ORD101190,2024-07-11,Fashion,352.43,1,0,352.43,Central,UPI,False,3
ORD101191,2025-08-05,Beauty,1644.68,3,5,4687.34,West,Debit Card,False,4
ORD101192,2025-06-12,Fashion,3947.91,1,0,3947.91,North,Net Banking,False,4
ORD101193,2024-10-21,Fashion,3024.17,2,0,6048.34,South,Credit Card,False,5
ORD101194,2025-06-14,Electronics,29624.28,1,5,28143.07,West,UPI,False,5
ORD101195,2025-12-09,Fashion,4037.85,1,5,3835.96,East,Credit Card,False,4
ORD101196,2024-05-22,Fashion,1305.49,1,15,1109.67,North,Credit Card,False,4
ORD101197,2025-04-14,Home & Kitchen,4083.53,1,0,4083.53,North,UPI,False,4
ORD101198,2024-07-21,Beauty,1115.97,2,10,2008.75,North,Debit Card,False,1
ORD101199,2024-06-08,Home & Kitchen,7879.61,1,0,7879.61,Central,COD,False,4
ORD101200,2025-10-25,Fashion,3949.04,1,0,3949.04,West,Debit Card,False,5
ORD101201,2025-05-30,Beauty,724.84,1,0,724.84,Central,UPI,False,4
ORD101202,2024-04-26,Electronics,41726.52,2,30,58417.13,North,UPI,False,4
ORD101203,2025-10-07,Beauty,274.73,1,5,260.99,West,Credit Card,False,4
ORD101204,2025-01-20,Electronics,38706.18,1,30,27094.33,West,Credit Card,False,3
ORD101205,2024-02-05,Fashion,1649.41,1,15,1402.0,East,COD,False,3
ORD101206,2025-05-13,Home & Kitchen,1395.4,3,0,4186.2,East,Net Banking,False,5
ORD101207,2025-08-03,Sports,7926.99,1,5,7530.64,South,Credit Card,False,5
ORD101208,2024-05-27,Fashion,679.66,1,10,611.69,East,UPI,False,5
ORD101209,2025-10-31,Electronics,38713.64,1,5,36777.96,East,UPI,False,3
ORD101210,2024-06-28,Sports,6502.7,1,10,5852.43,East,UPI,False,4
ORD101211,2025-10-15,Beauty,805.5,1,0,805.5,North,Credit Card,False,2
ORD101212,2025-05-28,Electronics,29471.06,1,10,26523.95,South,UPI,False,4
ORD101213,2025-01-05,Beauty,1347.83,1,0,1347.83,North,UPI,False,4
ORD101214,2024-04-15,Sports,920.6,1,5,874.57,North,UPI,False,5
ORD101215,2025-05-21,Sports,7618.78,2,20,12190.05,North,COD,False,5
ORD101216,2025-10-02,Fashion,679.98,2,15,1155.97,East,Net Banking,False,4
ORD101217,2025-04-24,Home & Kitchen,4505.31,2,0,9010.62,Central,UPI,False,3
ORD101218,2025-02-23,Fashion,2234.31,1,15,1899.16,South,COD,False,4
ORD101219,2025-07-26,Home & Kitchen,8434.32,1,5,8012.6,East,COD,False,5
ORD101220,2024-01-08,Fashion,4066.45,1,15,3456.48,South,COD,False,5
ORD101221,2024-07-29,Home & Kitchen,3383.25,1,20,2706.6,East,Credit Card,False,4
ORD101222,2024-05-25,Electronics,39331.52,1,5,37364.94,South,Debit Card,False,4
ORD101223,2024-12-17,Sports,7430.58,1,0,7430.58,West,UPI,False,2
ORD101224,2025-08-13,Beauty,246.82,2,5,468.96,West,UPI,False,1
ORD101225,2024-08-07,Fashion,3723.08,1,0,3723.08,East,Credit Card,True,5
ORD101226,2024-04-14,Sports,2444.19,1,5,2321.98,West,UPI,False,4
ORD101227,2025-06-28,Electronics,2504.22,1,20,2003.38,North,Credit Card,False,4
ORD101228,2025-08-05,Fashion,2049.71,1,0,2049.71,West,Net Banking,True,3
ORD101229,2024-08-06,Electronics,16061.34,1,10,14455.21,South,COD,False,4
ORD101230,2025-12-30,Beauty,187.82,1,0,187.82,North,Credit Card,False,4
ORD101231,2025-06-14,Fashion,2510.1,1,5,2384.59,East,COD,False,2
ORD101232,2025-05-14,Fashion,2511.56,1,10,2260.4,North,UPI,False,2
ORD101233,2025-04-27,Electronics,16856.56,3,0,50569.68,West,Credit Card,False,5
ORD101234,2024-05-19,Home & Kitchen,2830.04,1,10,2547.04,West,COD,False,5
ORD101235,2024-11-02,Fashion,3806.59,1,0,3806.59,West,Debit Card,False,5
ORD101236,2024-12-01,Home & Kitchen,5161.99,2,20,8259.18,South,Credit Card,False,5
ORD101237,2025-09-16,Fashion,3994.67,1,0,3994.67,North,Debit Card,False,3
ORD101238,2024-09-28,Electronics,35520.92,2,10,63937.66,South,UPI,False,4
ORD101239,2025-10-15,Sports,1847.25,1,20,1477.8,North,Credit Card,False,5
ORD101240,2025-03-17,Fashion,605.03,1,15,514.28,West,COD,False,5
ORD101241,2024-07-19,Home & Kitchen,7362.54,3,0,22087.62,West,COD,False,5
ORD101242,2025-10-31,Home & Kitchen,11886.22,1,10,10697.6,West,Net Banking,False,2
ORD101243,2024-07-21,Home & Kitchen,2588.6,1,15,2200.31,South,Credit Card,False,5
ORD101244,2025-12-10,Beauty,2965.73,1,0,2965.73,North,UPI,False,5
ORD101245,2024-04-22,Home & Kitchen,910.07,2,5,1729.13,East,Credit Card,False,2
ORD101246,2025-11-27,Fashion,3894.79,2,15,6621.14,Central,UPI,False,5
ORD101247,2025-10-11,Home & Kitchen,1682.8,1,10,1514.52,East,UPI,False,5
ORD101248,2024-02-07,Fashion,3441.32,1,5,3269.25,South,UPI,False,5
ORD101249,2025-01-17,Beauty,2706.56,2,30,3789.18,North,UPI,False,4
ORD101250,2024-02-05,Fashion,1722.32,1,20,1377.86,East,UPI,False,4
ORD101251,2025-01-02,Electronics,5413.58,1,0,5413.58,West,Credit Card,True,4
ORD101252,2024-10-28,Beauty,347.03,1,0,347.03,West,UPI,False,4
ORD101253,2024-07-31,Fashion,3623.47,1,5,3442.3,North,Net Banking,False,4
ORD101254,2025-05-28,Beauty,1030.06,1,5,978.56,North,Credit Card,False,1
ORD101255,2024-07-09,Electronics,43010.24,1,5,40859.73,West,Debit Card,False,2
ORD101256,2024-11-03,Electronics,37965.79,1,5,36067.5,Central,Credit Card,False,4
ORD101257,2024-02-28,Electronics,42615.7,1,0,42615.7,West,UPI,False,3
ORD101258,2025-11-20,Sports,5973.29,1,0,5973.29,East,Debit Card,False,5
ORD101259,2025-11-21,Home & Kitchen,8740.6,2,20,13984.96,North,UPI,False,4
ORD101260,2025-03-31,Electronics,13413.42,1,0,13413.42,North,Net Banking,False,4
ORD101261,2024-08-22,Electronics,17197.7,1,5,16337.82,North,Debit Card,False,5
ORD101262,2024-10-24,Fashion,4632.12,2,0,9264.24,North,UPI,False,5
ORD101263,2025-01-28,Sports,3375.97,1,10,3038.37,East,UPI,False,2
ORD101264,2025-04-02,Beauty,2971.19,1,10,2674.07,East,Net Banking,False,5
ORD101265,2024-04-30,Home & Kitchen,4144.65,1,30,2901.25,South,Net Banking,False,5
ORD101266,2024-12-01,Home & Kitchen,6068.99,2,15,10317.28,North,Net Banking,False,3
ORD101267,2024-12-24,Home & Kitchen,7134.02,1,0,7134.02,Central,Credit Card,False,4
ORD101268,2024-08-16,Electronics,30806.46,1,5,29266.14,South,Net Banking,False,5
ORD101269,2025-03-07,Home & Kitchen,10688.12,1,20,8550.5,West,UPI,False,4
ORD101270,2024-12-30,Fashion,2575.8,2,15,4378.86,South,Net Banking,False,4
ORD101271,2024-07-10,Home & Kitchen,5396.83,1,5,5126.99,South,COD,False,4
ORD101272,2024-09-06,Electronics,28780.52,1,20,23024.42,East,UPI,False,5
ORD101273,2024-06-17,Fashion,4200.8,1,5,3990.76,West,UPI,False,5
ORD101274,2024-08-07,Fashion,4195.82,1,0,4195.82,North,Credit Card,False,5
ORD101275,2025-05-20,Fashion,2995.85,2,20,4793.36,South,UPI,False,4
ORD101276,2025-08-12,Home & Kitchen,1018.75,1,5,967.81,East,COD,False,4
ORD101277,2025-07-19,Sports,3164.5,1,0,3164.5,South,UPI,False,5
ORD101278,2025-01-14,Sports,3361.81,1,5,3193.72,West,Net Banking,False,4
ORD101279,2025-12-01,Beauty,1595.63,2,0,3191.26,West,Credit Card,False,5
ORD101280,2025-11-21,Electronics,40703.24,1,20,32562.59,South,Credit Card,False,5
ORD101281,2025-10-25,Electronics,36738.01,1,10,33064.21,Central,Credit Card,False,3
ORD101282,2025-07-20,Beauty,2464.88,1,10,2218.39,North,UPI,False,4
ORD101283,2025-01-08,Fashion,1885.75,1,0,1885.75,North,UPI,False,3
ORD101284,2024-07-27,Sports,6562.87,1,0,6562.87,South,Net Banking,False,5
ORD101285,2024-06-04,Sports,5598.78,2,10,10077.8,North,UPI,False,4
ORD101286,2024-03-31,Fashion,1875.02,2,10,3375.04,South,COD,False,4
ORD101287,2024-08-28,Sports,6477.41,1,15,5505.8,North,COD,False,4
ORD101288,2024-03-13,Electronics,32093.78,2,5,60978.18,North,UPI,False,5
ORD101289,2024-03-26,Fashion,1270.61,3,15,3240.06,South,UPI,False,3
ORD101290,2024-04-04,Home & Kitchen,3579.03,1,10,3221.13,East,Credit Card,False,4
ORD101291,2025-04-08,Fashion,3043.64,1,15,2587.09,West,UPI,False,5
ORD101292,2024-02-01,Home & Kitchen,5987.72,1,15,5089.56,South,COD,False,1
ORD101293,2024-04-23,Fashion,2774.07,1,15,2357.96,South,Credit Card,True,3
ORD101294,2024-09-22,Sports,5065.16,2,5,9623.8,West,UPI,False,5
ORD101295,2025-09-05,Sports,2118.31,1,10,1906.48,West,Debit Card,True,4
ORD101296,2025-11-20,Electronics,11634.29,2,0,23268.58,North,Credit Card,False,3
ORD101297,2025-06-16,Sports,1987.67,1,20,1590.14,South,UPI,False,4
ORD101298,2024-11-27,Home & Kitchen,3643.29,1,20,2914.63,North,UPI,False,3
ORD101299,2025-03-30,Sports,4637.41,1,0,4637.41,South,UPI,False,5
ORD101300,2025-10-18,Sports,3314.31,1,10,2982.88,South,UPI,False,3
ORD101301,2025-05-20,Home & Kitchen,9309.66,1,20,7447.73,South,Credit Card,False,4
ORD101302,2024-09-18,Fashion,3802.12,1,0,3802.12,South,UPI,False,5
ORD101303,2025-06-20,Beauty,932.19,2,15,1584.72,South,UPI,False,4
ORD101304,2025-08-20,Sports,6605.39,1,20,5284.31,North,COD,False,2
ORD101305,2025-12-13,Fashion,3846.02,1,15,3269.12,West,COD,False,5
ORD101306,2025-10-26,Electronics,26090.07,1,0,26090.07,North,UPI,True,1
ORD101307,2024-08-26,Electronics,11917.76,1,5,11321.87,North,Credit Card,False,5
ORD101308,2025-08-26,Fashion,2939.6,1,15,2498.66,North,Debit Card,False,5
ORD101309,2024-12-21,Fashion,2288.27,2,0,4576.54,South,COD,False,4
ORD101310,2024-11-15,Electronics,18685.82,1,30,13080.07,Central,UPI,False,2
ORD101311,2024-11-17,Electronics,6082.02,3,10,16421.45,West,UPI,False,5
ORD101312,2025-04-19,Home & Kitchen,1472.11,1,5,1398.5,West,Net Banking,False,4
ORD101313,2024-02-27,Sports,1735.56,1,15,1475.23,South,COD,False,5
ORD101314,2025-01-31,Sports,5255.23,2,0,10510.46,North,Credit Card,False,5
ORD101315,2024-05-13,Sports,972.75,2,5,1848.22,Central,UPI,False,5
ORD101316,2024-06-16,Beauty,1755.89,1,10,1580.3,West,UPI,False,5
ORD101317,2024-05-31,Beauty,1516.52,1,10,1364.87,West,Debit Card,False,5
ORD101318,2024-10-05,Fashion,2528.55,1,15,2149.27,South,Debit Card,False,4
ORD101319,2025-05-21,Fashion,1097.7,1,15,933.04,Central,COD,False,5
ORD101320,2024-06-01,Home & Kitchen,4460.45,1,5,4237.43,South,UPI,False,5
ORD101321,2025-09-28,Home & Kitchen,1810.77,1,5,1720.23,West,Debit Card,False,4
ORD101322,2025-10-22,Fashion,351.83,2,20,562.93,East,UPI,False,2
ORD101323,2024-03-27,Home & Kitchen,3217.48,1,5,3056.61,North,UPI,False,4
ORD101324,2024-09-30,Fashion,4326.27,1,10,3893.64,East,UPI,False,4
ORD101325,2025-11-01,Fashion,4023.45,1,20,3218.76,North,UPI,False,5
ORD101326,2024-01-14,Fashion,1114.93,1,10,1003.44,West,COD,False,2
ORD101327,2025-01-23,Home & Kitchen,10053.82,2,0,20107.64,West,UPI,True,3
ORD101328,2024-07-31,Electronics,27126.56,2,5,51540.46,West,UPI,False,5
ORD101329,2025-10-05,Electronics,15453.25,1,5,14680.59,South,UPI,False,5
ORD101330,2024-09-02,Home & Kitchen,2155.79,1,5,2048.0,East,UPI,False,5
ORD101331,2025-06-08,Sports,1253.3,1,5,1190.64,North,COD,False,4
ORD101332,2025-12-05,Electronics,25032.3,2,10,45058.14,Central,Credit Card,False,4
ORD101333,2024-07-25,Sports,7698.76,1,0,7698.76,West,UPI,False,4
ORD101334,2025-03-22,Sports,7366.94,1,10,6630.25,West,COD,False,2
ORD101335,2025-11-02,Beauty,1760.74,1,5,1672.7,West,Credit Card,False,4
ORD101336,2024-07-12,Fashion,4300.13,1,0,4300.13,East,Credit Card,False,1
ORD101337,2024-09-05,Home & Kitchen,8875.8,3,0,26627.4,North,Debit Card,False,5
ORD101338,2025-03-19,Beauty,1602.77,1,5,1522.63,North,Credit Card,False,5
ORD101339,2025-12-21,Home & Kitchen,7902.95,2,10,14225.31,East,COD,False,4
ORD101340,2024-04-25,Fashion,2540.55,2,0,5081.1,East,UPI,False,5
ORD101341,2024-09-14,Home & Kitchen,999.96,1,15,849.97,North,UPI,False,4
ORD101342,2024-08-21,Beauty,1957.44,1,15,1663.82,East,UPI,False,5
ORD101343,2024-07-06,Beauty,2029.29,1,0,2029.29,North,Credit Card,False,4
ORD101344,2025-12-24,Beauty,1397.2,3,20,3353.28,West,COD,False,4
ORD101345,2024-08-31,Beauty,1360.0,2,5,2584.0,South,Credit Card,False,4
ORD101346,2025-12-01,Sports,2520.18,3,10,6804.49,North,UPI,False,3
ORD101347,2024-03-07,Fashion,3885.42,1,0,3885.42,East,Credit Card,False,4
ORD101348,2025-08-06,Fashion,1034.35,2,0,2068.7,North,Credit Card,False,3
ORD101349,2025-12-19,Home & Kitchen,7315.2,1,15,6217.92,West,Credit Card,False,5
ORD101350,2024-09-28,Fashion,4074.54,1,20,3259.63,West,Credit Card,False,4
ORD101351,2025-04-18,Sports,794.33,3,0,2382.99,South,UPI,False,5
ORD101352,2025-03-12,Home & Kitchen,10221.2,1,5,9710.14,North,Debit Card,False,5
ORD101353,2025-05-20,Home & Kitchen,5431.9,1,0,5431.9,North,COD,False,5
ORD101354,2025-10-09,Beauty,1516.66,2,0,3033.32,East,COD,False,5
ORD101355,2025-09-16,Sports,7204.64,1,10,6484.18,South,COD,False,5
ORD101356,2025-05-27,Fashion,2608.36,1,10,2347.52,South,UPI,False,3
ORD101357,2024-12-20,Fashion,2082.3,1,20,1665.84,South,UPI,False,4
ORD101358,2024-10-28,Electronics,2931.48,1,5,2784.91,Central,UPI,False,5
ORD101359,2025-06-01,Sports,1179.39,1,0,1179.39,East,UPI,False,5
ORD101360,2024-10-04,Fashion,2061.33,1,10,1855.2,West,COD,False,5
ORD101361,2024-11-16,Electronics,35292.16,1,10,31762.94,North,COD,False,5
ORD101362,2025-11-03,Beauty,1089.68,1,10,980.71,Central,Debit Card,False,5
ORD101363,2024-07-10,Home & Kitchen,11834.64,1,15,10059.44,South,UPI,True,4
ORD101364,2025-08-01,Fashion,4945.43,1,30,3461.8,West,Credit Card,False,5
ORD101365,2025-03-06,Fashion,1764.91,1,10,1588.42,Central,UPI,False,5
ORD101366,2024-04-15,Electronics,32805.38,1,20,26244.3,West,UPI,False,1
ORD101367,2024-03-22,Fashion,2464.01,2,5,4681.62,Central,UPI,False,4
ORD101368,2025-08-16,Beauty,2383.55,1,10,2145.2,North,UPI,False,3
ORD101369,2024-08-13,Electronics,31449.22,2,15,53463.67,North,Debit Card,False,4
ORD101370,2025-11-10,Home & Kitchen,5817.19,2,0,11634.38,Central,COD,False,4
ORD101371,2024-10-14,Sports,4225.3,1,5,4014.04,West,Credit Card,False,4
ORD101372,2024-04-14,Electronics,23136.08,1,5,21979.28,West,COD,False,5
ORD101373,2025-04-18,Home & Kitchen,2317.76,2,0,4635.52,West,Credit Card,False,4
ORD101374,2025-12-28,Home & Kitchen,6208.76,1,0,6208.76,West,COD,False,4
ORD101375,2025-02-28,Sports,1399.67,1,15,1189.72,South,Credit Card,False,4
ORD101376,2025-07-30,Fashion,3795.56,1,5,3605.78,East,UPI,False,5
ORD101377,2024-12-04,Home & Kitchen,1796.64,1,0,1796.64,Central,UPI,False,3
ORD101378,2024-02-26,Home & Kitchen,9459.3,1,15,8040.4,Central,Debit Card,False,5
ORD101379,2025-09-29,Fashion,2915.17,1,10,2623.65,Central,UPI,False,5
ORD101380,2024-08-29,Fashion,4787.98,1,5,4548.58,North,UPI,False,3
ORD101381,2025-01-01,Home & Kitchen,2199.85,1,30,1539.89,East,UPI,False,5
ORD101382,2024-01-20,Electronics,37033.43,1,5,35181.76,North,Debit Card,False,5
ORD101383,2025-02-22,Sports,6480.63,1,0,6480.63,North,UPI,False,5
ORD101384,2024-04-04,Home & Kitchen,8583.83,1,5,8154.64,East,UPI,False,4
ORD101385,2025-06-17,Fashion,715.07,2,5,1358.63,North,Credit Card,True,5
ORD101386,2025-10-03,Home & Kitchen,10144.1,1,0,10144.1,South,UPI,False,5
ORD101387,2025-03-02,Home & Kitchen,6688.32,1,15,5685.07,North,UPI,False,4
ORD101388,2025-03-10,Sports,5490.54,2,5,10432.03,South,UPI,False,4
ORD101389,2024-03-25,Sports,6372.18,1,5,6053.57,East,UPI,False,5
ORD101390,2024-04-28,Fashion,376.0,1,0,376.0,East,UPI,False,5
ORD101391,2024-03-25,Electronics,15133.14,1,0,15133.14,East,Net Banking,False,5
ORD101392,2024-12-15,Home & Kitchen,7554.16,1,15,6421.04,South,Credit Card,True,5
ORD101393,2024-01-26,Fashion,2769.19,1,10,2492.27,East,Debit Card,False,5
ORD101394,2025-01-21,Beauty,858.82,1,15,730.0,East,COD,False,5
ORD101395,2025-06-03,Electronics,30189.57,1,0,30189.57,North,Credit Card,False,2
ORD101396,2024-05-16,Home & Kitchen,4899.0,1,5,4654.05,West,COD,False,5
ORD101397,2025-08-06,Home & Kitchen,6591.73,1,5,6262.14,South,UPI,False,4
ORD101398,2025-01-10,Fashion,2526.32,1,10,2273.69,North,Credit Card,False,4
ORD101399,2025-08-31,Beauty,1435.82,1,20,1148.66,West,UPI,False,3
ORD101400,2024-09-02,Beauty,2162.45,3,15,5514.25,East,COD,False,5
ORD101401,2025-07-01,Home & Kitchen,8786.46,1,0,8786.46,South,COD,False,5
ORD101402,2024-10-25,Home & Kitchen,734.75,1,0,734.75,West,Net Banking,False,5
ORD101403,2025-06-09,Fashion,3488.25,1,5,3313.84,South,UPI,False,5
ORD101404,2024-06-09,Sports,3459.54,1,20,2767.63,West,Net Banking,False,4
ORD101405,2024-06-15,Fashion,2186.34,1,10,1967.71,East,Credit Card,False,5
ORD101406,2025-11-23,Beauty,1065.58,1,10,959.02,South,Net Banking,False,5
ORD101407,2024-06-11,Electronics,39917.71,1,15,33930.05,South,UPI,False,5
ORD101408,2025-01-14,Home & Kitchen,2405.9,1,15,2045.02,North,COD,False,5
ORD101409,2025-08-06,Electronics,12403.54,1,20,9922.83,North,Credit Card,False,5
ORD101410,2024-02-19,Beauty,551.52,2,5,1047.89,North,Credit Card,False,4
ORD101411,2024-03-21,Home & Kitchen,5464.73,1,15,4645.02,North,Credit Card,False,5
ORD101412,2024-12-26,Home & Kitchen,2400.41,1,20,1920.33,West,Net Banking,False,4
ORD101413,2024-04-14,Fashion,1837.84,1,0,1837.84,South,UPI,False,5
ORD101414,2024-10-17,Beauty,2049.32,1,10,1844.39,South,UPI,False,1
ORD101415,2025-10-05,Electronics,36815.83,2,15,62586.91,East,Debit Card,False,4
ORD101416,2025-08-03,Fashion,3731.92,1,10,3358.73,West,Credit Card,False,5
ORD101417,2024-07-05,Fashion,1988.07,1,10,1789.26,West,UPI,False,3
ORD101418,2025-01-10,Beauty,1900.23,1,10,1710.21,West,UPI,False,4
ORD101419,2025-08-17,Beauty,253.33,3,10,683.99,East,COD,False,5
ORD101420,2025-01-31,Home & Kitchen,2655.81,1,5,2523.02,East,Credit Card,False,2
ORD101421,2024-08-02,Home & Kitchen,1012.77,2,10,1822.99,West,UPI,False,5
ORD101422,2025-11-05,Home & Kitchen,1566.79,1,0,1566.79,Central,UPI,False,4
ORD101423,2025-07-06,Home & Kitchen,2876.57,1,30,2013.6,South,UPI,False,5
ORD101424,2025-08-29,Electronics,42684.56,1,5,40550.33,East,UPI,False,5
ORD101425,2025-04-11,Fashion,2757.9,1,5,2620.0,North,Credit Card,False,5
ORD101426,2024-04-06,Sports,1129.27,1,15,959.88,East,UPI,False,4
ORD101427,2025-05-17,Home & Kitchen,3780.92,1,20,3024.74,Central,COD,False,3
ORD101428,2025-06-16,Sports,3499.7,1,10,3149.73,East,Debit Card,False,4
ORD101429,2025-03-24,Electronics,43188.16,1,20,34550.53,East,UPI,False,4
ORD101430,2024-09-29,Sports,6460.47,3,0,19381.41,South,UPI,False,5
ORD101431,2025-09-15,Home & Kitchen,6404.72,1,5,6084.48,North,Credit Card,False,5
ORD101432,2024-07-20,Electronics,40053.86,1,15,34045.78,West,Credit Card,False,5
ORD101433,2024-03-16,Beauty,2686.8,1,0,2686.8,South,Debit Card,False,5
ORD101434,2024-08-08,Fashion,2801.2,2,20,4481.92,North,Credit Card,False,4
ORD101435,2024-01-24,Fashion,2370.52,1,10,2133.47,West,Net Banking,False,2
ORD101436,2025-03-03,Fashion,2023.53,1,0,2023.53,South,UPI,False,1
ORD101437,2024-11-04,Beauty,906.23,1,10,815.61,North,Credit Card,True,3
ORD101438,2025-08-13,Fashion,2385.57,1,30,1669.9,West,UPI,False,1
ORD101439,2024-01-02,Electronics,37337.06,1,0,37337.06,South,Debit Card,False,4
ORD101440,2024-08-07,Home & Kitchen,11144.08,2,10,20059.34,West,UPI,False,2
ORD101441,2024-08-02,Fashion,4629.44,1,0,4629.44,Central,UPI,False,5
ORD101442,2025-12-14,Electronics,21689.88,1,15,18436.4,North,COD,False,3
ORD101443,2024-05-16,Electronics,44558.1,1,30,31190.67,North,COD,False,1
ORD101444,2025-10-15,Home & Kitchen,11774.27,3,0,35322.81,West,UPI,True,4
ORD101445,2025-02-07,Beauty,2886.59,1,30,2020.61,East,Net Banking,False,5
ORD101446,2024-03-04,Home & Kitchen,440.73,1,20,352.58,North,Debit Card,False,4
ORD101447,2024-12-20,Fashion,1819.25,1,5,1728.29,East,Net Banking,False,5
ORD101448,2025-03-22,Sports,6797.18,1,0,6797.18,West,UPI,False,3
ORD101449,2025-02-09,Sports,4737.56,1,0,4737.56,East,UPI,True,5
ORD101450,2025-10-25,Fashion,4043.78,1,5,3841.59,East,Credit Card,False,5
ORD101451,2025-03-19,Home & Kitchen,5083.3,2,0,10166.6,North,COD,False,5
ORD101452,2024-12-11,Fashion,1974.92,1,15,1678.68,North,UPI,False,5
ORD101453,2024-11-29,Home & Kitchen,5055.38,1,20,4044.3,West,UPI,False,4
ORD101454,2025-01-04,Sports,890.67,1,5,846.14,North,Net Banking,False,5
ORD101455,2024-03-17,Fashion,4572.49,3,0,13717.47,North,UPI,False,4
ORD101456,2025-10-11,Beauty,1765.66,1,0,1765.66,East,UPI,False,5
ORD101457,2024-05-25,Electronics,2472.09,1,5,2348.49,Central,Net Banking,False,5
ORD101458,2025-08-02,Electronics,12950.13,1,20,10360.1,North,COD,False,5
ORD101459,2024-03-19,Fashion,2095.56,1,10,1886.0,South,UPI,False,5
ORD101460,2024-01-17,Sports,6623.48,1,5,6292.31,North,UPI,False,3
ORD101461,2025-11-26,Sports,1552.0,1,0,1552.0,East,Net Banking,False,5
ORD101462,2025-09-22,Electronics,27091.65,1,5,25737.07,South,Net Banking,False,5
ORD101463,2024-02-13,Beauty,1344.72,1,0,1344.72,South,Credit Card,False,5
ORD101464,2024-08-07,Fashion,615.41,1,30,430.79,Central,Net Banking,False,2
ORD101465,2024-08-31,Home & Kitchen,6880.7,2,30,9632.98,North,Debit Card,False,5
ORD101466,2024-10-01,Electronics,14828.91,1,15,12604.57,North,Net Banking,False,3
ORD101467,2024-06-10,Fashion,4654.55,1,0,4654.55,North,COD,False,5
ORD101468,2025-12-13,Fashion,857.3,2,0,1714.6,South,Debit Card,False,4
ORD101469,2024-01-09,Electronics,20307.13,2,0,40614.26,South,Debit Card,False,4
ORD101470,2024-10-17,Beauty,2823.05,1,5,2681.9,South,Credit Card,False,3
ORD101471,2024-08-02,Fashion,2685.95,1,5,2551.65,South,UPI,False,3
ORD101472,2024-09-20,Fashion,471.88,1,5,448.29,North,UPI,False,4
ORD101473,2024-12-27,Home & Kitchen,2566.62,1,30,1796.63,North,UPI,False,5
ORD101474,2025-09-24,Home & Kitchen,2063.68,2,10,3714.62,North,Credit Card,False,5
ORD101475,2024-08-29,Fashion,1670.12,1,20,1336.1,West,Debit Card,False,5
ORD101476,2024-02-11,Sports,3345.84,2,0,6691.68,South,UPI,False,5
ORD101477,2024-08-08,Home & Kitchen,7751.95,1,20,6201.56,South,UPI,False,3
ORD101478,2024-05-16,Home & Kitchen,6201.07,1,5,5891.02,West,Credit Card,False,4
ORD101479,2024-10-17,Home & Kitchen,5589.61,1,0,5589.61,East,Net Banking,False,5
ORD101480,2025-04-21,Home & Kitchen,848.52,1,15,721.24,West,UPI,False,4
ORD101481,2024-01-08,Beauty,276.39,1,30,193.47,West,Credit Card,False,3
ORD101482,2025-07-24,Fashion,3434.76,1,20,2747.81,North,UPI,False,4
ORD101483,2025-03-04,Beauty,1835.37,1,5,1743.6,South,UPI,False,3
ORD101484,2025-03-17,Beauty,2465.35,1,0,2465.35,North,Credit Card,False,5
ORD101485,2025-02-24,Sports,7774.44,1,5,7385.72,East,Debit Card,False,4
ORD101486,2025-03-01,Fashion,4400.54,2,10,7920.97,North,UPI,False,4
ORD101487,2025-02-04,Sports,912.15,1,5,866.54,North,UPI,False,5
ORD101488,2025-05-19,Fashion,2511.03,1,10,2259.93,West,COD,False,5
ORD101489,2024-11-04,Home & Kitchen,9537.34,1,5,9060.47,North,COD,False,5
ORD101490,2024-02-28,Sports,2150.97,2,20,3441.55,West,UPI,False,4
ORD101491,2025-08-11,Fashion,807.16,2,0,1614.32,South,UPI,False,4
ORD101492,2025-12-22,Fashion,3914.74,1,20,3131.79,West,UPI,False,4
ORD101493,2024-02-01,Home & Kitchen,10044.65,1,0,10044.65,North,Credit Card,False,2
ORD101494,2025-02-27,Beauty,1699.08,1,10,1529.17,North,UPI,False,4
ORD101495,2024-09-16,Fashion,1279.41,1,0,1279.41,South,UPI,False,4
ORD101496,2025-10-26,Fashion,2514.88,1,10,2263.39,North,Net Banking,True,5
ORD101497,2025-04-22,Sports,4847.3,1,10,4362.57,East,UPI,False,5
ORD101498,2025-01-27,Electronics,13050.8,1,0,13050.8,South,Net Banking,False,5
ORD101499,2024-11-19,Beauty,848.69,1,10,763.82,East,COD,False,4
ORD101500,2025-12-24,Fashion,4316.79,1,0,4316.79,East,Credit Card,False,4
ORD101501,2025-09-05,Fashion,2233.33,1,20,1786.66,East,Debit Card,False,5
ORD101502,2025-06-20,Electronics,15321.28,3,5,43665.65,South,UPI,False,4
ORD101503,2025-05-20,Fashion,4059.75,2,5,7713.52,West,UPI,False,4
ORD101504,2024-01-19,Home & Kitchen,7157.6,1,20,5726.08,South,UPI,False,5
ORD101505,2024-11-11,Sports,894.92,1,0,894.92,South,UPI,False,5
ORD101506,2025-04-10,Home & Kitchen,5094.0,1,0,5094.0,North,COD,False,5
ORD101507,2025-11-30,Home & Kitchen,3712.82,1,5,3527.18,South,COD,False,3
ORD101508,2025-05-28,Electronics,10385.52,1,0,10385.52,Central,UPI,True,4
ORD101509,2024-07-11,Fashion,2283.42,2,5,4338.5,South,Credit Card,False,2
ORD101510,2024-09-05,Sports,1900.24,1,20,1520.19,North,Debit Card,False,5
ORD101511,2024-07-02,Fashion,1753.47,2,20,2805.55,South,UPI,False,5
ORD101512,2025-03-13,Electronics,19973.73,1,0,19973.73,North,Net Banking,False,5
ORD101513,2024-02-09,Beauty,2070.17,1,20,1656.14,Central,UPI,False,3
ORD101514,2025-03-22,Home & Kitchen,8072.71,2,15,13723.61,North,UPI,False,3
ORD101515,2024-02-29,Fashion,2615.97,1,10,2354.37,West,Debit Card,False,5
ORD101516,2024-06-24,Fashion,1435.85,1,10,1292.26,Central,UPI,False,4
ORD101517,2024-04-18,Electronics,35117.0,1,0,35117.0,North,Credit Card,False,4
ORD101518,2024-07-17,Electronics,33891.87,1,0,33891.87,North,UPI,False,5
ORD101519,2025-10-27,Fashion,4476.97,1,10,4029.27,North,Credit Card,False,4
ORD101520,2025-08-06,Fashion,303.01,1,15,257.56,South,UPI,False,3
ORD101521,2025-11-06,Home & Kitchen,1393.7,2,0,2787.4,Central,Debit Card,False,4
ORD101522,2024-08-01,Fashion,817.1,1,30,571.97,West,UPI,False,5
ORD101523,2025-11-21,Electronics,9736.02,1,5,9249.22,North,Credit Card,False,4
ORD101524,2025-02-18,Fashion,4751.97,2,0,9503.94,West,Debit Card,False,5
ORD101525,2024-06-18,Home & Kitchen,3302.37,1,0,3302.37,Central,Net Banking,False,5
ORD101526,2025-04-25,Fashion,680.09,1,20,544.07,East,UPI,False,5
ORD101527,2025-04-26,Electronics,15669.56,1,0,15669.56,North,UPI,False,4
ORD101528,2024-05-04,Beauty,674.25,1,15,573.11,Central,UPI,False,4
ORD101529,2024-05-14,Sports,4162.66,1,5,3954.53,East,COD,False,4
ORD101530,2024-07-30,Fashion,1889.11,1,15,1605.74,East,COD,True,4
ORD101531,2024-03-29,Fashion,1532.88,1,0,1532.88,West,Debit Card,False,4
ORD101532,2025-02-15,Home & Kitchen,9241.18,2,0,18482.36,North,Debit Card,False,5
ORD101533,2024-09-24,Sports,566.63,1,15,481.64,North,UPI,False,4
ORD101534,2025-08-17,Electronics,36550.73,1,0,36550.73,East,UPI,False,4
ORD101535,2024-01-09,Home & Kitchen,1807.13,1,10,1626.42,Central,UPI,False,4
ORD101536,2024-11-02,Electronics,9648.38,2,10,17367.08,East,Debit Card,False,3
ORD101537,2024-01-03,Electronics,34314.76,1,0,34314.76,South,UPI,False,4
ORD101538,2024-02-17,Electronics,31905.85,1,15,27119.97,Central,Net Banking,False,4
ORD101539,2024-06-16,Home & Kitchen,2259.4,1,20,1807.52,East,UPI,False,4
ORD101540,2024-08-08,Fashion,4458.57,1,15,3789.78,North,Credit Card,False,5
ORD101541,2024-11-21,Fashion,3322.94,2,10,5981.29,South,Debit Card,False,4
ORD101542,2024-01-05,Fashion,3376.55,1,15,2870.07,North,Credit Card,True,1
ORD101543,2024-01-25,Fashion,1488.91,1,20,1191.13,East,Debit Card,False,3
ORD101544,2025-11-29,Sports,1421.57,1,15,1208.33,West,Credit Card,False,4
ORD101545,2025-08-25,Home & Kitchen,955.93,1,0,955.93,East,COD,False,5
ORD101546,2025-09-15,Beauty,2249.01,2,0,4498.02,North,UPI,False,5
ORD101547,2025-09-11,Fashion,4834.34,1,15,4109.19,East,UPI,False,2
ORD101548,2024-08-22,Sports,5122.19,1,10,4609.97,South,COD,False,4
ORD101549,2024-09-30,Sports,3178.68,1,20,2542.94,North,Credit Card,False,5
ORD101550,2025-03-12,Sports,6150.41,3,15,15683.55,North,COD,False,4
ORD101551,2024-10-02,Fashion,2680.53,1,0,2680.53,West,Debit Card,False,5
ORD101552,2025-01-13,Beauty,1633.16,1,5,1551.5,West,Debit Card,False,4
ORD101553,2024-04-04,Home & Kitchen,866.3,1,0,866.3,West,UPI,False,5
ORD101554,2025-12-18,Fashion,345.05,1,10,310.54,North,UPI,False,2
ORD101555,2024-10-12,Fashion,427.85,1,20,342.28,South,UPI,False,4
ORD101556,2024-03-17,Electronics,2409.43,2,10,4336.97,Central,Net Banking,False,4
ORD101557,2024-11-29,Beauty,906.6,1,30,634.62,South,Debit Card,False,3
ORD101558,2024-10-30,Home & Kitchen,6665.35,1,0,6665.35,North,UPI,False,5
ORD101559,2025-03-19,Fashion,2999.54,1,20,2399.63,North,UPI,False,4
ORD101560,2025-05-30,Home & Kitchen,10065.37,2,0,20130.74,North,COD,True,5
ORD101561,2024-10-04,Fashion,3461.45,1,5,3288.38,West,UPI,False,5
ORD101562,2025-11-15,Sports,4357.45,1,30,3050.21,South,Net Banking,False,4
ORD101563,2025-12-21,Electronics,16611.79,2,10,29901.22,North,UPI,False,3
ORD101564,2025-09-09,Beauty,2920.65,1,0,2920.65,West,Credit Card,False,3
ORD101565,2024-04-12,Electronics,36701.86,1,30,25691.3,East,Debit Card,False,5
ORD101566,2024-08-27,Home & Kitchen,10782.38,1,15,9165.02,North,UPI,False,1
ORD101567,2024-05-28,Fashion,3314.8,1,15,2817.58,East,UPI,False,4
ORD101568,2024-03-01,Fashion,1952.18,1,0,1952.18,North,UPI,False,4
ORD101569,2024-03-29,Electronics,44103.71,1,0,44103.71,East,UPI,True,4
ORD101570,2024-11-07,Fashion,2495.72,1,10,2246.15,East,UPI,False,4
ORD101571,2025-08-17,Fashion,2703.23,1,0,2703.23,Central,Credit Card,False,1
ORD101572,2024-03-13,Fashion,788.78,1,20,631.02,East,Net Banking,True,3
ORD101573,2024-03-21,Electronics,32498.3,1,5,30873.38,Central,UPI,False,3
ORD101574,2025-07-03,Electronics,36971.18,2,15,62851.01,Central,COD,False,5
ORD101575,2024-10-25,Electronics,12717.35,1,5,12081.48,South,Debit Card,False,4
ORD101576,2025-11-19,Sports,7005.67,1,5,6655.39,West,UPI,False,5
ORD101577,2025-06-12,Fashion,2849.25,1,10,2564.33,Central,UPI,False,4
ORD101578,2025-10-03,Fashion,2199.7,1,0,2199.7,North,Credit Card,False,5
ORD101579,2025-11-27,Fashion,2735.47,1,10,2461.92,East,Debit Card,False,5
ORD101580,2025-10-10,Home & Kitchen,4054.83,1,20,3243.86,North,Credit Card,False,5
ORD101581,2024-07-18,Sports,6884.67,1,0,6884.67,North,Debit Card,False,5
ORD101582,2025-01-10,Electronics,38719.8,1,30,27103.86,South,UPI,False,4
ORD101583,2024-08-27,Beauty,422.28,1,5,401.17,West,Debit Card,False,5
ORD101584,2024-04-30,Electronics,40575.17,1,5,38546.41,West,Net Banking,False,5
ORD101585,2024-11-08,Home & Kitchen,6644.62,1,10,5980.16,East,Credit Card,False,2
ORD101586,2025-09-02,Sports,6333.59,1,0,6333.59,North,UPI,False,2
ORD101587,2024-02-19,Fashion,2808.09,1,15,2386.88,North,Debit Card,False,3
ORD101588,2024-07-20,Fashion,3371.76,1,20,2697.41,East,Net Banking,False,4
ORD101589,2025-06-14,Beauty,206.11,1,0,206.11,West,UPI,False,1
ORD101590,2024-05-05,Home & Kitchen,7155.5,3,0,21466.5,West,UPI,False,4
ORD101591,2025-10-06,Home & Kitchen,8989.39,1,15,7640.98,South,UPI,False,5
ORD101592,2024-03-28,Fashion,4918.18,2,10,8852.72,West,Credit Card,False,5
ORD101593,2024-12-04,Beauty,2408.59,1,0,2408.59,East,Credit Card,True,2
ORD101594,2024-02-16,Beauty,1881.88,1,5,1787.79,Central,Debit Card,False,5
ORD101595,2025-09-06,Sports,5798.97,1,15,4929.12,South,UPI,False,4
ORD101596,2025-11-11,Home & Kitchen,2561.88,1,15,2177.6,West,Net Banking,False,4
ORD101597,2024-10-20,Fashion,340.21,2,10,612.38,East,COD,True,5
ORD101598,2025-04-09,Electronics,3159.68,1,10,2843.71,North,UPI,False,3
ORD101599,2025-07-06,Electronics,31082.67,1,10,27974.4,North,Credit Card,False,5
ORD101600,2025-04-01,Home & Kitchen,11643.21,1,0,11643.21,South,Credit Card,False,3
ORD101601,2024-08-03,Electronics,16497.07,1,0,16497.07,Central,COD,True,5
ORD101602,2025-06-26,Sports,3151.61,1,5,2994.03,South,Net Banking,False,4
ORD101603,2024-11-18,Beauty,1457.55,1,5,1384.67,East,COD,False,3
ORD101604,2025-08-19,Fashion,4865.09,1,5,4621.84,East,Debit Card,True,5
ORD101605,2024-07-28,Fashion,589.25,2,30,824.95,South,UPI,False,5
ORD101606,2024-08-21,Fashion,4478.75,3,10,12092.62,South,Debit Card,False,5
ORD101607,2025-11-22,Electronics,19711.91,2,30,27596.67,Central,Debit Card,False,4
ORD101608,2024-10-09,Fashion,1970.67,1,5,1872.14,East,COD,False,5
ORD101609,2024-05-10,Beauty,1092.5,1,0,1092.5,East,COD,False,1
ORD101610,2025-07-06,Sports,2918.73,2,0,5837.46,South,Net Banking,False,3
ORD101611,2025-09-21,Sports,7537.53,1,20,6030.02,West,UPI,False,4
ORD101612,2025-10-12,Fashion,1995.79,2,5,3792.0,North,Debit Card,False,5
ORD101613,2025-02-28,Home & Kitchen,3061.18,1,20,2448.94,East,UPI,False,5
ORD101614,2025-03-18,Fashion,2769.57,1,10,2492.61,East,UPI,False,5
ORD101615,2025-05-24,Sports,2427.55,1,10,2184.8,East,UPI,False,2
ORD101616,2024-07-28,Fashion,4190.05,1,30,2933.04,West,Net Banking,False,3
ORD101617,2025-04-20,Sports,4492.63,2,5,8536.0,North,UPI,False,3
ORD101618,2024-04-12,Electronics,10316.94,1,5,9801.09,West,UPI,False,3
ORD101619,2024-12-30,Home & Kitchen,1440.51,1,20,1152.41,East,Debit Card,False,3
ORD101620,2024-08-12,Fashion,1176.93,1,0,1176.93,North,UPI,False,5
ORD101621,2024-09-04,Beauty,1948.54,1,10,1753.69,North,Credit Card,False,4
ORD101622,2024-11-23,Fashion,396.69,3,5,1130.57,East,Debit Card,False,4
ORD101623,2024-11-10,Fashion,566.03,2,0,1132.06,West,Net Banking,False,5
ORD101624,2024-12-31,Home & Kitchen,2540.61,1,10,2286.55,East,Debit Card,False,5
ORD101625,2025-06-08,Beauty,1102.65,2,15,1874.5,East,UPI,False,4
ORD101626,2024-09-28,Home & Kitchen,5919.21,2,0,11838.42,South,Credit Card,False,4
ORD101627,2024-03-23,Sports,2539.9,1,5,2412.91,South,COD,False,5
ORD101628,2025-12-06,Electronics,3096.8,1,0,3096.8,South,UPI,False,4
ORD101629,2025-02-09,Home & Kitchen,11219.69,1,15,9536.74,Central,UPI,False,3
ORD101630,2025-08-06,Beauty,2023.86,1,0,2023.86,South,UPI,False,3
ORD101631,2025-08-28,Home & Kitchen,7178.48,1,20,5742.78,South,Credit Card,False,4
ORD101632,2025-03-31,Electronics,19276.61,1,5,18312.78,East,UPI,False,5
ORD101633,2024-02-17,Fashion,1914.19,1,5,1818.48,South,Credit Card,False,5
ORD101634,2025-01-04,Electronics,6199.1,1,30,4339.37,North,UPI,False,4
ORD101635,2024-09-30,Electronics,4195.91,2,0,8391.82,South,UPI,False,5
ORD101636,2024-05-05,Fashion,4319.6,2,10,7775.28,North,COD,False,3
ORD101637,2024-11-30,Home & Kitchen,6631.61,1,10,5968.45,West,UPI,False,5
ORD101638,2024-05-20,Electronics,19125.42,2,10,34425.76,West,Credit Card,False,4
ORD101639,2025-12-29,Sports,3574.33,1,0,3574.33,North,Credit Card,False,5
ORD101640,2024-02-04,Sports,7096.72,1,5,6741.88,Central,COD,False,4
ORD101641,2024-12-07,Fashion,2436.19,1,0,2436.19,Central,UPI,False,4
ORD101642,2024-05-25,Fashion,3199.44,1,0,3199.44,North,Credit Card,False,4
ORD101643,2024-06-10,Home & Kitchen,1537.07,1,30,1075.95,South,COD,False,5
ORD101644,2025-11-23,Fashion,2642.13,2,15,4491.62,North,Credit Card,False,5
ORD101645,2024-11-04,Fashion,4678.03,1,5,4444.13,West,Credit Card,False,5
ORD101646,2024-09-29,Electronics,16228.49,1,10,14605.64,North,UPI,False,5
ORD101647,2024-02-17,Fashion,1312.78,1,15,1115.86,West,Debit Card,False,4
ORD101648,2024-12-13,Sports,4280.29,1,0,4280.29,East,UPI,False,5
ORD101649,2024-01-19,Electronics,30896.91,1,15,26262.37,North,Credit Card,False,3
ORD101650,2025-06-15,Sports,1995.05,2,20,3192.08,East,UPI,False,4
ORD101651,2024-08-07,Home & Kitchen,5812.96,1,20,4650.37,North,UPI,False,5
ORD101652,2025-02-03,Electronics,22456.43,2,5,42667.22,South,Credit Card,False,4
ORD101653,2024-11-06,Electronics,16635.86,1,15,14140.48,South,Credit Card,True,2
ORD101654,2025-02-21,Fashion,2856.32,1,15,2427.87,North,Debit Card,False,4
ORD101655,2025-01-25,Home & Kitchen,7231.04,1,10,6507.94,South,UPI,False,4
ORD101656,2025-10-26,Electronics,20322.66,1,5,19306.53,Central,Debit Card,False,5
ORD101657,2024-12-04,Home & Kitchen,4530.83,1,30,3171.58,West,COD,False,4
ORD101658,2025-08-28,Home & Kitchen,5257.55,1,0,5257.55,West,UPI,False,5
ORD101659,2024-03-18,Sports,6768.41,1,0,6768.41,East,UPI,False,5
ORD101660,2024-06-09,Electronics,23343.46,2,5,44352.57,East,COD,False,4
ORD101661,2025-04-29,Electronics,3342.21,1,5,3175.1,North,UPI,False,4
ORD101662,2024-11-24,Home & Kitchen,6734.23,2,15,11448.19,East,Net Banking,False,5
ORD101663,2024-08-06,Fashion,2173.56,1,10,1956.2,North,Net Banking,False,3
ORD101664,2025-08-21,Sports,1984.8,2,0,3969.6,North,Credit Card,False,4
ORD101665,2025-01-14,Electronics,8957.3,3,0,26871.9,North,Debit Card,False,5
ORD101666,2025-02-18,Sports,5734.82,1,0,5734.82,West,UPI,False,4
ORD101667,2024-09-21,Home & Kitchen,6055.03,1,5,5752.28,East,Debit Card,False,5
ORD101668,2024-08-20,Fashion,704.46,1,5,669.24,East,UPI,False,5
ORD101669,2025-10-06,Beauty,1810.41,1,20,1448.33,West,UPI,False,4
ORD101670,2024-07-10,Beauty,549.11,1,0,549.11,North,UPI,False,5
ORD101671,2025-06-28,Fashion,4069.23,1,10,3662.31,North,COD,False,4
ORD101672,2024-12-27,Home & Kitchen,724.86,2,20,1159.78,North,COD,False,5
ORD101673,2024-06-24,Fashion,4659.88,1,0,4659.88,South,Credit Card,False,4
ORD101674,2025-08-22,Electronics,30006.68,1,5,28506.35,South,Credit Card,False,1
ORD101675,2024-01-26,Fashion,571.11,1,15,485.44,North,Credit Card,False,4
ORD101676,2025-12-21,Home & Kitchen,5572.72,1,0,5572.72,North,Net Banking,False,5
ORD101677,2024-11-27,Electronics,27467.93,1,10,24721.14,North,UPI,False,4
ORD101678,2024-05-15,Sports,3067.86,1,20,2454.29,Central,UPI,False,5
ORD101679,2025-04-26,Fashion,1788.92,2,0,3577.84,North,COD,False,5
ORD101680,2024-12-09,Fashion,465.37,1,10,418.83,East,UPI,False,4
ORD101681,2024-02-22,Fashion,2212.84,1,5,2102.2,South,Credit Card,False,4
ORD101682,2024-11-19,Fashion,1047.14,1,5,994.78,South,COD,False,5
ORD101683,2024-12-26,Beauty,2790.15,1,0,2790.15,North,UPI,False,4
ORD101684,2024-05-04,Electronics,30797.97,1,15,26178.27,West,UPI,False,5
ORD101685,2024-06-06,Fashion,4169.27,1,10,3752.34,South,Credit Card,False,1
ORD101686,2024-06-12,Electronics,19228.12,1,5,18266.71,West,Debit Card,False,3
ORD101687,2025-05-23,Sports,4516.31,2,0,9032.62,West,UPI,False,3
ORD101688,2025-12-13,Fashion,4223.87,1,30,2956.71,North,UPI,False,4
ORD101689,2024-02-22,Beauty,2694.07,1,5,2559.37,Central,COD,False,5
ORD101690,2025-01-13,Beauty,2967.48,2,20,4747.97,West,Credit Card,False,5
ORD101691,2024-12-20,Sports,3218.47,1,0,3218.47,West,Debit Card,False,5
ORD101692,2025-07-12,Fashion,4060.74,1,5,3857.7,East,Net Banking,False,4
ORD101693,2025-04-22,Electronics,4711.55,1,0,4711.55,North,Credit Card,False,5
ORD101694,2025-04-23,Fashion,2584.22,1,5,2455.01,North,UPI,False,4
ORD101695,2025-03-21,Fashion,2836.34,1,10,2552.71,West,Debit Card,False,4
ORD101696,2025-07-28,Beauty,2138.26,1,0,2138.26,East,UPI,False,4
ORD101697,2025-03-28,Beauty,1057.53,1,10,951.78,North,Credit Card,False,5
ORD101698,2024-04-20,Electronics,44712.46,1,10,40241.21,North,UPI,False,1
ORD101699,2025-09-16,Fashion,2215.41,1,15,1883.1,North,COD,False,5
ORD101700,2025-05-25,Home & Kitchen,2356.09,3,5,6714.86,East,UPI,False,4
ORD101701,2024-08-03,Fashion,3898.0,1,5,3703.1,North,Debit Card,False,4
ORD101702,2024-04-12,Electronics,32812.62,2,0,65625.24,Central,Debit Card,False,2
ORD101703,2024-11-21,Home & Kitchen,1998.51,1,0,1998.51,East,Credit Card,False,4
ORD101704,2024-09-15,Home & Kitchen,7034.57,3,0,21103.71,West,Credit Card,True,4
ORD101705,2024-04-26,Fashion,3234.68,1,0,3234.68,East,Net Banking,False,5
ORD101706,2024-01-09,Fashion,4477.77,1,20,3582.22,East,UPI,False,4
ORD101707,2025-07-18,Sports,1621.98,2,0,3243.96,East,UPI,False,4
ORD101708,2024-12-14,Beauty,1540.38,1,15,1309.32,East,UPI,False,5
ORD101709,2025-10-08,Electronics,24645.5,1,20,19716.4,South,Debit Card,False,3
ORD101710,2024-05-25,Fashion,2569.24,1,15,2183.85,East,Credit Card,False,5
ORD101711,2025-05-12,Electronics,4831.51,1,0,4831.51,East,COD,False,5
ORD101712,2025-11-21,Fashion,583.72,1,0,583.72,West,UPI,False,5
ORD101713,2024-12-14,Fashion,1901.59,1,0,1901.59,North,COD,False,5
ORD101714,2024-10-04,Electronics,40403.6,1,15,34343.06,West,UPI,False,5
ORD101715,2024-07-11,Beauty,2917.18,1,15,2479.6,West,UPI,False,5
ORD101716,2024-11-28,Electronics,23623.14,1,10,21260.83,South,UPI,False,3
ORD101717,2025-12-02,Fashion,333.72,1,20,266.98,East,Debit Card,False,5
ORD101718,2024-09-11,Home & Kitchen,5733.61,1,10,5160.25,South,COD,False,2
ORD101719,2024-08-19,Home & Kitchen,10678.19,1,15,9076.46,South,Credit Card,False,4
ORD101720,2024-04-22,Beauty,2697.84,1,0,2697.84,North,UPI,False,5
ORD101721,2025-09-13,Electronics,44552.95,1,10,40097.66,North,Net Banking,False,4
ORD101722,2024-07-19,Home & Kitchen,1414.76,1,5,1344.02,North,UPI,False,4
ORD101723,2024-06-16,Sports,7938.49,1,0,7938.49,North,Debit Card,False,5
ORD101724,2024-08-19,Home & Kitchen,3227.12,1,0,3227.12,South,Debit Card,False,4
ORD101725,2024-07-01,Beauty,1490.66,1,15,1267.06,North,UPI,False,3
ORD101726,2024-07-13,Sports,4935.0,1,5,4688.25,North,Credit Card,False,5
ORD101727,2025-03-24,Sports,1969.04,1,0,1969.04,South,UPI,False,4
ORD101728,2024-11-05,Sports,3488.69,1,10,3139.82,South,UPI,True,5
ORD101729,2024-06-17,Electronics,18046.48,1,0,18046.48,South,UPI,False,5
ORD101730,2025-04-08,Fashion,1904.15,3,15,4855.58,North,UPI,False,5
ORD101731,2024-02-26,Home & Kitchen,6810.56,1,0,6810.56,South,COD,False,4
ORD101732,2025-10-10,Beauty,2999.79,1,15,2549.82,West,Credit Card,False,5
ORD101733,2024-11-11,Sports,7128.33,1,0,7128.33,South,UPI,False,4
ORD101734,2025-05-17,Home & Kitchen,2320.54,1,5,2204.51,South,COD,False,4
ORD101735,2024-07-29,Sports,6569.34,2,0,13138.68,South,UPI,False,5
ORD101736,2025-05-30,Fashion,1246.79,1,15,1059.77,South,Credit Card,False,5
ORD101737,2025-11-01,Beauty,1425.0,2,0,2850.0,East,UPI,False,5
ORD101738,2025-12-05,Fashion,4150.93,2,20,6641.49,North,UPI,False,3
ORD101739,2024-03-07,Sports,3981.47,1,0,3981.47,North,COD,False,5
ORD101740,2024-10-09,Home & Kitchen,1365.05,1,0,1365.05,East,UPI,False,5
ORD101741,2024-05-25,Electronics,42333.92,1,5,40217.22,South,UPI,False,4
ORD101742,2024-10-28,Electronics,42527.59,1,10,38274.83,North,Debit Card,False,5
ORD101743,2025-01-17,Home & Kitchen,8601.59,1,0,8601.59,Central,UPI,False,5
ORD101744,2025-02-21,Fashion,1321.0,1,5,1254.95,South,Credit Card,False,5
ORD101745,2024-12-16,Electronics,34154.98,2,15,58063.47,Central,Debit Card,False,5
ORD101746,2024-08-03,Home & Kitchen,1103.08,1,0,1103.08,South,Credit Card,False,5
ORD101747,2025-07-16,Electronics,44381.15,1,20,35504.92,East,UPI,False,5
ORD101748,2025-06-07,Home & Kitchen,10798.12,1,10,9718.31,East,UPI,False,3
ORD101749,2024-07-19,Fashion,4519.21,3,0,13557.63,North,Credit Card,False,4
ORD101750,2024-10-09,Electronics,28808.57,1,5,27368.14,North,UPI,False,5
ORD101751,2024-05-02,Beauty,1456.86,1,10,1311.17,North,Credit Card,False,5
ORD101752,2024-09-18,Fashion,3349.59,1,5,3182.11,South,UPI,False,5
ORD101753,2024-10-27,Sports,2260.13,1,15,1921.11,South,Debit Card,False,5
ORD101754,2025-02-21,Electronics,9864.69,1,10,8878.22,West,UPI,False,5
ORD101755,2024-08-15,Home & Kitchen,9223.52,1,15,7839.99,South,Credit Card,False,5
ORD101756,2025-04-05,Home & Kitchen,10858.39,1,15,9229.63,North,UPI,False,5
ORD101757,2025-11-27,Fashion,1702.44,1,10,1532.2,South,UPI,False,4
ORD101758,2025-04-05,Electronics,6513.78,1,0,6513.78,South,UPI,False,5
ORD101759,2024-11-11,Fashion,2949.47,1,0,2949.47,North,COD,False,4
ORD101760,2024-10-26,Electronics,37617.38,1,5,35736.51,East,COD,False,4
ORD101761,2024-09-25,Fashion,1641.9,1,10,1477.71,South,Credit Card,False,2
ORD101762,2024-05-04,Home & Kitchen,10311.31,1,15,8764.61,South,UPI,False,4
ORD101763,2025-01-26,Electronics,44209.05,1,0,44209.05,North,UPI,False,3
ORD101764,2025-05-14,Fashion,1457.45,2,5,2769.16,East,UPI,True,4
ORD101765,2024-10-19,Electronics,28433.46,1,0,28433.46,South,UPI,False,3
ORD101766,2025-08-30,Sports,2970.4,1,0,2970.4,South,UPI,False,4
ORD101767,2024-08-13,Sports,3350.88,1,20,2680.7,South,UPI,False,3
ORD101768,2024-06-14,Fashion,2867.37,1,20,2293.9,Central,UPI,False,3
ORD101769,2025-02-13,Fashion,1259.12,2,15,2140.5,South,Credit Card,True,5
ORD101770,2025-02-08,Beauty,1785.41,1,5,1696.14,West,UPI,False,5
ORD101771,2025-12-10,Fashion,3045.83,1,15,2588.96,West,Credit Card,False,3
ORD101772,2025-11-19,Electronics,30100.0,2,15,51170.0,East,UPI,False,5
ORD101773,2024-12-06,Home & Kitchen,6438.96,1,10,5795.06,Central,UPI,False,5
ORD101774,2025-06-26,Beauty,2729.18,1,15,2319.8,East,UPI,False,3
ORD101775,2025-08-17,Beauty,1074.84,2,5,2042.2,South,COD,False,4
ORD101776,2025-05-25,Sports,6440.14,3,15,16422.36,North,UPI,False,1
ORD101777,2024-08-22,Home & Kitchen,8052.55,1,0,8052.55,West,Credit Card,False,5
ORD101778,2024-07-26,Fashion,3826.47,1,30,2678.53,South,UPI,True,3
ORD101779,2024-05-15,Home & Kitchen,2228.86,1,0,2228.86,East,UPI,False,5
ORD101780,2024-12-25,Beauty,1124.23,2,15,1911.19,South,COD,False,1
ORD101781,2025-07-07,Fashion,900.58,1,5,855.55,East,Debit Card,False,4
ORD101782,2025-12-16,Home & Kitchen,4166.75,1,20,3333.4,West,UPI,False,2
ORD101783,2025-06-05,Beauty,348.98,1,0,348.98,West,COD,False,3
ORD101784,2025-07-07,Home & Kitchen,8630.53,1,15,7335.95,West,Credit Card,False,5
ORD101785,2024-05-23,Fashion,1652.44,1,10,1487.2,East,UPI,False,3
ORD101786,2024-05-17,Home & Kitchen,5380.85,2,0,10761.7,North,UPI,False,4
ORD101787,2025-04-09,Sports,6690.61,2,0,13381.22,North,Net Banking,False,4
ORD101788,2024-10-02,Fashion,2681.55,1,15,2279.32,North,UPI,False,4
ORD101789,2024-10-25,Sports,3886.34,1,10,3497.71,Central,UPI,False,3
ORD101790,2025-10-27,Sports,7734.35,1,10,6960.92,South,COD,False,5
ORD101791,2025-07-08,Home & Kitchen,3851.16,1,5,3658.6,North,Credit Card,False,5
ORD101792,2024-12-11,Home & Kitchen,4191.11,1,15,3562.44,South,COD,False,5
ORD101793,2025-11-28,Electronics,29920.29,2,10,53856.52,West,Net Banking,False,4
ORD101794,2025-05-16,Fashion,2471.39,1,0,2471.39,North,Debit Card,False,5
ORD101795,2024-09-26,Home & Kitchen,7889.95,1,20,6311.96,East,COD,False,5
ORD101796,2025-09-28,Electronics,28980.52,1,20,23184.42,North,UPI,False,3
ORD101797,2025-05-08,Home & Kitchen,3456.85,1,5,3284.01,Central,UPI,False,4
ORD101798,2024-02-21,Fashion,3334.01,1,10,3000.61,Central,Debit Card,False,5
ORD101799,2025-04-06,Electronics,20320.18,1,0,20320.18,Central,UPI,False,3
ORD101800,2024-03-10,Electronics,32797.79,1,0,32797.79,North,Debit Card,False,5
ORD101801,2024-12-25,Sports,6928.98,1,5,6582.53,South,Debit Card,False,2
ORD101802,2025-08-16,Fashion,2235.29,1,0,2235.29,Central,Debit Card,False,1
ORD101803,2024-08-31,Beauty,1401.7,1,10,1261.53,East,UPI,False,5
ORD101804,2024-11-07,Electronics,39598.16,2,20,63357.06,North,Debit Card,False,4
ORD101805,2024-04-20,Sports,4637.82,1,15,3942.15,West,Credit Card,False,5
ORD101806,2024-07-19,Sports,5169.43,1,0,5169.43,West,Debit Card,False,4
ORD101807,2024-04-16,Sports,1229.61,1,10,1106.65,South,Debit Card,False,1
ORD101808,2024-12-26,Electronics,39893.89,1,5,37899.2,West,Net Banking,False,4
ORD101809,2024-01-26,Home & Kitchen,7941.64,1,15,6750.39,North,Credit Card,False,5
ORD101810,2025-07-20,Sports,6299.46,2,5,11968.97,West,Debit Card,True,4
ORD101811,2025-03-22,Home & Kitchen,11143.62,1,30,7800.53,South,UPI,False,4
ORD101812,2025-08-02,Electronics,33332.08,1,5,31665.48,Central,Credit Card,False,3
ORD101813,2024-06-11,Electronics,19663.97,1,30,13764.78,South,COD,False,5
ORD101814,2024-04-22,Fashion,4264.37,1,0,4264.37,South,Debit Card,False,4
ORD101815,2024-06-09,Sports,3452.9,1,10,3107.61,West,UPI,False,3
ORD101816,2025-12-02,Fashion,1026.97,1,0,1026.97,East,Credit Card,False,5
ORD101817,2024-11-24,Fashion,491.63,1,10,442.47,North,Net Banking,False,3
ORD101818,2025-09-03,Electronics,43501.5,1,5,41326.42,South,Debit Card,True,4
ORD101819,2024-03-17,Fashion,4380.06,1,0,4380.06,South,COD,False,5
ORD101820,2024-12-22,Beauty,2369.22,1,30,1658.45,West,UPI,False,5
ORD101821,2025-09-03,Home & Kitchen,5161.76,1,10,4645.58,North,Credit Card,False,5
ORD101822,2024-07-23,Fashion,3662.62,2,5,6958.98,East,Debit Card,False,5
ORD101823,2024-07-20,Fashion,2155.81,1,20,1724.65,South,UPI,False,4
ORD101824,2025-04-25,Electronics,16555.53,2,0,33111.06,North,Net Banking,False,5
ORD101825,2024-10-03,Home & Kitchen,9140.02,1,10,8226.02,South,UPI,False,5
ORD101826,2025-07-11,Home & Kitchen,6484.71,2,5,12320.95,East,UPI,False,5
ORD101827,2024-07-05,Electronics,5075.77,1,5,4821.98,Central,UPI,False,4
ORD101828,2024-01-14,Electronics,18018.89,1,10,16217.0,Central,UPI,True,3
ORD101829,2024-01-29,Fashion,1786.77,1,10,1608.09,East,UPI,False,4
ORD101830,2024-06-21,Fashion,4063.88,1,20,3251.1,East,COD,False,2
ORD101831,2024-06-23,Home & Kitchen,7078.57,1,5,6724.64,West,Credit Card,False,5
ORD101832,2025-08-19,Beauty,467.92,1,5,444.52,North,UPI,False,4
ORD101833,2024-11-09,Home & Kitchen,11322.57,2,10,20380.63,South,UPI,False,5
ORD101834,2024-12-07,Home & Kitchen,4838.64,1,0,4838.64,South,COD,False,4
ORD101835,2024-08-27,Beauty,1653.17,1,0,1653.17,North,Debit Card,False,5
ORD101836,2025-05-22,Electronics,19025.96,1,10,17123.36,North,Debit Card,False,4
ORD101837,2025-05-02,Sports,7313.35,1,0,7313.35,South,COD,False,5
ORD101838,2025-10-12,Electronics,11129.53,1,20,8903.62,North,Credit Card,False,4
ORD101839,2025-03-18,Home & Kitchen,9887.34,1,5,9392.97,South,Net Banking,False,5
ORD101840,2024-09-28,Sports,7867.7,1,10,7080.93,South,COD,False,4
ORD101841,2024-05-29,Electronics,3445.4,1,30,2411.78,North,Credit Card,False,5
ORD101842,2025-04-09,Fashion,2759.12,1,0,2759.12,North,Credit Card,False,3
ORD101843,2024-01-31,Fashion,531.62,2,15,903.75,North,UPI,False,5
ORD101844,2025-02-23,Electronics,29691.79,2,0,59383.58,North,Credit Card,False,3
ORD101845,2024-01-04,Fashion,2719.45,2,5,5166.95,West,Debit Card,False,5
ORD101846,2025-07-09,Home & Kitchen,6180.88,3,0,18542.64,North,UPI,False,5
ORD101847,2025-10-09,Home & Kitchen,6215.91,1,10,5594.32,North,UPI,True,5
ORD101848,2025-11-13,Electronics,39303.55,1,10,35373.2,South,Net Banking,False,5
ORD101849,2024-07-22,Home & Kitchen,8546.85,1,10,7692.17,South,Credit Card,False,1
ORD101850,2025-08-05,Fashion,4673.26,1,20,3738.61,North,UPI,False,5
ORD101851,2025-05-10,Home & Kitchen,6100.4,1,0,6100.4,North,UPI,False,3
ORD101852,2024-09-26,Electronics,39479.96,1,0,39479.96,South,Credit Card,False,5
ORD101853,2024-10-15,Beauty,1215.44,1,5,1154.67,South,COD,False,5
ORD101854,2024-03-15,Fashion,1392.6,1,5,1322.97,South,Debit Card,False,5
ORD101855,2024-04-07,Beauty,241.73,1,10,217.56,South,Debit Card,False,4
ORD101856,2024-10-24,Fashion,1378.18,1,10,1240.36,South,COD,False,5
ORD101857,2024-01-13,Fashion,2764.56,2,15,4699.75,North,Net Banking,False,3
ORD101858,2025-09-04,Fashion,3504.95,1,30,2453.46,North,Debit Card,False,5
ORD101859,2024-02-10,Home & Kitchen,5494.34,1,0,5494.34,East,UPI,False,5
ORD101860,2025-01-28,Sports,7209.19,1,30,5046.43,Central,UPI,False,4
ORD101861,2025-10-18,Sports,3502.33,1,5,3327.21,East,UPI,False,5
ORD101862,2025-03-20,Sports,4877.09,1,5,4633.24,North,Credit Card,False,4
ORD101863,2024-07-27,Electronics,14995.35,1,10,13495.82,West,Net Banking,False,5
ORD101864,2024-07-16,Fashion,4766.58,1,10,4289.92,East,COD,False,5
ORD101865,2025-02-22,Electronics,15945.27,1,15,13553.48,North,Credit Card,False,3
ORD101866,2024-09-22,Home & Kitchen,1318.12,1,0,1318.12,East,Credit Card,True,5
ORD101867,2024-10-10,Beauty,2208.6,1,0,2208.6,West,COD,False,5
ORD101868,2024-01-16,Beauty,1955.28,1,0,1955.28,West,Credit Card,False,4
ORD101869,2025-12-29,Fashion,3562.96,2,10,6413.33,North,Net Banking,False,4
ORD101870,2025-12-28,Fashion,1562.2,1,10,1405.98,West,UPI,False,2
ORD101871,2025-03-25,Fashion,2964.03,2,10,5335.25,East,UPI,False,4
ORD101872,2024-12-05,Fashion,2669.25,2,15,4537.72,North,UPI,False,5
ORD101873,2024-04-05,Sports,3060.01,1,0,3060.01,West,Debit Card,False,2
ORD101874,2025-05-23,Fashion,4696.3,2,0,9392.6,South,UPI,False,5
ORD101875,2025-12-11,Fashion,592.45,2,0,1184.9,Central,UPI,False,2
ORD101876,2024-05-18,Electronics,40093.39,1,15,34079.38,East,UPI,False,5
ORD101877,2024-01-03,Fashion,4646.49,1,0,4646.49,North,UPI,False,4
ORD101878,2025-08-07,Beauty,1510.94,1,0,1510.94,North,COD,False,5
ORD101879,2025-09-15,Electronics,17384.61,1,15,14776.92,East,COD,False,5
ORD101880,2024-08-23,Sports,5859.38,1,5,5566.41,East,UPI,False,5
ORD101881,2025-07-25,Home & Kitchen,5603.24,1,10,5042.92,North,Debit Card,False,4
ORD101882,2025-07-24,Beauty,2135.63,2,0,4271.26,West,Credit Card,False,4
ORD101883,2025-06-29,Sports,1975.5,1,20,1580.4,South,UPI,False,4
ORD101884,2024-04-23,Sports,7753.41,1,0,7753.41,North,Net Banking,False,5
ORD101885,2024-10-25,Fashion,1299.59,1,20,1039.67,South,COD,False,4
ORD101886,2024-07-03,Fashion,4684.22,1,5,4450.01,North,COD,False,5
ORD101887,2024-04-28,Home & Kitchen,4603.98,1,15,3913.38,South,UPI,False,1
ORD101888,2024-01-05,Beauty,1053.7,2,10,1896.66,South,Credit Card,False,4
ORD101889,2024-09-30,Beauty,1528.0,2,10,2750.4,West,COD,False,4
ORD101890,2024-02-01,Fashion,3872.17,1,10,3484.95,East,COD,False,3
ORD101891,2024-12-17,Home & Kitchen,1459.4,1,10,1313.46,North,COD,False,2
ORD101892,2024-07-20,Home & Kitchen,5470.11,1,15,4649.59,East,Credit Card,False,5
ORD101893,2025-04-25,Sports,3154.97,1,15,2681.72,West,Debit Card,False,5
ORD101894,2024-01-30,Home & Kitchen,3930.0,1,10,3537.0,North,COD,False,5
ORD101895,2024-03-17,Beauty,880.97,1,0,880.97,Central,Credit Card,False,4
ORD101896,2025-07-07,Beauty,1503.05,1,10,1352.74,North,UPI,False,4
ORD101897,2024-08-27,Fashion,3191.32,1,20,2553.06,West,Net Banking,False,5
ORD101898,2024-12-02,Fashion,4539.95,1,0,4539.95,North,UPI,False,4
ORD101899,2024-09-08,Sports,1758.74,1,5,1670.8,South,Credit Card,False,4
ORD101900,2025-08-18,Electronics,17787.23,1,10,16008.51,East,Net Banking,False,5
ORD101901,2024-10-27,Sports,4973.42,1,15,4227.41,North,UPI,False,4
ORD101902,2025-11-23,Fashion,4986.67,1,0,4986.67,West,UPI,True,4
ORD101903,2024-11-04,Electronics,43477.42,1,15,36955.81,North,Credit Card,False,1
ORD101904,2024-07-29,Fashion,319.08,1,10,287.17,East,UPI,False,3
ORD101905,2024-08-07,Home & Kitchen,2968.84,1,0,2968.84,South,COD,True,3
ORD101906,2024-03-09,Fashion,3670.46,1,0,3670.46,South,UPI,False,3
ORD101907,2024-08-24,Beauty,1764.81,1,5,1676.57,North,Credit Card,False,4
ORD101908,2025-10-07,Beauty,2522.64,1,15,2144.24,North,UPI,False,4
ORD101909,2025-11-08,Fashion,1535.11,1,10,1381.6,Central,UPI,False,5
ORD101910,2025-01-31,Home & Kitchen,1456.37,1,15,1237.91,West,Net Banking,False,4
ORD101911,2025-08-15,Fashion,3947.81,2,0,7895.62,North,UPI,False,5
ORD101912,2024-03-29,Fashion,3583.48,1,30,2508.44,North,Credit Card,False,4
ORD101913,2025-04-18,Home & Kitchen,9475.64,1,15,8054.29,West,Debit Card,False,5
ORD101914,2024-04-12,Fashion,4523.92,1,10,4071.53,South,Credit Card,False,5
ORD101915,2024-10-15,Home & Kitchen,4604.53,1,30,3223.17,West,Debit Card,False,3
ORD101916,2024-12-31,Fashion,1520.64,1,0,1520.64,West,Credit Card,False,5
ORD101917,2025-10-23,Fashion,4450.93,1,15,3783.29,East,Debit Card,False,4
ORD101918,2024-04-03,Electronics,5408.82,2,0,10817.64,West,UPI,False,4
ORD101919,2024-07-12,Beauty,2827.76,1,10,2544.98,West,Credit Card,False,5
ORD101920,2024-08-22,Fashion,2110.09,1,0,2110.09,West,Net Banking,False,5
ORD101921,2024-04-17,Home & Kitchen,4486.46,1,10,4037.81,North,COD,False,5
ORD101922,2025-09-30,Electronics,12961.53,1,15,11017.3,East,Debit Card,False,5
ORD101923,2024-08-14,Home & Kitchen,4647.03,1,10,4182.33,North,Net Banking,False,5
ORD101924,2024-11-01,Electronics,13157.85,1,15,11184.17,North,Debit Card,False,4
ORD101925,2024-12-14,Electronics,4771.58,1,10,4294.42,North,UPI,False,1
ORD101926,2024-11-30,Home & Kitchen,3516.55,2,30,4923.17,North,Debit Card,False,4
ORD101927,2024-10-02,Home & Kitchen,4462.34,1,0,4462.34,West,UPI,False,2
ORD101928,2024-06-25,Home & Kitchen,2124.78,1,5,2018.54,East,UPI,False,5
ORD101929,2025-08-22,Beauty,337.46,1,5,320.59,North,UPI,False,4
ORD101930,2025-04-27,Home & Kitchen,6527.51,1,0,6527.51,North,COD,False,4
ORD101931,2025-08-08,Home & Kitchen,7688.2,2,0,15376.4,West,Debit Card,False,4
ORD101932,2024-03-11,Electronics,32261.47,1,10,29035.32,North,Net Banking,False,4
ORD101933,2024-05-26,Beauty,2287.97,1,20,1830.38,East,Debit Card,False,3
ORD101934,2025-04-14,Fashion,804.4,1,5,764.18,North,UPI,False,4
ORD101935,2024-06-01,Beauty,1696.56,2,5,3223.46,North,UPI,False,4
ORD101936,2024-06-16,Home & Kitchen,1182.12,1,5,1123.01,Central,UPI,False,4
ORD101937,2025-12-11,Electronics,15096.78,2,0,30193.56,South,Credit Card,False,5
ORD101938,2025-07-15,Home & Kitchen,10536.36,1,20,8429.09,South,Credit Card,False,5
ORD101939,2025-08-21,Sports,7472.4,1,0,7472.4,North,UPI,False,5
ORD101940,2024-01-17,Home & Kitchen,6423.29,2,0,12846.58,Central,UPI,False,5
ORD101941,2025-10-29,Home & Kitchen,8453.09,1,0,8453.09,East,Debit Card,False,5
ORD101942,2024-04-17,Home & Kitchen,11218.36,1,10,10096.52,North,UPI,False,5
ORD101943,2025-03-09,Fashion,3737.99,2,15,6354.58,West,UPI,False,5
ORD101944,2024-10-01,Fashion,2617.17,1,5,2486.31,South,Net Banking,False,5
ORD101945,2025-01-15,Fashion,3655.53,1,0,3655.53,South,UPI,False,4
ORD101946,2024-09-23,Fashion,2418.18,1,5,2297.27,North,Debit Card,False,5
ORD101947,2025-03-11,Home & Kitchen,6820.48,1,10,6138.43,East,COD,False,5
ORD101948,2025-09-19,Sports,7924.51,1,0,7924.51,North,Credit Card,False,5
ORD101949,2024-07-31,Sports,4771.87,1,15,4056.09,East,Net Banking,False,5
ORD101950,2024-02-13,Sports,7039.94,1,0,7039.94,North,Net Banking,False,3
ORD101951,2024-01-25,Electronics,37970.36,1,15,32274.81,North,Net Banking,False,5
ORD101952,2024-06-11,Fashion,4935.44,1,0,4935.44,South,Debit Card,False,5
ORD101953,2024-02-11,Fashion,2289.23,1,10,2060.31,West,UPI,False,5
ORD101954,2024-04-03,Fashion,1539.79,1,15,1308.82,South,UPI,False,5
ORD101955,2025-02-06,Fashion,2698.21,1,0,2698.21,North,Credit Card,False,4
ORD101956,2024-06-10,Home & Kitchen,4401.56,1,0,4401.56,North,COD,True,2
ORD101957,2024-08-17,Beauty,953.72,1,15,810.66,North,Debit Card,False,5
ORD101958,2024-12-28,Electronics,41269.06,1,30,28888.34,East,UPI,False,4
ORD101959,2025-03-04,Home & Kitchen,7006.11,1,15,5955.19,East,COD,False,5
ORD101960,2024-09-15,Sports,2111.11,1,10,1900.0,West,Debit Card,False,5
ORD101961,2024-09-09,Sports,1675.77,2,0,3351.54,North,UPI,True,5
ORD101962,2024-04-11,Beauty,1768.29,3,15,4509.14,East,COD,False,3
ORD101963,2025-03-31,Fashion,3940.43,1,0,3940.43,East,Credit Card,False,3
ORD101964,2024-05-01,Sports,2324.61,2,0,4649.22,South,UPI,False,4
ORD101965,2025-10-11,Home & Kitchen,10844.7,1,0,10844.7,South,Credit Card,False,5
ORD101966,2025-10-15,Electronics,8403.57,1,5,7983.39,South,Credit Card,False,5
ORD101967,2025-11-20,Beauty,1943.68,1,15,1652.13,South,UPI,False,4
ORD101968,2025-07-25,Electronics,17584.23,1,20,14067.38,South,UPI,False,4
ORD101969,2025-04-28,Fashion,3246.77,1,10,2922.09,West,UPI,False,3
ORD101970,2024-04-04,Fashion,395.27,1,20,316.22,North,UPI,False,5
ORD101971,2025-06-01,Fashion,2912.24,2,0,5824.48,South,Debit Card,False,5
ORD101972,2024-06-30,Fashion,382.8,1,15,325.38,West,UPI,False,4
ORD101973,2024-05-26,Sports,1982.05,3,0,5946.15,South,Credit Card,False,5
ORD101974,2025-07-11,Sports,7575.71,1,5,7196.92,East,Credit Card,False,3
ORD101975,2024-02-18,Home & Kitchen,9783.35,2,0,19566.7,North,Credit Card,False,4
ORD101976,2024-09-25,Home & Kitchen,10245.35,1,10,9220.82,East,UPI,False,3
ORD101977,2024-12-25,Sports,7644.48,1,5,7262.26,North,COD,False,4
ORD101978,2024-03-16,Home & Kitchen,2939.31,1,20,2351.45,North,COD,False,5
ORD101979,2025-08-22,Fashion,2516.22,1,20,2012.98,East,UPI,False,5
ORD101980,2025-04-06,Sports,2276.86,1,15,1935.33,South,Credit Card,False,3
ORD101981,2025-11-22,Fashion,1014.68,1,10,913.21,East,UPI,False,4
ORD101982,2025-08-25,Fashion,783.69,1,10,705.32,North,UPI,False,4
ORD101983,2025-09-10,Fashion,4095.3,1,0,4095.3,South,COD,False,4
ORD101984,2024-11-30,Electronics,28312.53,1,0,28312.53,East,UPI,False,4
ORD101985,2024-12-15,Fashion,567.93,1,0,567.93,South,UPI,False,5
ORD101986,2024-09-25,Electronics,6681.18,2,10,12026.12,Central,UPI,False,4
ORD101987,2024-02-25,Beauty,917.39,2,0,1834.78,West,Net Banking,False,4
ORD101988,2024-01-01,Fashion,3344.7,1,20,2675.76,West,Credit Card,False,3
ORD101989,2024-03-24,Beauty,2392.84,1,30,1674.99,West,Debit Card,False,5
ORD101990,2024-01-13,Home & Kitchen,4973.21,1,5,4724.55,North,Debit Card,False,2
ORD101991,2024-10-05,Fashion,4459.09,1,0,4459.09,South,UPI,False,4
ORD101992,2024-01-23,Electronics,22892.17,1,15,19458.34,South,Credit Card,False,2
ORD101993,2025-08-14,Home & Kitchen,1147.48,1,0,1147.48,East,UPI,False,5
ORD101994,2025-06-20,Fashion,998.89,1,5,948.95,North,UPI,True,4
ORD101995,2025-06-06,Electronics,18637.32,1,15,15841.72,West,Debit Card,False,4
ORD101996,2025-05-02,Fashion,3165.64,1,5,3007.36,South,Debit Card,False,4
ORD101997,2024-09-26,Fashion,4674.48,1,5,4440.76,East,Credit Card,False,1
ORD101998,2024-06-30,Fashion,1760.27,3,20,4224.65,South,UPI,False,4
ORD101999,2025-03-29,Sports,5557.19,2,10,10002.94,East,Debit Card,False,4
ORD102000,2024-04-12,Home & Kitchen,816.77,1,15,694.25,West,Debit Card,False,5
ORD102001,2024-12-07,Fashion,587.18,2,0,1174.36,North,COD,False,5
ORD102002,2025-01-15,Beauty,2169.81,1,20,1735.85,South,UPI,False,3
ORD102003,2024-03-25,Sports,7018.87,3,15,17898.12,West,UPI,False,5
ORD102004,2024-01-19,Home & Kitchen,5234.34,1,0,5234.34,North,COD,False,4
ORD102005,2025-12-06,Fashion,1629.07,1,20,1303.26,South,Debit Card,False,5
ORD102006,2025-10-05,Sports,3408.67,2,10,6135.61,North,COD,False,1
ORD102007,2025-04-07,Electronics,26738.48,1,20,21390.78,West,UPI,False,5
ORD102008,2025-09-01,Fashion,448.51,2,0,897.02,South,UPI,False,4
ORD102009,2024-12-15,Sports,5931.44,2,10,10676.59,North,COD,False,4
ORD102010,2025-09-09,Fashion,3171.32,2,5,6025.51,South,UPI,False,4
ORD102011,2025-09-07,Beauty,2641.68,2,30,3698.35,North,UPI,False,5
ORD102012,2025-04-16,Home & Kitchen,7606.64,1,5,7226.31,East,Debit Card,False,5
ORD102013,2025-10-18,Fashion,1082.23,1,0,1082.23,South,Net Banking,False,5
ORD102014,2024-04-06,Beauty,2382.22,1,30,1667.55,Central,UPI,False,3
ORD102015,2024-08-01,Electronics,20325.92,1,5,19309.62,West,Net Banking,False,2
ORD102016,2025-05-27,Beauty,2770.35,1,30,1939.24,East,Credit Card,False,5
ORD102017,2025-10-11,Fashion,898.98,1,10,809.08,West,Debit Card,False,4
ORD102018,2024-04-10,Sports,5169.34,3,5,14732.62,North,Net Banking,False,3
ORD102019,2025-12-22,Fashion,1308.4,1,10,1177.56,South,Credit Card,True,3
ORD102020,2024-09-05,Beauty,1199.0,1,0,1199.0,South,UPI,False,4
ORD102021,2024-02-17,Electronics,16707.68,1,10,15036.91,West,UPI,False,5
ORD102022,2025-01-14,Fashion,1081.9,1,30,757.33,South,UPI,False,5
ORD102023,2024-07-22,Beauty,2273.82,1,0,2273.82,North,UPI,False,5
ORD102024,2025-10-09,Fashion,4205.95,1,15,3575.06,East,COD,False,3
ORD102025,2024-10-08,Fashion,1405.46,1,0,1405.46,North,Credit Card,False,4
ORD102026,2024-06-19,Electronics,25230.74,1,0,25230.74,West,COD,False,3
ORD102027,2025-08-11,Fashion,4326.48,1,15,3677.51,East,UPI,True,5
ORD102028,2024-12-10,Electronics,16408.93,1,0,16408.93,West,Debit Card,False,3
ORD102029,2024-01-10,Sports,3647.71,1,20,2918.17,South,Debit Card,False,4
ORD102030,2025-05-18,Fashion,813.55,1,5,772.87,East,Debit Card,False,5
ORD102031,2025-05-11,Fashion,1503.7,1,15,1278.14,West,UPI,False,4
ORD102032,2024-10-20,Home & Kitchen,4674.83,1,5,4441.09,Central,Debit Card,False,4
ORD102033,2025-02-18,Home & Kitchen,7510.64,1,5,7135.11,Central,UPI,True,4
ORD102034,2025-07-05,Beauty,2068.0,1,20,1654.4,West,COD,False,5
ORD102035,2024-07-23,Electronics,23419.53,1,5,22248.55,East,Credit Card,False,5
ORD102036,2024-08-10,Electronics,6444.03,1,5,6121.83,West,Debit Card,False,5
ORD102037,2025-09-14,Sports,2052.51,3,10,5541.78,East,Debit Card,False,4
ORD102038,2025-11-28,Sports,4507.73,1,5,4282.34,Central,Credit Card,False,3
ORD102039,2024-08-31,Electronics,12776.43,1,15,10859.97,North,Net Banking,False,5
ORD102040,2024-04-08,Home & Kitchen,1042.4,1,5,990.28,South,UPI,False,5
ORD102041,2025-10-18,Electronics,36497.04,1,0,36497.04,West,Debit Card,False,5
ORD102042,2025-01-01,Electronics,27486.85,1,20,21989.48,Central,Credit Card,False,5
ORD102043,2025-02-07,Fashion,4036.17,1,15,3430.74,West,UPI,False,5
ORD102044,2024-03-11,Fashion,3956.53,1,0,3956.53,East,COD,False,5
ORD102045,2024-02-03,Home & Kitchen,4074.94,2,0,8149.88,East,Debit Card,False,5
ORD102046,2025-04-03,Fashion,1359.2,1,5,1291.24,East,Net Banking,False,5
ORD102047,2024-01-04,Fashion,1783.38,2,0,3566.76,North,Debit Card,False,5
ORD102048,2025-05-19,Home & Kitchen,9250.14,1,10,8325.13,North,Credit Card,False,4
ORD102049,2024-05-21,Sports,7114.18,1,5,6758.47,North,UPI,False,4
ORD102050,2024-03-02,Sports,1609.33,1,10,1448.4,West,COD,False,3
ORD102051,2025-09-03,Electronics,31131.2,1,15,26461.52,West,UPI,False,5
ORD102052,2024-01-17,Electronics,30708.11,1,15,26101.89,South,Net Banking,False,5
ORD102053,2025-08-28,Fashion,1002.08,1,0,1002.08,South,Credit Card,False,4
ORD102054,2024-05-21,Sports,2216.44,1,0,2216.44,Central,UPI,False,5
ORD102055,2025-03-18,Fashion,4265.82,2,0,8531.64,West,Net Banking,False,4
ORD102056,2024-07-17,Home & Kitchen,4284.57,1,10,3856.11,North,UPI,False,4
ORD102057,2025-12-05,Beauty,403.47,1,0,403.47,East,Debit Card,False,5
ORD102058,2024-02-10,Home & Kitchen,1755.02,1,15,1491.77,West,UPI,False,5
ORD102059,2025-09-29,Home & Kitchen,10456.54,1,15,8888.06,North,Debit Card,False,4
ORD102060,2024-06-10,Electronics,15193.84,1,0,15193.84,East,UPI,False,4
ORD102061,2024-12-18,Fashion,1966.91,1,5,1868.56,West,Debit Card,False,2
ORD102062,2025-04-13,Electronics,31912.54,1,5,30316.91,East,Debit Card,False,4
ORD102063,2025-01-30,Fashion,342.32,1,10,308.09,West,Debit Card,False,4
ORD102064,2025-09-09,Fashion,3744.96,1,10,3370.46,South,Debit Card,True,4
ORD102065,2024-10-30,Home & Kitchen,2278.91,2,15,3874.15,Central,UPI,False,5
ORD102066,2024-03-30,Fashion,2888.84,1,10,2599.96,East,Credit Card,True,2
ORD102067,2025-10-03,Fashion,3823.81,2,0,7647.62,West,Net Banking,False,5
ORD102068,2024-12-04,Beauty,654.61,1,15,556.42,East,COD,False,5
ORD102069,2025-01-03,Fashion,2783.48,1,10,2505.13,Central,COD,False,4
ORD102070,2025-12-21,Sports,3916.09,2,0,7832.18,West,Credit Card,False,5
ORD102071,2024-12-23,Fashion,4546.63,1,0,4546.63,North,Debit Card,False,1
ORD102072,2024-11-13,Electronics,12646.55,2,10,22763.79,North,Debit Card,False,5
ORD102073,2025-08-09,Sports,4518.2,1,5,4292.29,West,COD,False,5
ORD102074,2025-07-29,Home & Kitchen,11621.68,2,30,16270.35,North,UPI,False,4
ORD102075,2024-11-28,Beauty,1415.4,1,0,1415.4,South,UPI,False,4
ORD102076,2024-02-21,Home & Kitchen,10231.37,2,15,17393.33,South,COD,False,5
ORD102077,2025-02-07,Beauty,1487.01,1,15,1263.96,South,Credit Card,False,4
ORD102078,2024-10-26,Home & Kitchen,5799.97,1,0,5799.97,North,Net Banking,False,4
ORD102079,2024-12-09,Fashion,3057.8,1,0,3057.8,South,UPI,False,3
ORD102080,2024-08-12,Beauty,271.85,1,10,244.67,West,Debit Card,False,4
ORD102081,2025-03-22,Beauty,739.37,1,0,739.37,West,UPI,False,1
ORD102082,2024-07-18,Electronics,20889.08,2,20,33422.53,Central,Credit Card,False,5
ORD102083,2025-10-18,Beauty,2908.19,1,20,2326.55,West,COD,False,5
ORD102084,2024-05-11,Fashion,2284.88,1,30,1599.42,North,UPI,False,5
ORD102085,2025-07-08,Sports,2391.79,1,5,2272.2,South,UPI,False,5
ORD102086,2025-09-19,Electronics,43638.43,1,20,34910.74,East,Credit Card,False,5
ORD102087,2024-05-10,Sports,5319.8,2,15,9043.66,South,Debit Card,False,5
ORD102088,2025-01-29,Electronics,8094.98,1,30,5666.49,West,Credit Card,False,5
ORD102089,2024-10-24,Beauty,1945.77,3,0,5837.31,North,Credit Card,False,5
ORD102090,2025-03-19,Electronics,43960.14,1,10,39564.13,North,UPI,False,5
ORD102091,2024-12-22,Fashion,3003.76,1,10,2703.38,South,UPI,False,4
ORD102092,2025-04-10,Fashion,1059.88,1,0,1059.88,North,UPI,False,5
ORD102093,2024-09-17,Fashion,4232.57,1,15,3597.68,Central,UPI,False,4
ORD102094,2025-08-29,Home & Kitchen,6689.47,1,10,6020.52,East,UPI,False,4
ORD102095,2025-11-26,Home & Kitchen,11093.65,1,15,9429.6,West,Credit Card,False,4
ORD102096,2024-06-13,Home & Kitchen,11998.51,1,10,10798.66,East,UPI,False,3
ORD102097,2024-01-09,Fashion,4531.47,1,0,4531.47,North,UPI,False,4
ORD102098,2024-07-02,Electronics,28332.97,1,10,25499.67,South,UPI,False,5
ORD102099,2024-08-25,Beauty,2563.3,2,0,5126.6,South,UPI,False,5
ORD102100,2025-01-16,Fashion,3307.0,1,10,2976.3,Central,UPI,False,5
ORD102101,2025-08-24,Fashion,4537.84,1,5,4310.95,West,Debit Card,False,5
ORD102102,2024-12-24,Fashion,2236.04,1,5,2124.24,Central,Debit Card,False,5
ORD102103,2024-09-04,Fashion,1445.48,1,15,1228.66,North,UPI,False,5
ORD102104,2024-06-17,Electronics,17773.57,1,10,15996.21,North,COD,False,4
ORD102105,2024-06-24,Electronics,2485.94,2,15,4226.1,North,UPI,False,4
ORD102106,2025-11-04,Beauty,1251.69,1,0,1251.69,West,UPI,False,2
ORD102107,2025-06-18,Sports,1808.83,1,0,1808.83,Central,UPI,False,4
ORD102108,2024-05-11,Fashion,1068.69,1,10,961.82,Central,UPI,False,4
ORD102109,2025-07-23,Home & Kitchen,1903.19,1,20,1522.55,South,Debit Card,False,4
ORD102110,2024-02-11,Electronics,33766.12,1,15,28701.2,Central,UPI,False,5
ORD102111,2025-02-09,Sports,7597.38,3,0,22792.14,West,UPI,False,5
ORD102112,2025-02-14,Electronics,26163.97,1,0,26163.97,North,Debit Card,False,2
ORD102113,2025-01-14,Sports,5420.34,1,5,5149.32,North,UPI,False,4
ORD102114,2025-10-12,Fashion,2317.11,1,20,1853.69,South,Debit Card,False,5
ORD102115,2025-09-17,Sports,5266.12,1,15,4476.2,North,UPI,False,5
ORD102116,2025-09-11,Fashion,1746.44,1,10,1571.8,East,UPI,False,5
ORD102117,2024-03-15,Electronics,27472.2,1,5,26098.59,Central,Credit Card,False,3
ORD102118,2024-03-31,Sports,6147.41,1,5,5840.04,South,Credit Card,False,3
ORD102119,2024-09-26,Home & Kitchen,10176.08,1,0,10176.08,Central,Net Banking,False,5
ORD102120,2024-12-25,Fashion,4921.42,1,20,3937.14,South,COD,False,4
ORD102121,2024-02-17,Home & Kitchen,3512.64,1,30,2458.85,West,Debit Card,False,3
ORD102122,2025-11-06,Fashion,1660.51,2,10,2988.92,West,UPI,False,5
ORD102123,2024-07-21,Fashion,1693.65,1,0,1693.65,East,UPI,False,4
ORD102124,2025-02-23,Fashion,909.29,1,5,863.83,North,Net Banking,False,5
ORD102125,2024-06-24,Fashion,2444.59,1,5,2322.36,East,Credit Card,False,4
ORD102126,2024-03-24,Sports,3384.38,1,20,2707.5,West,Net Banking,False,3
ORD102127,2024-09-22,Home & Kitchen,8667.93,3,15,22103.22,East,Credit Card,False,3
ORD102128,2024-03-08,Sports,3963.82,1,5,3765.63,West,UPI,False,5
ORD102129,2025-10-16,Sports,7891.07,1,0,7891.07,East,Credit Card,False,4
ORD102130,2024-04-14,Fashion,1860.36,2,0,3720.72,North,COD,False,5
ORD102131,2024-05-11,Fashion,1073.45,1,30,751.42,East,Debit Card,False,5
ORD102132,2024-06-23,Sports,743.35,3,5,2118.55,West,Debit Card,False,4
ORD102133,2024-11-29,Home & Kitchen,700.74,2,20,1121.18,North,COD,False,5
ORD102134,2024-12-23,Fashion,1802.45,1,20,1441.96,South,UPI,False,5
ORD102135,2025-08-05,Home & Kitchen,8326.66,1,20,6661.33,West,UPI,False,5
ORD102136,2024-05-26,Beauty,1559.33,3,0,4677.99,South,Credit Card,False,5
ORD102137,2025-06-01,Electronics,19242.04,1,0,19242.04,North,Credit Card,False,4
ORD102138,2025-07-12,Beauty,2725.35,1,15,2316.55,Central,Net Banking,False,5
ORD102139,2025-06-05,Electronics,23151.14,1,0,23151.14,East,UPI,False,4
ORD102140,2024-03-24,Home & Kitchen,4587.59,2,0,9175.18,West,Credit Card,False,4
ORD102141,2025-02-11,Fashion,1886.48,1,0,1886.48,West,UPI,True,5
ORD102142,2024-10-16,Home & Kitchen,1891.2,1,0,1891.2,West,UPI,False,2
ORD102143,2025-12-02,Fashion,3480.81,1,30,2436.57,South,Debit Card,False,4
ORD102144,2025-02-17,Beauty,1986.9,2,30,2781.66,South,UPI,False,4
ORD102145,2024-08-26,Fashion,3074.9,2,0,6149.8,South,Net Banking,False,5
ORD102146,2025-05-17,Sports,2921.45,1,0,2921.45,East,COD,False,4
ORD102147,2024-08-25,Fashion,370.17,1,5,351.66,North,Debit Card,False,5
ORD102148,2024-12-22,Beauty,1674.14,1,0,1674.14,West,Credit Card,False,1
ORD102149,2024-02-11,Beauty,296.82,2,10,534.28,South,Credit Card,False,5
ORD102150,2025-10-12,Electronics,28048.39,3,15,71523.39,South,UPI,False,4
ORD102151,2024-04-03,Home & Kitchen,8669.71,1,0,8669.71,West,Credit Card,False,4
ORD102152,2025-07-24,Electronics,2283.72,1,10,2055.35,South,UPI,False,3
ORD102153,2025-11-21,Home & Kitchen,11125.88,1,5,10569.59,South,UPI,False,4
ORD102154,2025-06-10,Home & Kitchen,11284.63,1,10,10156.17,North,UPI,False,5
ORD102155,2024-05-03,Electronics,11058.99,1,10,9953.09,North,UPI,False,4
ORD102156,2025-07-31,Sports,4413.39,1,5,4192.72,East,Credit Card,False,5
ORD102157,2024-10-26,Fashion,670.85,1,5,637.31,West,Debit Card,False,5
ORD102158,2025-04-18,Fashion,4459.75,1,5,4236.76,East,COD,False,2
ORD102159,2025-05-01,Fashion,2856.47,2,30,3999.06,West,UPI,False,5
ORD102160,2025-04-29,Sports,1540.53,1,30,1078.37,North,Credit Card,False,5
ORD102161,2024-05-28,Sports,6610.23,1,0,6610.23,South,Credit Card,False,5
ORD102162,2025-10-24,Sports,5394.01,1,0,5394.01,West,COD,False,5
ORD102163,2025-11-04,Home & Kitchen,3523.7,3,10,9513.99,West,UPI,False,5
ORD102164,2025-11-13,Sports,5640.04,1,10,5076.04,South,COD,False,5
ORD102165,2024-05-07,Fashion,1916.99,2,15,3258.88,North,UPI,False,4
ORD102166,2025-08-17,Electronics,20915.52,1,0,20915.52,Central,UPI,False,4
ORD102167,2025-07-27,Sports,6163.76,1,15,5239.2,West,Debit Card,False,4
ORD102168,2024-11-03,Home & Kitchen,11750.75,2,20,18801.2,West,Credit Card,False,3
ORD102169,2024-10-04,Home & Kitchen,8785.01,3,15,22401.78,South,Net Banking,False,5
ORD102170,2024-11-20,Electronics,16641.87,1,15,14145.59,South,UPI,False,5
ORD102171,2025-08-10,Sports,4789.94,1,0,4789.94,West,Credit Card,False,4
ORD102172,2025-06-02,Beauty,1782.34,1,10,1604.11,North,UPI,False,5
ORD102173,2024-12-06,Sports,3189.58,2,0,6379.16,North,UPI,False,5
ORD102174,2024-10-20,Electronics,27854.6,1,15,23676.41,East,UPI,False,3
ORD102175,2025-06-11,Fashion,1164.55,1,10,1048.1,West,Debit Card,False,4
ORD102176,2024-05-01,Fashion,1992.66,1,0,1992.66,South,UPI,False,5
ORD102177,2024-02-18,Home & Kitchen,6008.24,1,20,4806.59,South,Net Banking,False,5
ORD102178,2025-02-16,Fashion,2145.97,3,10,5794.12,East,Credit Card,False,5
ORD102179,2024-01-26,Fashion,4872.75,1,5,4629.11,East,Debit Card,False,3
ORD102180,2024-12-03,Electronics,38568.44,2,0,77136.88,South,UPI,True,2
ORD102181,2024-01-01,Fashion,1345.08,1,10,1210.57,Central,UPI,False,4
ORD102182,2025-01-15,Fashion,4227.27,1,20,3381.82,North,COD,False,4
ORD102183,2025-02-17,Sports,768.83,1,0,768.83,East,UPI,False,4
ORD102184,2025-01-09,Fashion,1154.56,1,0,1154.56,East,UPI,False,4
ORD102185,2024-05-04,Electronics,18977.66,1,15,16131.01,Central,UPI,False,4
ORD102186,2025-08-18,Home & Kitchen,5464.92,1,30,3825.44,North,UPI,False,5
ORD102187,2025-11-18,Beauty,647.23,1,10,582.51,East,Debit Card,False,4
ORD102188,2024-01-08,Fashion,2821.72,1,0,2821.72,North,UPI,False,3
ORD102189,2025-03-05,Sports,3187.48,1,10,2868.73,Central,UPI,False,4
ORD102190,2025-11-23,Home & Kitchen,4056.07,1,0,4056.07,South,Credit Card,True,4
ORD102191,2024-06-15,Fashion,563.91,2,20,902.26,North,COD,False,4
ORD102192,2025-04-27,Fashion,2737.04,1,0,2737.04,East,UPI,True,5
ORD102193,2025-11-09,Home & Kitchen,5348.2,1,0,5348.2,North,Credit Card,False,5
ORD102194,2025-10-16,Beauty,990.55,1,0,990.55,West,Credit Card,False,5
ORD102195,2024-08-16,Fashion,4234.89,1,5,4023.15,North,COD,False,4
ORD102196,2024-09-18,Home & Kitchen,4071.42,1,5,3867.85,East,UPI,False,5
ORD102197,2024-02-22,Home & Kitchen,4899.64,1,0,4899.64,East,UPI,False,5
ORD102198,2024-01-08,Beauty,2837.58,1,10,2553.82,South,UPI,False,5
ORD102199,2025-11-28,Home & Kitchen,9386.25,2,0,18772.5,North,UPI,False,4
ORD102200,2024-11-10,Fashion,603.64,1,0,603.64,West,COD,False,5
ORD102201,2024-11-12,Sports,2068.03,3,15,5273.48,North,UPI,False,4
ORD102202,2025-06-06,Fashion,4284.63,1,0,4284.63,North,UPI,False,4
ORD102203,2025-06-13,Electronics,42670.93,1,10,38403.84,Central,UPI,False,4
ORD102204,2025-11-29,Fashion,4536.55,1,0,4536.55,North,Debit Card,False,5
ORD102205,2024-05-10,Sports,2873.56,1,0,2873.56,West,Net Banking,False,4
ORD102206,2024-03-26,Fashion,1203.63,1,10,1083.27,North,Debit Card,False,3
ORD102207,2025-12-03,Beauty,1113.92,1,5,1058.22,East,Debit Card,False,5
ORD102208,2024-08-06,Sports,2465.7,2,0,4931.4,West,UPI,False,5
ORD102209,2025-09-05,Sports,5631.04,1,0,5631.04,North,Credit Card,False,5
ORD102210,2025-10-05,Fashion,2822.12,1,5,2681.01,East,COD,False,5
ORD102211,2025-05-26,Electronics,44847.27,1,15,38120.18,Central,UPI,False,3
ORD102212,2025-02-22,Electronics,13715.63,3,15,34974.86,North,Debit Card,False,4
ORD102213,2024-08-06,Beauty,1717.47,2,5,3263.19,Central,COD,False,4
ORD102214,2024-03-19,Electronics,24720.81,1,5,23484.77,South,COD,False,5
ORD102215,2024-02-20,Fashion,4759.36,1,15,4045.46,North,UPI,False,5
ORD102216,2024-09-14,Home & Kitchen,940.18,3,0,2820.54,South,Debit Card,False,5
ORD102217,2025-03-20,Sports,1374.1,1,0,1374.1,East,UPI,False,4
ORD102218,2025-10-07,Beauty,2703.4,1,0,2703.4,South,UPI,False,5
ORD102219,2025-01-26,Home & Kitchen,4870.92,1,0,4870.92,North,Debit Card,False,4
ORD102220,2024-03-02,Home & Kitchen,1852.35,1,0,1852.35,West,UPI,False,5
ORD102221,2024-11-09,Beauty,974.42,1,0,974.42,South,COD,False,5
ORD102222,2024-09-09,Home & Kitchen,5335.21,1,20,4268.17,Central,COD,False,3
ORD102223,2024-03-18,Beauty,364.12,1,5,345.91,South,Debit Card,False,5
ORD102224,2025-02-06,Fashion,1019.08,1,0,1019.08,East,UPI,False,4
ORD102225,2024-04-26,Home & Kitchen,3717.14,1,15,3159.57,South,Credit Card,False,1
ORD102226,2025-06-07,Fashion,2036.22,1,15,1730.79,West,UPI,False,5
ORD102227,2024-01-13,Fashion,3106.9,2,0,6213.8,West,Debit Card,False,5
ORD102228,2025-04-28,Home & Kitchen,10659.71,1,10,9593.74,South,COD,False,4
ORD102229,2024-09-27,Beauty,1765.75,1,0,1765.75,West,COD,False,4
ORD102230,2025-12-18,Sports,1500.41,2,0,3000.82,South,Debit Card,False,2
ORD102231,2024-11-08,Beauty,1034.44,1,30,724.11,Central,Credit Card,False,5
ORD102232,2025-04-06,Beauty,2022.2,2,10,3639.96,Central,UPI,False,5
ORD102233,2025-03-05,Electronics,3931.14,1,20,3144.91,North,COD,False,5
ORD102234,2025-07-28,Beauty,2748.3,2,10,4946.94,West,UPI,False,4
ORD102235,2024-10-05,Beauty,1450.45,2,5,2755.86,Central,UPI,False,5
ORD102236,2025-03-07,Electronics,11268.8,2,20,18030.08,East,COD,False,4
ORD102237,2025-11-15,Fashion,1210.53,1,10,1089.48,North,Credit Card,False,4
ORD102238,2024-05-02,Sports,6272.02,1,30,4390.41,North,UPI,False,3
ORD102239,2024-03-23,Sports,2631.12,1,0,2631.12,North,UPI,False,4
ORD102240,2025-06-18,Beauty,1194.22,1,10,1074.8,East,UPI,True,5
ORD102241,2024-01-24,Electronics,40557.21,1,0,40557.21,North,Credit Card,False,5
ORD102242,2024-05-26,Fashion,4187.86,1,5,3978.47,West,COD,False,5
ORD102243,2025-06-19,Fashion,1013.87,1,5,963.18,North,UPI,False,3
ORD102244,2025-07-19,Electronics,41402.47,1,15,35192.1,South,Credit Card,False,2
ORD102245,2025-05-26,Sports,4802.04,1,15,4081.73,East,COD,False,5
ORD102246,2024-10-07,Home & Kitchen,4224.28,1,15,3590.64,East,COD,False,4
ORD102247,2025-12-19,Fashion,1878.72,2,0,3757.44,South,Net Banking,False,5
ORD102248,2024-04-25,Beauty,560.08,1,15,476.07,West,Net Banking,False,5
ORD102249,2025-02-11,Fashion,1036.36,1,5,984.54,North,UPI,False,5
ORD102250,2025-09-14,Beauty,2707.8,1,5,2572.41,North,Credit Card,False,4
ORD102251,2025-09-18,Fashion,1611.0,2,5,3060.9,West,Debit Card,False,4
ORD102252,2025-07-23,Home & Kitchen,5227.22,1,20,4181.78,North,UPI,False,5
ORD102253,2024-07-01,Home & Kitchen,7465.17,1,15,6345.39,East,Credit Card,True,4
ORD102254,2024-01-30,Beauty,1256.29,1,30,879.4,South,Credit Card,False,5
ORD102255,2024-03-04,Home & Kitchen,4867.17,1,5,4623.81,North,Credit Card,False,5
ORD102256,2025-12-08,Fashion,4184.55,1,5,3975.32,South,COD,False,5
ORD102257,2024-08-14,Sports,4338.46,1,5,4121.54,East,UPI,True,4
ORD102258,2024-10-06,Fashion,2961.87,1,10,2665.68,South,UPI,False,5
ORD102259,2024-08-22,Fashion,4625.57,1,0,4625.57,South,UPI,False,5
ORD102260,2025-04-04,Electronics,20472.4,1,0,20472.4,West,Credit Card,False,4
ORD102261,2025-12-24,Sports,6377.06,1,10,5739.35,West,UPI,False,5
ORD102262,2024-03-15,Home & Kitchen,6215.58,1,0,6215.58,South,Credit Card,False,4
ORD102263,2024-04-13,Fashion,4947.38,1,10,4452.64,South,Debit Card,False,4
ORD102264,2025-03-31,Sports,1203.49,1,15,1022.97,East,Credit Card,False,5
ORD102265,2024-11-27,Electronics,3812.01,1,10,3430.81,North,Debit Card,False,3
ORD102266,2025-03-27,Home & Kitchen,11093.99,2,0,22187.98,North,COD,False,5
ORD102267,2025-04-30,Fashion,1810.65,2,10,3259.17,North,UPI,True,5
ORD102268,2025-12-02,Electronics,12745.83,2,0,25491.66,West,COD,False,5
ORD102269,2025-02-26,Home & Kitchen,7136.07,2,0,14272.14,South,Net Banking,False,5
ORD102270,2025-01-02,Home & Kitchen,10110.91,1,0,10110.91,West,COD,False,5
ORD102271,2025-08-07,Beauty,346.18,1,30,242.33,South,UPI,False,4
ORD102272,2024-12-04,Fashion,2595.81,1,0,2595.81,South,Debit Card,False,4
ORD102273,2024-11-11,Electronics,24175.98,1,10,21758.38,South,UPI,False,5
ORD102274,2024-02-16,Home & Kitchen,3766.33,1,10,3389.7,West,UPI,False,5
ORD102275,2024-09-12,Home & Kitchen,3748.46,1,5,3561.04,North,Credit Card,False,2
ORD102276,2024-04-29,Fashion,383.64,1,0,383.64,Central,UPI,False,5
ORD102277,2025-06-03,Beauty,247.71,2,10,445.88,South,Debit Card,False,4
ORD102278,2024-02-26,Fashion,1175.29,1,0,1175.29,North,UPI,True,4
ORD102279,2025-11-28,Beauty,1889.67,1,0,1889.67,East,UPI,False,4
ORD102280,2025-05-28,Home & Kitchen,8336.31,1,10,7502.68,South,Debit Card,False,4
ORD102281,2025-04-19,Fashion,1351.51,1,5,1283.93,South,Net Banking,False,4
ORD102282,2025-01-02,Sports,4178.95,1,0,4178.95,South,Credit Card,False,5
ORD102283,2024-05-16,Sports,2866.99,3,10,7740.87,North,UPI,False,4
ORD102284,2024-12-07,Electronics,36204.91,1,10,32584.42,South,UPI,False,5
ORD102285,2024-02-28,Fashion,2517.65,1,0,2517.65,North,Net Banking,False,2
ORD102286,2025-12-19,Fashion,4598.19,1,10,4138.37,West,Credit Card,False,4
ORD102287,2024-08-31,Sports,3133.53,2,15,5327.0,North,COD,False,4
ORD102288,2024-02-23,Beauty,382.31,1,15,324.96,East,UPI,False,5
ORD102289,2025-09-14,Beauty,1460.22,1,15,1241.19,West,COD,False,3
ORD102290,2024-11-22,Electronics,9538.28,1,5,9061.37,East,UPI,False,4
ORD102291,2024-01-04,Home & Kitchen,3730.87,2,0,7461.74,North,UPI,False,4
ORD102292,2024-04-04,Home & Kitchen,5861.96,1,0,5861.96,East,Credit Card,False,5
ORD102293,2024-12-23,Home & Kitchen,4254.33,2,10,7657.79,West,UPI,False,5
ORD102294,2024-11-26,Fashion,1027.92,1,20,822.34,West,COD,False,4
ORD102295,2024-09-09,Home & Kitchen,10845.98,1,0,10845.98,East,COD,False,4
ORD102296,2025-06-27,Home & Kitchen,6377.67,1,15,5421.02,South,COD,False,2
ORD102297,2025-12-16,Sports,6141.52,1,10,5527.37,North,COD,True,5
ORD102298,2024-11-06,Fashion,2755.96,1,10,2480.36,West,COD,False,5
ORD102299,2024-03-17,Fashion,1175.46,1,20,940.37,East,UPI,False,4
ORD102300,2025-03-11,Electronics,26591.66,2,0,53183.32,South,Net Banking,False,4
ORD102301,2024-12-18,Fashion,867.17,3,5,2471.43,East,UPI,True,4
ORD102302,2024-12-13,Sports,1867.6,1,15,1587.46,Central,COD,False,3
ORD102303,2025-05-13,Beauty,2113.35,1,10,1902.02,West,UPI,False,4
ORD102304,2024-04-11,Electronics,27132.64,1,20,21706.11,South,Debit Card,False,4
ORD102305,2025-01-31,Sports,523.75,1,0,523.75,South,Credit Card,False,5
ORD102306,2024-04-19,Electronics,10418.34,1,5,9897.42,North,Debit Card,False,4
ORD102307,2025-10-22,Fashion,1285.26,2,10,2313.47,East,UPI,False,4
ORD102308,2024-12-04,Home & Kitchen,11923.63,2,5,22654.9,South,Debit Card,False,4
ORD102309,2025-08-10,Fashion,2809.1,1,20,2247.28,South,COD,False,5
ORD102310,2025-01-19,Beauty,778.75,1,30,545.12,East,UPI,False,4
ORD102311,2024-02-02,Sports,3733.14,2,20,5973.02,South,Debit Card,False,5
ORD102312,2025-10-09,Home & Kitchen,1593.48,1,10,1434.13,East,Credit Card,False,5
ORD102313,2024-11-14,Electronics,15636.95,2,0,31273.9,South,Debit Card,False,4
ORD102314,2025-08-07,Sports,801.8,2,20,1282.88,South,UPI,True,2
ORD102315,2025-01-01,Electronics,2605.3,1,15,2214.5,North,UPI,False,5
ORD102316,2024-12-26,Electronics,25323.57,1,15,21525.03,East,Credit Card,False,5
ORD102317,2024-07-17,Sports,6025.7,1,15,5121.84,East,UPI,False,5
ORD102318,2024-03-11,Fashion,786.35,1,20,629.08,West,UPI,True,2
ORD102319,2025-03-09,Fashion,3256.87,1,10,2931.18,West,Net Banking,False,3
ORD102320,2024-04-28,Electronics,44268.91,2,15,75257.15,East,Debit Card,False,5
ORD102321,2025-12-05,Fashion,1308.12,1,0,1308.12,North,Debit Card,False,5
ORD102322,2024-04-12,Electronics,18772.47,1,20,15017.98,North,COD,False,5
ORD102323,2025-01-08,Fashion,3665.01,1,10,3298.51,Central,Debit Card,False,5
ORD102324,2024-06-27,Fashion,2046.54,1,10,1841.89,West,UPI,True,4
ORD102325,2025-07-19,Fashion,340.79,1,15,289.67,East,UPI,False,5
ORD102326,2025-04-29,Home & Kitchen,6447.71,1,0,6447.71,West,UPI,False,4
ORD102327,2024-02-27,Beauty,1521.26,1,20,1217.01,North,COD,False,4
ORD102328,2024-04-14,Home & Kitchen,10905.93,1,15,9270.04,North,UPI,False,5
ORD102329,2025-09-15,Home & Kitchen,1840.76,2,0,3681.52,North,COD,False,3
ORD102330,2025-11-27,Fashion,4226.35,1,30,2958.44,West,Net Banking,False,5
ORD102331,2025-02-19,Electronics,44663.62,1,15,37964.08,East,COD,False,5
ORD102332,2024-02-24,Beauty,1251.4,1,0,1251.4,North,COD,False,5
ORD102333,2025-01-24,Home & Kitchen,10488.87,1,30,7342.21,North,UPI,False,5
ORD102334,2025-12-26,Beauty,184.48,1,5,175.26,South,Credit Card,False,4
ORD102335,2025-01-07,Electronics,4658.57,1,0,4658.57,East,UPI,False,5
ORD102336,2025-09-09,Beauty,1020.5,2,15,1734.85,North,UPI,False,5
ORD102337,2025-04-06,Electronics,26718.23,1,5,25382.32,Central,UPI,False,2
ORD102338,2025-10-03,Fashion,3298.0,1,0,3298.0,North,Debit Card,False,3
ORD102339,2025-03-11,Home & Kitchen,10987.23,1,0,10987.23,Central,Credit Card,False,4
ORD102340,2024-06-30,Home & Kitchen,1996.34,1,0,1996.34,South,Net Banking,False,5
ORD102341,2025-01-17,Fashion,4029.24,1,5,3827.78,Central,UPI,False,4
ORD102342,2025-10-06,Home & Kitchen,10184.66,1,20,8147.73,North,UPI,False,3
ORD102343,2024-12-16,Home & Kitchen,5619.28,1,0,5619.28,West,COD,False,5
ORD102344,2024-09-04,Fashion,2815.11,1,0,2815.11,North,Credit Card,False,4
ORD102345,2024-03-06,Fashion,3044.53,1,5,2892.3,North,Net Banking,False,5
ORD102346,2025-04-20,Home & Kitchen,1837.33,1,15,1561.73,North,Debit Card,False,4
ORD102347,2024-02-20,Electronics,38035.82,1,0,38035.82,Central,Debit Card,False,5
ORD102348,2025-06-16,Sports,6290.16,1,5,5975.65,East,Net Banking,False,5
ORD102349,2025-10-01,Beauty,2209.55,1,20,1767.64,East,UPI,False,5
ORD102350,2024-07-01,Beauty,641.72,1,10,577.55,North,UPI,False,4
ORD102351,2025-02-10,Fashion,1284.16,3,10,3467.23,South,UPI,False,1
ORD102352,2024-07-24,Home & Kitchen,7293.56,1,0,7293.56,East,Credit Card,False,5
ORD102353,2025-06-24,Beauty,2217.43,1,0,2217.43,South,UPI,False,4
ORD102354,2025-08-21,Electronics,16827.07,1,5,15985.72,North,Credit Card,False,5
ORD102355,2025-08-14,Fashion,3008.01,1,0,3008.01,Central,UPI,False,5
ORD102356,2024-11-12,Electronics,42092.61,1,5,39987.98,East,UPI,False,5
ORD102357,2025-02-09,Home & Kitchen,6182.49,1,0,6182.49,South,UPI,False,5
ORD102358,2024-12-04,Electronics,13098.78,1,10,11788.9,West,UPI,False,5
ORD102359,2025-11-28,Fashion,747.73,1,5,710.34,East,Credit Card,False,5
ORD102360,2024-04-21,Beauty,949.98,1,15,807.48,West,Net Banking,False,5
ORD102361,2025-12-17,Electronics,6925.48,2,20,11080.77,Central,Credit Card,False,5
ORD102362,2025-07-06,Fashion,1085.49,1,30,759.84,South,COD,False,4
ORD102363,2024-08-20,Home & Kitchen,9863.73,1,15,8384.17,Central,Debit Card,False,4
ORD102364,2024-10-16,Sports,601.72,1,0,601.72,East,Credit Card,False,4
ORD102365,2025-10-29,Home & Kitchen,10022.11,3,20,24053.06,South,UPI,False,5
ORD102366,2025-09-25,Home & Kitchen,2131.89,1,0,2131.89,West,Credit Card,False,4
ORD102367,2024-12-23,Fashion,2440.76,1,0,2440.76,North,UPI,False,4
ORD102368,2025-08-20,Sports,2626.94,2,0,5253.88,West,Debit Card,False,3
ORD102369,2025-10-31,Beauty,388.38,1,10,349.54,North,Credit Card,False,4
ORD102370,2025-08-01,Electronics,43063.37,1,10,38757.03,South,Credit Card,False,5
ORD102371,2024-06-29,Fashion,4756.79,1,30,3329.75,West,Debit Card,False,4
ORD102372,2025-01-24,Sports,2939.29,1,15,2498.4,West,UPI,False,4
ORD102373,2025-01-03,Beauty,570.47,1,0,570.47,North,UPI,False,3
ORD102374,2025-05-30,Sports,1360.99,2,20,2177.58,South,UPI,False,4
ORD102375,2025-02-15,Home & Kitchen,9737.75,1,15,8277.09,North,Credit Card,False,5
ORD102376,2024-12-05,Sports,2234.76,1,15,1899.55,North,Net Banking,False,2
ORD102377,2024-03-22,Electronics,29149.82,1,20,23319.86,South,COD,False,5
ORD102378,2025-05-20,Fashion,1123.77,2,15,1910.41,South,UPI,True,5
ORD102379,2025-04-18,Sports,4638.98,1,0,4638.98,North,Credit Card,False,3
ORD102380,2025-07-01,Beauty,2699.67,2,0,5399.34,East,COD,False,5
ORD102381,2025-08-31,Beauty,1069.14,1,10,962.23,North,COD,False,5
ORD102382,2025-10-24,Fashion,911.77,2,0,1823.54,West,Debit Card,False,4
ORD102383,2025-11-11,Electronics,37608.18,1,5,35727.77,North,UPI,False,5
ORD102384,2024-09-20,Electronics,44000.12,1,0,44000.12,East,Credit Card,False,5
ORD102385,2024-07-22,Home & Kitchen,9660.88,2,0,19321.76,Central,UPI,False,4
ORD102386,2024-10-28,Electronics,21704.71,2,15,36898.01,West,Net Banking,False,4
ORD102387,2025-06-20,Home & Kitchen,9443.26,1,5,8971.1,East,UPI,False,4
ORD102388,2025-09-14,Electronics,15500.99,2,0,31001.98,South,COD,False,5
ORD102389,2024-07-27,Electronics,5562.46,1,5,5284.34,West,UPI,True,5
ORD102390,2024-10-18,Electronics,44127.4,1,15,37508.29,West,COD,False,5
ORD102391,2024-11-02,Sports,6891.04,1,10,6201.94,East,UPI,False,2
ORD102392,2024-09-15,Home & Kitchen,6826.6,1,20,5461.28,Central,COD,False,5
ORD102393,2024-06-02,Sports,5956.87,1,10,5361.18,Central,Debit Card,False,4
ORD102394,2025-07-02,Home & Kitchen,10491.9,1,20,8393.52,West,UPI,False,2
ORD102395,2025-08-23,Electronics,22249.77,1,15,18912.3,East,UPI,False,5
ORD102396,2024-03-14,Home & Kitchen,479.11,1,10,431.2,South,Credit Card,False,5
ORD102397,2024-05-21,Sports,1839.86,1,0,1839.86,Central,Credit Card,False,4
ORD102398,2025-04-11,Fashion,4924.68,2,10,8864.42,East,Credit Card,False,5
ORD102399,2024-08-09,Home & Kitchen,4741.46,2,5,9008.77,North,COD,False,3
ORD102400,2024-03-14,Fashion,1054.64,1,30,738.25,Central,COD,False,5
ORD102401,2024-03-03,Home & Kitchen,8611.17,1,10,7750.05,South,COD,False,4
ORD102402,2025-02-17,Beauty,323.49,1,10,291.14,North,UPI,False,4
ORD102403,2024-07-16,Sports,5386.95,1,15,4578.91,South,Credit Card,False,5
ORD102404,2025-07-19,Fashion,3849.37,1,0,3849.37,Central,COD,False,5
ORD102405,2025-03-04,Beauty,2718.58,1,5,2582.65,West,UPI,True,4
ORD102406,2025-05-29,Fashion,4880.11,2,5,9272.21,South,Credit Card,False,4
ORD102407,2025-01-15,Electronics,34928.93,1,0,34928.93,West,UPI,False,5
ORD102408,2025-12-05,Beauty,1050.09,1,5,997.59,South,Debit Card,False,3
ORD102409,2025-04-29,Electronics,14218.53,1,20,11374.82,South,UPI,False,5
ORD102410,2025-09-18,Fashion,2540.32,3,5,7239.91,East,UPI,False,5
ORD102411,2024-11-26,Fashion,1760.71,1,0,1760.71,East,Credit Card,False,5
ORD102412,2024-05-08,Fashion,4913.0,1,30,3439.1,West,Credit Card,True,4
ORD102413,2024-10-26,Sports,4422.96,1,30,3096.07,Central,Debit Card,False,5
ORD102414,2024-03-02,Home & Kitchen,8601.77,1,0,8601.77,West,UPI,False,3
ORD102415,2024-08-06,Electronics,30479.59,1,0,30479.59,West,Debit Card,False,5
ORD102416,2025-08-15,Beauty,2683.16,1,0,2683.16,North,UPI,False,2
ORD102417,2024-03-20,Home & Kitchen,6998.08,1,30,4898.66,Central,UPI,False,4
ORD102418,2025-02-02,Electronics,14375.27,1,30,10062.69,North,UPI,False,5
ORD102419,2024-01-07,Electronics,14594.36,1,30,10216.05,East,UPI,False,4
ORD102420,2025-05-07,Fashion,4193.13,1,15,3564.16,West,UPI,False,4
ORD102421,2024-05-11,Sports,4156.0,1,20,3324.8,West,COD,False,5
ORD102422,2024-10-06,Fashion,1149.88,1,10,1034.89,Central,Credit Card,False,4
ORD102423,2024-12-27,Electronics,21965.5,1,15,18670.68,West,UPI,False,5
ORD102424,2025-10-18,Sports,3685.89,3,10,9951.9,Central,Debit Card,False,4
ORD102425,2025-08-19,Home & Kitchen,8523.3,2,30,11932.62,North,COD,False,5
ORD102426,2025-11-10,Beauty,357.17,1,10,321.45,South,UPI,False,5
ORD102427,2024-12-21,Fashion,1141.49,1,10,1027.34,North,Net Banking,True,5
ORD102428,2024-01-20,Fashion,3737.06,2,10,6726.71,West,COD,False,3
ORD102429,2025-04-26,Sports,6468.1,1,20,5174.48,South,UPI,False,5
ORD102430,2025-04-07,Electronics,31421.57,1,5,29850.49,North,Credit Card,False,4
ORD102431,2024-12-31,Fashion,1324.88,1,0,1324.88,Central,Credit Card,False,5
ORD102432,2024-12-25,Home & Kitchen,10338.46,1,0,10338.46,East,Debit Card,False,3
ORD102433,2024-11-17,Home & Kitchen,8049.49,3,15,20526.2,Central,Credit Card,False,5
ORD102434,2025-02-06,Home & Kitchen,3215.7,1,30,2250.99,East,COD,False,4
ORD102435,2025-11-09,Sports,1514.27,1,10,1362.84,North,Credit Card,False,4
ORD102436,2024-08-21,Fashion,3035.56,2,5,5767.56,South,UPI,False,4
ORD102437,2024-07-29,Home & Kitchen,9006.81,1,15,7655.79,North,Credit Card,False,5
ORD102438,2025-04-12,Fashion,3329.82,2,5,6326.66,South,UPI,True,4
ORD102439,2025-11-12,Home & Kitchen,8403.37,1,10,7563.03,Central,UPI,False,5
ORD102440,2024-09-15,Beauty,1340.78,1,10,1206.7,West,COD,False,5
ORD102441,2024-03-10,Home & Kitchen,11835.3,2,30,16569.42,North,Net Banking,False,2
ORD102442,2024-09-01,Home & Kitchen,11733.8,3,15,29921.19,North,UPI,False,5
ORD102443,2025-08-28,Electronics,36365.61,1,5,34547.33,North,Debit Card,False,4
ORD102444,2025-01-14,Home & Kitchen,2224.26,2,5,4226.09,North,Debit Card,False,4
ORD102445,2025-12-10,Beauty,2585.43,2,20,4136.69,West,UPI,False,3
ORD102446,2024-02-24,Sports,5162.47,2,10,9292.45,East,UPI,False,5
ORD102447,2025-04-13,Fashion,4579.43,1,20,3663.54,Central,UPI,False,4
ORD102448,2025-05-13,Fashion,4426.24,1,15,3762.3,South,UPI,False,3
ORD102449,2025-05-05,Beauty,384.6,1,20,307.68,East,Credit Card,False,5
ORD102450,2025-08-30,Sports,1925.67,1,20,1540.54,South,UPI,False,5
ORD102451,2024-05-16,Beauty,1468.19,1,10,1321.37,North,UPI,False,4
ORD102452,2024-11-19,Fashion,920.03,2,5,1748.06,North,UPI,False,5
ORD102453,2025-12-28,Home & Kitchen,3856.5,1,5,3663.68,South,Credit Card,False,4
ORD102454,2025-10-21,Home & Kitchen,8711.97,3,5,24829.11,West,Credit Card,False,5
ORD102455,2024-01-29,Fashion,892.72,1,5,848.08,North,Credit Card,False,5
ORD102456,2025-06-05,Home & Kitchen,9755.96,1,0,9755.96,West,Debit Card,False,2
ORD102457,2025-06-10,Sports,1773.46,2,5,3369.57,West,Debit Card,False,4
ORD102458,2025-07-06,Sports,989.8,1,0,989.8,North,UPI,False,4
ORD102459,2025-12-21,Home & Kitchen,1744.83,1,20,1395.86,East,UPI,False,5
ORD102460,2024-05-07,Electronics,19883.44,1,10,17895.1,South,UPI,False,5
ORD102461,2024-03-20,Sports,7581.13,1,0,7581.13,West,Credit Card,False,4
ORD102462,2024-11-12,Fashion,2416.63,2,5,4591.6,East,UPI,False,4
ORD102463,2024-05-22,Fashion,4504.05,1,0,4504.05,North,Net Banking,False,5
ORD102464,2025-04-05,Home & Kitchen,9299.19,1,10,8369.27,West,Net Banking,True,5
ORD102465,2024-01-05,Electronics,28231.56,1,0,28231.56,West,UPI,False,5
ORD102466,2025-11-13,Beauty,1824.05,1,15,1550.44,North,Debit Card,False,5
ORD102467,2024-12-16,Fashion,4638.72,2,10,8349.7,South,COD,False,4
ORD102468,2024-02-27,Home & Kitchen,5223.67,2,20,8357.87,East,Net Banking,False,5
ORD102469,2025-06-14,Sports,3435.43,1,5,3263.66,North,UPI,False,5
ORD102470,2025-09-18,Beauty,730.88,2,5,1388.67,South,UPI,False,4
ORD102471,2025-09-14,Beauty,1273.35,1,5,1209.68,East,UPI,False,5
ORD102472,2024-10-30,Fashion,3694.71,1,30,2586.3,North,Debit Card,False,5
ORD102473,2025-10-25,Home & Kitchen,6225.96,1,0,6225.96,South,Net Banking,False,5
ORD102474,2024-01-26,Sports,1687.8,2,5,3206.82,East,UPI,False,4
ORD102475,2024-07-13,Beauty,322.7,2,0,645.4,West,UPI,False,5
ORD102476,2024-06-22,Sports,6047.07,1,5,5744.72,South,Credit Card,False,4
ORD102477,2025-03-13,Sports,1887.67,1,5,1793.29,East,UPI,False,4
ORD102478,2024-11-29,Electronics,41515.74,1,15,35288.38,North,UPI,False,5
ORD102479,2024-09-10,Fashion,2368.19,1,15,2012.96,Central,UPI,False,5
ORD102480,2024-12-07,Beauty,522.95,1,20,418.36,North,UPI,False,3
ORD102481,2025-12-12,Electronics,10349.1,1,5,9831.64,North,UPI,False,5
ORD102482,2024-04-23,Sports,608.67,1,20,486.94,East,COD,False,5
ORD102483,2025-10-28,Home & Kitchen,6982.93,1,10,6284.64,North,UPI,True,5
ORD102484,2025-12-13,Home & Kitchen,6196.14,1,0,6196.14,South,UPI,False,5
ORD102485,2024-02-02,Sports,2766.28,2,5,5255.93,North,Debit Card,False,4
ORD102486,2025-11-05,Electronics,31785.65,3,0,95356.95,West,Net Banking,False,4
ORD102487,2024-04-28,Beauty,407.56,1,30,285.29,East,Net Banking,False,4
ORD102488,2024-09-15,Sports,664.56,1,5,631.33,East,Credit Card,False,5
ORD102489,2025-09-19,Home & Kitchen,9864.49,1,10,8878.04,West,Credit Card,False,4
ORD102490,2025-03-16,Electronics,32595.83,1,10,29336.25,West,UPI,False,5
ORD102491,2024-07-22,Beauty,2017.52,1,5,1916.64,West,Net Banking,False,5
ORD102492,2025-06-11,Fashion,2281.96,1,5,2167.86,East,Debit Card,False,3
ORD102493,2025-01-15,Fashion,2407.18,1,0,2407.18,East,UPI,False,5
ORD102494,2025-11-14,Fashion,3058.38,1,15,2599.62,North,UPI,False,3
ORD102495,2025-04-19,Electronics,25950.56,1,10,23355.5,Central,Credit Card,False,5
ORD102496,2024-01-30,Fashion,3592.24,2,20,5747.58,North,Credit Card,False,5
ORD102497,2025-01-17,Sports,7553.13,1,5,7175.47,North,COD,False,4
ORD102498,2025-03-20,Beauty,2888.5,2,10,5199.3,South,Credit Card,False,5
ORD102499,2025-08-26,Electronics,6568.05,2,5,12479.3,East,UPI,False,5
ORD102500,2024-03-01,Home & Kitchen,4748.95,1,20,3799.16,Central,Net Banking,False,5
ORD102501,2024-05-04,Fashion,3872.99,1,10,3485.69,East,UPI,False,4
ORD102502,2024-11-04,Sports,4227.52,3,10,11414.3,North,COD,False,5
ORD102503,2025-01-14,Home & Kitchen,7126.08,3,15,18171.5,East,COD,False,5
ORD102504,2024-10-01,Home & Kitchen,2772.71,1,10,2495.44,East,UPI,False,4
ORD102505,2024-12-09,Fashion,3257.88,1,0,3257.88,North,UPI,False,5
ORD102506,2024-05-18,Fashion,3544.22,1,0,3544.22,East,Credit Card,False,2
ORD102507,2025-09-09,Sports,7972.99,1,0,7972.99,South,Credit Card,False,1
ORD102508,2024-08-10,Beauty,207.01,3,10,558.93,Central,COD,False,5
ORD102509,2025-10-31,Fashion,1944.89,1,5,1847.65,North,UPI,False,5
ORD102510,2025-06-13,Electronics,26405.05,2,0,52810.1,Central,Net Banking,True,5
ORD102511,2025-12-08,Beauty,1565.93,1,10,1409.34,South,Credit Card,False,4
ORD102512,2024-08-29,Sports,6153.79,1,5,5846.1,North,UPI,False,5
ORD102513,2024-09-28,Sports,6405.56,2,5,12170.56,West,UPI,False,4
ORD102514,2024-11-21,Electronics,17977.98,1,10,16180.18,East,Credit Card,False,4
ORD102515,2025-10-15,Beauty,1581.74,1,0,1581.74,Central,UPI,False,2
ORD102516,2025-11-25,Sports,7849.55,1,15,6672.12,South,UPI,False,3
ORD102517,2024-10-29,Fashion,1032.9,1,10,929.61,North,Net Banking,False,5
ORD102518,2024-11-14,Beauty,1341.61,1,0,1341.61,South,UPI,False,5
ORD102519,2024-07-09,Beauty,2423.46,3,10,6543.34,South,COD,False,4
ORD102520,2025-10-10,Electronics,38571.77,1,10,34714.59,North,UPI,False,4
ORD102521,2025-10-25,Fashion,2181.9,2,15,3709.23,South,Debit Card,False,4
ORD102522,2024-03-02,Fashion,4613.46,1,0,4613.46,South,UPI,False,5
ORD102523,2024-01-17,Home & Kitchen,11149.13,1,10,10034.22,West,UPI,False,5
ORD102524,2024-02-01,Home & Kitchen,5588.13,1,0,5588.13,West,Credit Card,False,5
ORD102525,2025-08-10,Home & Kitchen,6237.05,1,5,5925.2,North,UPI,False,5
ORD102526,2024-06-05,Sports,3826.4,1,10,3443.76,Central,UPI,False,5
ORD102527,2025-04-17,Beauty,579.21,2,15,984.66,North,Debit Card,False,4
ORD102528,2024-11-10,Fashion,3391.64,1,0,3391.64,East,UPI,False,5
ORD102529,2025-02-27,Home & Kitchen,9901.07,2,5,18812.03,North,Credit Card,False,3
ORD102530,2024-07-11,Fashion,1924.8,2,15,3272.16,East,UPI,False,5
ORD102531,2024-07-19,Fashion,1094.1,1,0,1094.1,East,COD,False,4
ORD102532,2024-02-13,Home & Kitchen,7029.58,2,10,12653.24,North,UPI,False,1
ORD102533,2024-09-30,Fashion,2584.49,1,10,2326.04,South,Net Banking,False,5
ORD102534,2025-09-22,Home & Kitchen,1315.88,1,20,1052.7,West,UPI,False,5
ORD102535,2025-05-28,Sports,7853.6,1,10,7068.24,North,Debit Card,False,5
ORD102536,2025-12-24,Fashion,4103.49,1,15,3487.97,West,UPI,False,5
ORD102537,2025-05-07,Sports,3111.18,1,20,2488.94,South,Debit Card,False,5
ORD102538,2025-01-30,Electronics,14640.43,1,10,13176.39,North,Net Banking,False,4
ORD102539,2025-08-05,Home & Kitchen,10459.65,1,10,9413.68,West,UPI,False,3
ORD102540,2025-09-07,Fashion,1821.95,1,20,1457.56,South,UPI,False,5
ORD102541,2024-05-04,Fashion,1891.25,1,10,1702.12,East,UPI,False,4
ORD102542,2025-04-21,Fashion,1635.79,1,15,1390.42,South,UPI,False,5
ORD102543,2025-10-22,Sports,2442.52,2,15,4152.28,North,Credit Card,False,5
ORD102544,2025-05-26,Beauty,937.25,1,10,843.52,West,Credit Card,False,4
ORD102545,2024-07-07,Sports,1040.16,1,0,1040.16,South,COD,True,5
ORD102546,2025-01-07,Beauty,939.62,1,15,798.68,North,UPI,False,4
ORD102547,2024-10-22,Home & Kitchen,11437.89,1,0,11437.89,West,Credit Card,False,4
ORD102548,2024-03-19,Home & Kitchen,7379.75,3,15,18818.36,South,UPI,False,5
ORD102549,2024-08-05,Electronics,13548.64,1,15,11516.34,West,Debit Card,True,3
ORD102550,2024-06-30,Fashion,1578.19,1,0,1578.19,South,UPI,False,4
ORD102551,2024-07-11,Beauty,2280.67,1,15,1938.57,West,Credit Card,False,4
ORD102552,2024-08-09,Home & Kitchen,5047.39,2,0,10094.78,East,Debit Card,False,4
ORD102553,2024-07-08,Sports,4753.8,1,10,4278.42,East,UPI,False,2
ORD102554,2024-06-16,Electronics,25262.91,1,0,25262.91,West,UPI,False,3
ORD102555,2024-09-04,Beauty,2631.55,1,15,2236.82,North,Debit Card,False,4
ORD102556,2024-02-07,Electronics,13771.31,1,5,13082.74,South,Net Banking,False,5
ORD102557,2024-06-12,Electronics,21705.43,2,0,43410.86,South,Debit Card,False,4
ORD102558,2025-11-16,Home & Kitchen,3350.91,1,20,2680.73,North,UPI,False,5
ORD102559,2024-10-13,Fashion,541.63,1,0,541.63,East,Debit Card,False,5
ORD102560,2024-11-17,Beauty,1174.49,1,15,998.32,North,COD,False,4
ORD102561,2025-12-16,Electronics,29911.43,1,10,26920.29,North,Net Banking,False,5
ORD102562,2024-03-24,Fashion,2148.14,1,0,2148.14,East,Credit Card,True,4
ORD102563,2024-09-02,Fashion,1465.88,1,15,1246.0,South,UPI,False,2
ORD102564,2025-03-11,Beauty,1526.82,2,15,2595.59,North,COD,False,4
ORD102565,2024-04-14,Electronics,42631.77,1,15,36237.0,North,Debit Card,False,5
ORD102566,2024-03-04,Fashion,3503.55,1,15,2978.02,South,UPI,False,4
ORD102567,2025-08-15,Sports,4221.25,2,0,8442.5,North,Credit Card,False,3
ORD102568,2025-06-05,Fashion,1390.43,1,5,1320.91,West,Credit Card,False,5
ORD102569,2024-02-20,Fashion,4692.46,1,15,3988.59,North,COD,False,5
ORD102570,2025-01-11,Electronics,12714.47,1,0,12714.47,North,UPI,False,5
ORD102571,2025-09-25,Electronics,44746.21,1,0,44746.21,North,UPI,False,4
ORD102572,2024-08-25,Electronics,7538.53,1,10,6784.68,East,Debit Card,False,5
ORD102573,2024-04-13,Sports,7010.93,1,0,7010.93,Central,COD,True,4
ORD102574,2024-07-02,Sports,1106.39,1,20,885.11,South,COD,False,5
ORD102575,2025-03-12,Fashion,646.6,2,0,1293.2,East,COD,False,4
ORD102576,2024-08-03,Fashion,3801.67,1,10,3421.5,West,Credit Card,False,5
ORD102577,2024-08-28,Sports,2337.92,1,0,2337.92,North,Debit Card,False,4
ORD102578,2025-01-09,Fashion,1861.51,3,0,5584.53,North,Credit Card,False,5
ORD102579,2024-03-21,Beauty,1862.73,1,0,1862.73,North,Debit Card,False,5
ORD102580,2024-02-21,Fashion,352.13,1,0,352.13,South,COD,False,4
ORD102581,2025-09-16,Sports,1649.24,1,5,1566.78,South,Debit Card,False,5
ORD102582,2025-03-13,Home & Kitchen,1513.8,1,10,1362.42,South,Debit Card,False,3
ORD102583,2025-04-27,Home & Kitchen,1903.15,1,15,1617.68,West,UPI,False,5
ORD102584,2024-06-01,Electronics,5829.22,2,30,8160.91,South,Net Banking,False,4
ORD102585,2025-06-07,Electronics,26467.9,2,15,44995.43,East,UPI,False,2
ORD102586,2025-06-29,Fashion,4860.6,1,0,4860.6,North,UPI,False,4
ORD102587,2024-02-24,Fashion,989.01,1,0,989.01,North,COD,False,5
ORD102588,2025-03-05,Fashion,367.54,1,0,367.54,Central,UPI,False,3
ORD102589,2024-11-10,Home & Kitchen,1335.09,1,5,1268.34,East,COD,False,3
ORD102590,2024-01-17,Beauty,2904.97,1,0,2904.97,West,UPI,False,5
ORD102591,2024-12-04,Beauty,931.04,1,20,744.83,West,UPI,False,4
ORD102592,2025-08-17,Sports,514.53,1,15,437.35,South,Debit Card,False,4
ORD102593,2025-06-30,Sports,7334.81,1,5,6968.07,West,Debit Card,False,4
ORD102594,2024-05-17,Beauty,288.95,1,15,245.61,West,UPI,False,3
ORD102595,2025-05-21,Fashion,4531.02,1,0,4531.02,South,Debit Card,False,4
ORD102596,2024-07-20,Electronics,29833.29,3,15,76074.89,South,UPI,False,5
ORD102597,2025-04-13,Beauty,1946.21,1,0,1946.21,Central,UPI,False,5
ORD102598,2024-02-09,Fashion,3579.75,2,10,6443.55,North,Credit Card,False,1
ORD102599,2024-04-14,Fashion,922.72,1,5,876.58,West,UPI,False,5
ORD102600,2025-07-31,Sports,4434.66,1,5,4212.93,North,Credit Card,False,2
ORD102601,2025-06-08,Home & Kitchen,7295.78,2,20,11673.25,West,COD,False,5
ORD102602,2024-10-31,Beauty,1401.67,1,30,981.17,North,Debit Card,False,5
ORD102603,2024-01-28,Fashion,3984.51,2,15,6773.67,North,UPI,False,5
ORD102604,2024-08-04,Home & Kitchen,4656.93,1,20,3725.54,South,COD,False,4
ORD102605,2024-05-04,Fashion,4883.17,1,5,4639.01,West,COD,False,3
ORD102606,2024-06-25,Fashion,3064.08,1,20,2451.26,West,UPI,False,2
ORD102607,2025-05-01,Fashion,3307.74,1,0,3307.74,East,Net Banking,False,4
ORD102608,2025-07-25,Sports,7201.41,1,30,5040.99,Central,Credit Card,False,4
ORD102609,2024-11-02,Fashion,1074.66,1,0,1074.66,South,UPI,False,4
ORD102610,2025-11-29,Beauty,2432.73,1,10,2189.46,Central,UPI,False,5
ORD102611,2024-12-02,Beauty,872.0,1,10,784.8,North,COD,False,4
ORD102612,2024-04-06,Home & Kitchen,1415.84,1,30,991.09,South,Credit Card,False,3
ORD102613,2024-01-04,Fashion,1460.83,2,0,2921.66,North,UPI,False,4
ORD102614,2025-05-26,Fashion,1598.06,2,5,3036.31,South,Debit Card,False,1
ORD102615,2025-07-28,Fashion,1169.15,1,0,1169.15,South,COD,False,4
ORD102616,2024-04-27,Fashion,4110.58,2,5,7810.1,North,UPI,False,5
ORD102617,2025-03-20,Sports,3902.31,1,10,3512.08,Central,COD,False,1
ORD102618,2024-02-10,Electronics,37778.59,2,0,75557.18,North,Credit Card,True,4
ORD102619,2024-08-02,Sports,5525.8,1,0,5525.8,West,UPI,False,5
ORD102620,2024-02-22,Home & Kitchen,10030.82,1,5,9529.28,East,UPI,False,4
ORD102621,2025-11-13,Sports,5802.63,1,0,5802.63,North,Debit Card,False,5
ORD102622,2025-03-03,Home & Kitchen,11860.25,1,0,11860.25,South,COD,True,5
ORD102623,2024-06-29,Sports,4983.66,1,15,4236.11,West,Credit Card,False,4
ORD102624,2025-07-02,Beauty,1569.01,1,15,1333.66,North,COD,False,4
ORD102625,2024-08-24,Home & Kitchen,2003.24,2,20,3205.18,South,COD,False,3
ORD102626,2024-09-29,Sports,1142.92,1,30,800.04,South,Credit Card,False,5
ORD102627,2025-05-31,Beauty,788.84,1,10,709.96,North,UPI,False,1
ORD102628,2024-08-08,Fashion,845.92,1,15,719.03,North,Net Banking,False,4
ORD102629,2024-11-04,Home & Kitchen,4762.87,1,15,4048.44,South,UPI,False,4
ORD102630,2024-01-05,Electronics,9525.33,1,10,8572.8,Central,COD,False,4
ORD102631,2024-09-17,Fashion,676.67,1,5,642.84,North,UPI,True,4
ORD102632,2025-12-02,Fashion,4973.53,1,20,3978.82,South,UPI,False,4
ORD102633,2024-10-19,Beauty,326.3,1,0,326.3,West,UPI,False,5
ORD102634,2024-01-19,Home & Kitchen,3169.08,2,0,6338.16,Central,Debit Card,False,3
ORD102635,2025-08-01,Home & Kitchen,2311.4,1,0,2311.4,South,Credit Card,False,5
ORD102636,2025-05-03,Beauty,2943.4,3,0,8830.2,South,Credit Card,False,5
ORD102637,2024-09-28,Electronics,18174.8,1,10,16357.32,West,UPI,False,5
ORD102638,2025-06-15,Beauty,1009.68,1,15,858.23,South,Debit Card,False,5
ORD102639,2024-03-08,Electronics,37490.55,1,5,35616.02,South,UPI,False,5
ORD102640,2025-09-18,Beauty,824.61,1,10,742.15,West,Credit Card,False,2
ORD102641,2024-11-02,Beauty,2511.43,1,0,2511.43,East,Credit Card,False,2
ORD102642,2025-08-16,Fashion,1177.89,1,20,942.31,West,COD,False,4
ORD102643,2025-08-09,Electronics,33024.53,1,10,29722.08,West,UPI,False,5
ORD102644,2024-04-17,Fashion,2440.42,1,15,2074.36,South,Debit Card,False,4
ORD102645,2024-11-29,Beauty,2097.97,1,0,2097.97,South,UPI,False,4
ORD102646,2024-07-27,Fashion,3709.07,1,15,3152.71,North,COD,False,4
ORD102647,2024-03-17,Sports,6154.67,2,10,11078.41,Central,UPI,False,4
ORD102648,2025-12-17,Electronics,24375.28,1,30,17062.7,West,UPI,False,4
ORD102649,2024-08-01,Electronics,25195.53,1,15,21416.2,West,UPI,False,5
ORD102650,2025-04-10,Home & Kitchen,4432.48,1,15,3767.61,North,UPI,False,5
ORD102651,2024-08-08,Electronics,26553.99,1,5,25226.29,South,UPI,False,5
ORD102652,2025-05-08,Fashion,483.98,1,15,411.38,East,COD,False,5
ORD102653,2024-06-23,Fashion,1748.19,1,10,1573.37,West,Net Banking,False,4
ORD102654,2025-01-07,Sports,5832.65,1,0,5832.65,North,Debit Card,False,5
ORD102655,2024-01-15,Home & Kitchen,3752.13,1,15,3189.31,North,Credit Card,False,4
ORD102656,2024-04-19,Sports,7175.52,1,10,6457.97,North,UPI,False,5
ORD102657,2024-04-02,Fashion,1752.55,1,20,1402.04,South,UPI,False,5
ORD102658,2025-05-06,Beauty,2646.26,1,0,2646.26,Central,COD,False,5
ORD102659,2025-12-15,Fashion,1812.83,1,15,1540.91,North,Debit Card,False,4
ORD102660,2025-07-14,Beauty,404.28,1,5,384.07,West,Credit Card,False,4
ORD102661,2024-01-09,Sports,1349.11,1,0,1349.11,North,UPI,False,1
ORD102662,2025-03-26,Fashion,1063.68,2,5,2020.99,Central,Credit Card,False,5
ORD102663,2025-02-02,Home & Kitchen,4752.8,1,10,4277.52,Central,Net Banking,False,5
ORD102664,2025-11-12,Beauty,1614.12,1,0,1614.12,East,UPI,False,5
ORD102665,2025-08-08,Home & Kitchen,8893.57,1,5,8448.89,West,Credit Card,True,2
ORD102666,2024-05-16,Beauty,1289.86,1,10,1160.87,North,UPI,False,5
ORD102667,2024-12-04,Electronics,38328.49,1,0,38328.49,North,Debit Card,False,5
ORD102668,2025-09-28,Fashion,2462.34,1,0,2462.34,South,COD,False,5
ORD102669,2024-03-07,Sports,4698.75,1,5,4463.81,East,UPI,False,4
ORD102670,2024-09-22,Electronics,21266.51,1,0,21266.51,South,COD,False,4
ORD102671,2025-04-10,Fashion,2926.36,2,0,5852.72,North,Net Banking,False,4
ORD102672,2025-01-17,Fashion,639.89,1,0,639.89,Central,UPI,False,2
ORD102673,2024-08-26,Fashion,891.72,1,15,757.96,West,UPI,False,4
ORD102674,2025-03-12,Sports,594.51,1,15,505.33,North,UPI,False,5
ORD102675,2024-09-04,Fashion,1081.42,1,0,1081.42,North,Credit Card,False,4
ORD102676,2025-11-14,Home & Kitchen,9735.82,1,0,9735.82,North,UPI,False,3
ORD102677,2024-08-04,Beauty,1407.64,2,5,2674.52,East,COD,False,5
ORD102678,2024-10-24,Sports,4391.25,1,0,4391.25,South,COD,False,5
ORD102679,2024-11-01,Beauty,1998.87,1,0,1998.87,Central,Credit Card,False,4
ORD102680,2025-08-09,Electronics,42944.48,1,30,30061.14,West,Credit Card,False,3
ORD102681,2024-01-28,Home & Kitchen,1254.47,1,20,1003.58,West,UPI,False,5
ORD102682,2025-12-26,Home & Kitchen,2360.18,2,0,4720.36,West,UPI,False,5
ORD102683,2024-12-02,Home & Kitchen,10692.7,1,0,10692.7,North,UPI,False,5
ORD102684,2024-05-05,Fashion,1600.71,2,5,3041.35,South,UPI,False,4
ORD102685,2024-10-31,Home & Kitchen,6525.12,1,10,5872.61,Central,UPI,False,5
ORD102686,2024-11-12,Home & Kitchen,7992.37,1,5,7592.75,South,Credit Card,False,4
ORD102687,2025-02-16,Sports,4946.09,1,0,4946.09,South,UPI,False,5
ORD102688,2025-10-25,Home & Kitchen,9744.87,1,0,9744.87,West,UPI,False,4
ORD102689,2024-05-04,Electronics,3808.56,1,5,3618.13,East,UPI,False,5
ORD102690,2024-03-19,Electronics,29140.05,1,5,27683.05,South,UPI,False,3
ORD102691,2024-02-18,Electronics,44224.62,1,10,39802.16,West,UPI,False,4
ORD102692,2024-08-07,Fashion,1664.21,1,15,1414.58,West,COD,False,4
ORD102693,2024-11-16,Beauty,1775.01,1,20,1420.01,West,UPI,False,4
ORD102694,2025-05-09,Fashion,1220.6,1,0,1220.6,Central,UPI,False,2
ORD102695,2024-12-07,Beauty,279.1,2,10,502.38,South,COD,False,5
ORD102696,2025-06-14,Home & Kitchen,2403.68,1,0,2403.68,North,UPI,False,5
ORD102697,2025-10-08,Beauty,2417.2,1,15,2054.62,North,Debit Card,False,2
ORD102698,2025-03-27,Beauty,219.6,1,20,175.68,South,Credit Card,False,4
ORD102699,2024-08-02,Beauty,2212.53,2,10,3982.55,North,Net Banking,False,4
ORD102700,2024-11-22,Beauty,2371.38,1,0,2371.38,West,COD,False,1
ORD102701,2025-09-26,Fashion,2360.8,1,20,1888.64,West,UPI,False,5
ORD102702,2025-03-07,Beauty,2844.53,3,15,7253.55,East,COD,False,5
ORD102703,2024-08-29,Fashion,3913.65,1,10,3522.29,East,COD,False,5
ORD102704,2025-10-25,Beauty,2233.05,1,0,2233.05,West,Debit Card,False,5
ORD102705,2025-10-02,Fashion,1045.68,1,10,941.11,Central,UPI,False,4
ORD102706,2024-07-31,Fashion,3338.94,2,0,6677.88,South,Net Banking,False,1
ORD102707,2024-08-20,Fashion,4197.49,1,5,3987.62,East,UPI,False,4
ORD102708,2024-08-21,Electronics,30814.19,1,10,27732.77,Central,UPI,False,5
ORD102709,2025-11-05,Beauty,749.45,1,15,637.03,South,Net Banking,False,2
ORD102710,2024-01-15,Electronics,29633.3,1,20,23706.64,North,UPI,False,5
ORD102711,2025-12-13,Sports,2150.51,2,15,3655.87,Central,Credit Card,False,5
ORD102712,2025-04-17,Electronics,29128.54,2,10,52431.37,East,UPI,False,5
ORD102713,2024-07-28,Sports,7673.61,1,10,6906.25,North,Net Banking,False,5
ORD102714,2025-12-02,Sports,3159.4,3,30,6634.74,West,COD,False,4
ORD102715,2025-04-26,Beauty,2780.31,2,0,5560.62,West,Debit Card,False,5
ORD102716,2025-09-09,Sports,3369.0,1,0,3369.0,North,Credit Card,False,3
ORD102717,2024-05-19,Beauty,1188.55,2,15,2020.54,West,Credit Card,False,5
ORD102718,2025-06-30,Sports,3611.13,1,15,3069.46,East,UPI,False,2
ORD102719,2025-09-25,Fashion,2295.13,2,0,4590.26,West,COD,False,5
ORD102720,2024-09-22,Electronics,19237.16,1,0,19237.16,North,UPI,False,4
ORD102721,2025-07-23,Home & Kitchen,10834.23,1,0,10834.23,South,COD,False,2
ORD102722,2025-01-12,Fashion,2021.64,1,30,1415.15,West,UPI,False,5
ORD102723,2024-12-13,Sports,3680.05,1,10,3312.04,West,Credit Card,False,5
ORD102724,2025-09-05,Home & Kitchen,6407.89,2,5,12174.99,North,UPI,False,4
ORD102725,2024-02-13,Fashion,1679.66,1,10,1511.69,East,Credit Card,False,2
ORD102726,2024-02-18,Fashion,2309.35,1,5,2193.88,Central,UPI,True,4
ORD102727,2024-12-08,Fashion,4705.78,1,5,4470.49,North,UPI,False,3
ORD102728,2025-05-05,Fashion,4230.81,2,20,6769.3,North,Credit Card,False,4
ORD102729,2024-10-30,Beauty,2664.99,1,0,2664.99,South,Debit Card,False,3
ORD102730,2025-10-30,Beauty,921.35,2,30,1289.89,East,COD,False,4
ORD102731,2025-10-15,Home & Kitchen,8490.14,1,20,6792.11,North,UPI,False,5
ORD102732,2024-10-21,Fashion,4830.62,1,5,4589.09,Central,Net Banking,False,3
ORD102733,2024-05-28,Fashion,2426.02,2,20,3881.63,North,Credit Card,False,3
ORD102734,2024-10-07,Home & Kitchen,2058.77,1,5,1955.83,Central,Credit Card,False,5
ORD102735,2024-04-29,Beauty,1482.2,1,15,1259.87,East,Net Banking,False,3
ORD102736,2025-01-19,Home & Kitchen,3474.5,1,15,2953.32,North,Net Banking,True,4
ORD102737,2025-02-25,Electronics,43643.81,3,20,104745.14,North,Debit Card,False,5
ORD102738,2025-04-10,Electronics,24611.76,1,10,22150.58,West,COD,True,4
ORD102739,2025-05-15,Fashion,1439.51,1,0,1439.51,North,Debit Card,False,5
ORD102740,2025-09-11,Electronics,34683.06,1,10,31214.75,South,UPI,False,5
ORD102741,2024-04-30,Beauty,721.85,1,0,721.85,South,Credit Card,False,5
ORD102742,2025-06-07,Fashion,2810.95,3,10,7589.56,South,COD,False,1
ORD102743,2025-03-15,Home & Kitchen,2148.48,1,15,1826.21,North,Net Banking,False,5
ORD102744,2024-04-14,Beauty,1774.1,1,0,1774.1,South,Credit Card,False,4
ORD102745,2025-07-07,Electronics,12438.77,1,5,11816.83,South,UPI,False,3
ORD102746,2025-07-23,Electronics,29160.99,2,20,46657.58,West,COD,False,5
ORD102747,2025-05-03,Home & Kitchen,3405.79,1,10,3065.21,North,Credit Card,False,5
ORD102748,2025-03-29,Home & Kitchen,3035.05,1,10,2731.54,East,Credit Card,False,5
ORD102749,2024-11-23,Electronics,33867.76,1,10,30480.98,South,Net Banking,False,4
ORD102750,2025-02-17,Fashion,3514.18,1,15,2987.05,East,COD,False,4
ORD102751,2025-05-18,Sports,5190.49,1,5,4930.97,South,Net Banking,False,5
ORD102752,2025-06-21,Fashion,4190.85,1,30,2933.6,North,UPI,False,4
ORD102753,2024-02-08,Beauty,184.14,2,15,313.04,North,UPI,False,5
ORD102754,2024-12-06,Fashion,4933.75,1,5,4687.06,North,UPI,False,5
ORD102755,2025-09-24,Fashion,952.83,1,0,952.83,North,UPI,False,3
ORD102756,2025-10-03,Fashion,339.78,3,10,917.41,North,Credit Card,False,4
ORD102757,2025-01-26,Home & Kitchen,6883.02,1,15,5850.57,West,UPI,False,5
ORD102758,2024-01-06,Beauty,2989.06,1,20,2391.25,North,Credit Card,False,4
ORD102759,2025-02-16,Fashion,929.41,2,20,1487.06,West,Credit Card,False,4
ORD102760,2025-01-13,Electronics,44680.48,1,5,42446.46,South,Credit Card,False,5
ORD102761,2025-02-12,Beauty,909.55,1,15,773.12,West,Debit Card,False,4
ORD102762,2024-03-13,Sports,5364.43,1,30,3755.1,South,COD,False,5
ORD102763,2025-09-12,Fashion,4588.63,1,20,3670.9,West,UPI,True,5
ORD102764,2025-11-17,Fashion,3858.17,1,15,3279.44,Central,Credit Card,False,4
ORD102765,2024-04-14,Electronics,8252.13,1,0,8252.13,North,Net Banking,False,5
ORD102766,2025-09-18,Electronics,4338.89,1,20,3471.11,West,Credit Card,False,4
ORD102767,2025-09-15,Fashion,3109.92,1,5,2954.42,West,COD,False,4
ORD102768,2024-03-19,Sports,1921.1,1,0,1921.1,North,UPI,False,3
ORD102769,2025-08-18,Fashion,2898.3,2,10,5216.94,North,UPI,False,4
ORD102770,2025-12-05,Electronics,40862.83,1,10,36776.55,North,COD,False,4
ORD102771,2025-04-29,Sports,1229.76,1,10,1106.78,Central,Credit Card,True,1
ORD102772,2025-10-28,Fashion,3973.79,1,0,3973.79,West,UPI,True,3
ORD102773,2024-11-13,Sports,3884.93,1,0,3884.93,North,UPI,False,4
ORD102774,2025-06-30,Fashion,3295.56,1,0,3295.56,West,UPI,False,3
ORD102775,2025-07-05,Beauty,1624.43,1,0,1624.43,South,Debit Card,False,5
ORD102776,2025-08-23,Fashion,2126.48,2,0,4252.96,South,UPI,False,5
ORD102777,2024-04-28,Electronics,24654.12,1,0,24654.12,West,COD,False,4
ORD102778,2024-08-12,Fashion,4671.23,1,20,3736.98,North,Credit Card,False,5
ORD102779,2025-10-20,Fashion,4947.14,2,15,8410.14,North,UPI,True,5
ORD102780,2024-08-03,Beauty,2846.91,1,30,1992.84,North,Credit Card,False,1
ORD102781,2024-03-29,Home & Kitchen,5908.87,1,0,5908.87,West,UPI,False,4
ORD102782,2024-01-25,Fashion,1745.14,2,0,3490.28,South,COD,False,3
ORD102783,2025-02-18,Sports,2553.71,1,20,2042.97,East,Debit Card,False,3
ORD102784,2024-07-05,Fashion,4770.94,1,0,4770.94,East,Credit Card,False,1
ORD102785,2025-06-19,Fashion,1332.53,2,0,2665.06,East,Credit Card,False,5
ORD102786,2025-03-04,Home & Kitchen,11187.93,1,0,11187.93,South,Debit Card,False,2
ORD102787,2025-04-03,Sports,7353.67,2,15,12501.24,North,COD,True,4
ORD102788,2024-03-30,Fashion,526.19,1,0,526.19,North,UPI,False,4
ORD102789,2025-11-22,Beauty,695.07,1,5,660.32,East,Debit Card,False,4
ORD102790,2025-08-29,Home & Kitchen,10954.5,3,5,31220.32,Central,UPI,False,4
ORD102791,2025-09-28,Fashion,2860.51,2,5,5434.97,East,UPI,False,1
ORD102792,2024-09-17,Fashion,1879.44,1,5,1785.47,North,UPI,False,2
ORD102793,2024-08-18,Electronics,29646.02,1,0,29646.02,South,Debit Card,False,5
ORD102794,2025-01-04,Fashion,1836.19,1,15,1560.76,West,Credit Card,False,4
ORD102795,2024-04-24,Electronics,19994.62,2,10,35990.32,South,Debit Card,True,5
ORD102796,2024-11-05,Beauty,2059.5,1,15,1750.58,North,UPI,False,4
ORD102797,2025-08-05,Home & Kitchen,10594.92,1,0,10594.92,Central,Debit Card,False,2
ORD102798,2024-05-16,Home & Kitchen,6520.3,1,5,6194.28,North,Net Banking,False,3
ORD102799,2024-10-09,Home & Kitchen,10869.19,3,5,30977.19,East,Credit Card,False,4
ORD102800,2025-06-16,Beauty,883.28,1,10,794.95,Central,Debit Card,False,4
ORD102801,2024-03-30,Electronics,31351.33,1,5,29783.76,North,UPI,False,5
ORD102802,2025-12-24,Fashion,1509.98,2,15,2566.97,North,Credit Card,False,1
ORD102803,2025-07-21,Electronics,12185.33,1,20,9748.26,South,Debit Card,False,3
ORD102804,2024-10-05,Beauty,2771.55,1,0,2771.55,Central,Net Banking,False,3
ORD102805,2024-02-25,Electronics,14783.54,1,15,12566.01,North,UPI,False,4
ORD102806,2025-12-05,Electronics,33954.54,1,20,27163.63,South,COD,False,5
ORD102807,2025-09-18,Fashion,3292.23,1,10,2963.01,North,UPI,False,3
ORD102808,2024-01-14,Fashion,3432.45,2,15,5835.16,East,UPI,False,5
ORD102809,2024-09-27,Fashion,1336.67,1,10,1203.0,South,UPI,False,5
ORD102810,2025-01-19,Beauty,1239.11,1,15,1053.24,South,Credit Card,False,5
ORD102811,2025-01-31,Beauty,2626.11,1,10,2363.5,North,UPI,False,3
ORD102812,2025-02-22,Fashion,2204.67,1,10,1984.2,West,UPI,False,4
ORD102813,2025-03-11,Sports,3240.0,1,5,3078.0,East,COD,False,5
ORD102814,2024-02-11,Sports,1779.37,1,5,1690.4,East,UPI,False,3
ORD102815,2024-10-01,Electronics,16174.31,2,15,27496.33,North,COD,False,4
ORD102816,2024-04-27,Sports,5518.78,1,20,4415.02,North,UPI,False,4
ORD102817,2024-01-28,Home & Kitchen,5066.81,1,10,4560.13,West,Net Banking,False,5
ORD102818,2024-09-04,Fashion,4513.56,1,0,4513.56,West,COD,False,4
ORD102819,2024-10-18,Sports,4745.48,1,10,4270.93,South,Credit Card,False,2
ORD102820,2025-06-06,Beauty,2704.98,1,30,1893.49,Central,Credit Card,False,5
ORD102821,2025-03-22,Electronics,27934.26,1,15,23744.12,North,Credit Card,False,4
ORD102822,2024-06-07,Fashion,4080.49,1,10,3672.44,East,UPI,False,5
ORD102823,2025-02-17,Fashion,835.0,1,10,751.5,South,Credit Card,False,4
ORD102824,2025-10-25,Electronics,39787.49,1,10,35808.74,North,UPI,False,3
ORD102825,2024-11-25,Electronics,13847.83,1,0,13847.83,North,Net Banking,False,4
ORD102826,2025-12-05,Home & Kitchen,8542.03,1,10,7687.83,South,Net Banking,False,4
ORD102827,2024-08-18,Fashion,2165.24,2,10,3897.43,South,COD,False,4
ORD102828,2025-04-12,Beauty,2269.17,2,10,4084.51,East,Debit Card,False,4
ORD102829,2024-05-25,Home & Kitchen,7773.43,1,0,7773.43,North,Credit Card,False,5
ORD102830,2024-06-04,Electronics,39577.3,1,0,39577.3,West,COD,False,5
ORD102831,2024-09-21,Fashion,1822.64,1,15,1549.24,North,UPI,False,4
ORD102832,2024-01-25,Home & Kitchen,3682.96,1,30,2578.07,Central,Debit Card,False,5
ORD102833,2025-05-31,Electronics,14140.91,3,10,38180.46,Central,UPI,False,3
ORD102834,2025-07-18,Home & Kitchen,7860.63,2,5,14935.2,East,UPI,False,5
ORD102835,2025-07-26,Beauty,300.32,1,0,300.32,North,Debit Card,False,1
ORD102836,2025-08-23,Electronics,42812.86,2,15,72781.86,West,COD,False,5
ORD102837,2025-12-24,Beauty,884.76,1,0,884.76,South,UPI,False,4
ORD102838,2025-08-04,Beauty,2526.18,1,5,2399.87,West,UPI,True,5
ORD102839,2025-12-16,Home & Kitchen,8992.06,1,5,8542.46,East,COD,False,5
ORD102840,2025-11-30,Electronics,7604.63,1,10,6844.17,South,COD,False,3
ORD102841,2024-08-21,Sports,4112.92,1,30,2879.04,South,Credit Card,False,4
ORD102842,2025-06-03,Electronics,31483.45,1,5,29909.28,North,Net Banking,False,5
ORD102843,2025-01-13,Beauty,644.28,1,5,612.07,West,Net Banking,False,5
ORD102844,2025-07-02,Electronics,34680.52,1,20,27744.42,South,COD,False,4
ORD102845,2025-01-21,Beauty,165.3,1,10,148.77,North,UPI,False,5
ORD102846,2025-06-01,Home & Kitchen,11591.49,1,5,11011.92,South,COD,False,5
ORD102847,2025-09-12,Electronics,32861.9,1,10,29575.71,North,UPI,False,4
ORD102848,2025-09-30,Sports,5596.91,1,0,5596.91,North,UPI,False,4
ORD102849,2025-05-19,Fashion,1764.56,1,20,1411.65,North,UPI,False,3
ORD102850,2024-06-23,Home & Kitchen,832.17,1,5,790.56,East,UPI,False,4
ORD102851,2024-04-12,Fashion,3365.52,1,10,3028.97,West,Net Banking,True,5
ORD102852,2025-10-22,Beauty,760.13,1,30,532.09,North,COD,False,5
ORD102853,2025-02-13,Electronics,35952.93,1,5,34155.28,Central,COD,False,4
ORD102854,2025-11-08,Home & Kitchen,11047.21,1,5,10494.85,West,Debit Card,False,4
ORD102855,2024-11-11,Home & Kitchen,8699.37,2,5,16528.8,East,UPI,False,5
ORD102856,2024-05-12,Home & Kitchen,10394.62,1,0,10394.62,South,Net Banking,False,5
ORD102857,2024-10-06,Home & Kitchen,4647.38,1,10,4182.64,East,UPI,False,4
ORD102858,2024-08-27,Fashion,3293.04,1,10,2963.74,South,COD,False,5
ORD102859,2024-03-13,Sports,5654.11,2,0,11308.22,South,Debit Card,False,1
ORD102860,2024-08-31,Home & Kitchen,11116.5,2,5,21121.35,East,UPI,False,4
ORD102861,2025-12-23,Fashion,3839.01,1,10,3455.11,Central,UPI,False,2
ORD102862,2024-12-19,Beauty,1426.04,1,20,1140.83,East,COD,False,5
ORD102863,2025-11-26,Beauty,2651.23,2,0,5302.46,South,Net Banking,False,3
ORD102864,2025-07-28,Home & Kitchen,5966.06,1,5,5667.76,North,COD,False,4
ORD102865,2024-07-14,Electronics,9321.98,2,20,14915.17,East,Credit Card,True,5
ORD102866,2025-08-20,Beauty,254.68,1,5,241.95,East,Credit Card,False,5
ORD102867,2025-04-30,Home & Kitchen,1193.1,1,5,1133.44,East,UPI,False,4
ORD102868,2025-05-01,Beauty,1365.5,1,0,1365.5,Central,UPI,False,2
ORD102869,2025-12-09,Electronics,15530.03,1,0,15530.03,North,Net Banking,False,5
ORD102870,2024-07-30,Fashion,1159.6,2,0,2319.2,East,COD,False,5
ORD102871,2025-02-25,Home & Kitchen,11981.26,1,0,11981.26,South,UPI,False,5
ORD102872,2024-01-01,Electronics,37881.24,1,30,26516.87,North,UPI,False,5
ORD102873,2024-05-25,Beauty,1523.92,1,15,1295.33,East,Net Banking,False,5
ORD102874,2025-06-24,Fashion,4128.17,1,15,3508.94,Central,UPI,False,5
ORD102875,2024-11-27,Home & Kitchen,2431.93,1,20,1945.54,South,Debit Card,False,2
ORD102876,2024-01-13,Home & Kitchen,951.58,1,0,951.58,Central,UPI,False,4
ORD102877,2024-12-20,Sports,3647.02,2,10,6564.64,Central,Credit Card,False,5
ORD102878,2025-03-14,Beauty,1392.49,1,0,1392.49,West,COD,False,5
ORD102879,2024-06-20,Sports,5080.31,1,15,4318.26,Central,Credit Card,False,4
ORD102880,2025-11-20,Fashion,2378.34,2,5,4518.85,South,Net Banking,True,5
ORD102881,2025-06-05,Electronics,4243.05,1,0,4243.05,East,Debit Card,False,4
ORD102882,2024-01-23,Sports,4341.71,1,10,3907.54,East,Credit Card,False,4
ORD102883,2025-01-28,Fashion,1326.75,1,20,1061.4,North,UPI,False,4
ORD102884,2025-03-30,Beauty,2370.82,1,0,2370.82,North,Credit Card,False,2
ORD102885,2024-01-28,Fashion,3248.21,1,10,2923.39,North,Credit Card,True,4
ORD102886,2024-03-09,Home & Kitchen,2511.15,1,0,2511.15,South,COD,False,4
ORD102887,2025-12-13,Home & Kitchen,7922.57,2,5,15052.88,North,Debit Card,False,4
ORD102888,2025-12-15,Home & Kitchen,5068.02,1,5,4814.62,West,UPI,False,5
ORD102889,2024-12-25,Fashion,400.11,1,0,400.11,North,Net Banking,False,3
ORD102890,2025-06-18,Fashion,3966.12,1,5,3767.81,East,Credit Card,False,4
ORD102891,2025-12-30,Fashion,1835.18,2,5,3486.84,East,Credit Card,False,5
ORD102892,2025-04-11,Electronics,43488.06,2,20,69580.9,South,UPI,False,5
ORD102893,2025-01-08,Electronics,29508.52,2,5,56066.19,East,UPI,False,2
ORD102894,2025-06-10,Fashion,571.19,1,10,514.07,North,UPI,True,4
ORD102895,2024-05-27,Electronics,8799.99,1,15,7479.99,North,Credit Card,False,5
ORD102896,2024-08-16,Sports,2610.02,1,0,2610.02,East,UPI,False,3
ORD102897,2024-04-04,Home & Kitchen,7580.62,1,15,6443.53,North,COD,False,4
ORD102898,2024-03-23,Fashion,3544.2,1,0,3544.2,North,COD,False,5
ORD102899,2025-02-26,Electronics,19730.64,3,10,53272.73,South,Net Banking,False,3
ORD102900,2025-10-23,Home & Kitchen,9017.74,1,20,7214.19,West,COD,False,5
ORD102901,2025-01-29,Sports,6110.58,1,15,5193.99,West,Debit Card,False,5
ORD102902,2024-08-08,Home & Kitchen,7469.62,2,0,14939.24,West,COD,False,5
ORD102903,2025-04-27,Electronics,16681.5,1,0,16681.5,East,Net Banking,False,4
ORD102904,2025-07-16,Electronics,36174.07,1,0,36174.07,West,Net Banking,False,5
ORD102905,2024-07-27,Electronics,26553.35,1,0,26553.35,West,Debit Card,False,2
ORD102906,2025-09-21,Beauty,1763.25,2,30,2468.55,West,UPI,False,2
ORD102907,2025-06-03,Sports,2601.31,1,15,2211.11,North,UPI,False,5
ORD102908,2024-06-20,Electronics,19031.91,1,0,19031.91,North,COD,False,4
ORD102909,2024-09-08,Home & Kitchen,8472.46,1,15,7201.59,West,UPI,False,4
ORD102910,2025-02-27,Fashion,1578.12,1,15,1341.4,North,UPI,False,3
ORD102911,2024-05-19,Fashion,2178.48,1,5,2069.56,North,Net Banking,False,4
ORD102912,2025-08-19,Home & Kitchen,9200.63,1,10,8280.57,North,Net Banking,False,4
ORD102913,2024-07-16,Home & Kitchen,8564.93,1,5,8136.68,South,UPI,False,4
ORD102914,2024-04-30,Electronics,11360.07,1,0,11360.07,North,UPI,False,4
ORD102915,2025-09-11,Home & Kitchen,1772.27,1,20,1417.82,South,UPI,False,5
ORD102916,2024-08-03,Beauty,1405.83,1,5,1335.54,South,UPI,False,4
ORD102917,2024-07-03,Fashion,3136.5,1,30,2195.55,South,Net Banking,False,4
ORD102918,2025-07-27,Electronics,11925.26,1,10,10732.73,West,UPI,False,5
ORD102919,2025-07-21,Fashion,1517.13,1,10,1365.42,East,Debit Card,False,5
ORD102920,2025-12-17,Fashion,4149.79,1,15,3527.32,East,COD,False,5
ORD102921,2025-09-04,Beauty,2152.56,1,15,1829.68,West,UPI,False,5
ORD102922,2024-08-25,Electronics,15674.33,1,0,15674.33,West,UPI,False,4
ORD102923,2024-11-18,Fashion,824.28,1,0,824.28,South,Credit Card,False,5
ORD102924,2025-06-07,Electronics,44372.62,2,15,75433.45,East,UPI,False,5
ORD102925,2024-04-24,Home & Kitchen,7853.63,2,5,14921.9,South,Credit Card,False,5
ORD102926,2025-11-13,Home & Kitchen,8782.4,1,0,8782.4,South,UPI,False,5
ORD102927,2025-07-20,Fashion,4065.35,1,0,4065.35,East,Net Banking,False,4
ORD102928,2024-01-22,Sports,1375.66,1,0,1375.66,West,Credit Card,False,4
ORD102929,2024-10-23,Home & Kitchen,8529.91,2,10,15353.84,South,UPI,False,3
ORD102930,2024-07-07,Beauty,854.9,1,0,854.9,Central,UPI,False,5
ORD102931,2024-04-23,Electronics,16235.57,1,0,16235.57,South,UPI,False,5
ORD102932,2025-11-16,Electronics,34329.46,1,20,27463.57,East,UPI,False,5
ORD102933,2025-02-21,Fashion,3325.57,2,15,5653.47,Central,Debit Card,False,4
ORD102934,2025-10-30,Home & Kitchen,3596.45,2,15,6113.96,East,UPI,False,5
ORD102935,2024-09-12,Sports,5643.22,1,15,4796.74,Central,UPI,False,4
ORD102936,2025-11-06,Home & Kitchen,10103.13,1,10,9092.82,Central,Debit Card,False,5
ORD102937,2025-11-12,Fashion,4244.2,1,30,2970.94,Central,UPI,True,5
ORD102938,2025-11-18,Home & Kitchen,718.17,1,20,574.54,North,UPI,False,4
ORD102939,2025-07-29,Beauty,2401.42,1,20,1921.14,South,UPI,False,5
ORD102940,2025-05-24,Home & Kitchen,9549.13,1,10,8594.22,North,Credit Card,False,5
ORD102941,2025-09-10,Fashion,493.07,1,0,493.07,East,UPI,False,5
ORD102942,2024-12-26,Electronics,31379.64,1,15,26672.69,South,COD,False,4
ORD102943,2025-10-25,Fashion,2870.63,1,0,2870.63,Central,UPI,False,4
ORD102944,2025-03-28,Beauty,1450.67,1,15,1233.07,East,UPI,False,5
ORD102945,2025-02-15,Home & Kitchen,7572.36,1,20,6057.89,North,Debit Card,False,1
ORD102946,2025-03-10,Fashion,2611.97,1,5,2481.37,North,UPI,False,5
ORD102947,2024-02-06,Fashion,3311.18,1,0,3311.18,South,Debit Card,False,2
ORD102948,2024-05-31,Home & Kitchen,6957.64,1,15,5913.99,North,Debit Card,False,5
ORD102949,2025-06-05,Fashion,4216.39,1,5,4005.57,South,Net Banking,False,3
ORD102950,2025-10-04,Electronics,10992.72,1,20,8794.18,Central,Debit Card,True,4
ORD102951,2024-03-24,Home & Kitchen,6190.49,1,20,4952.39,North,UPI,False,5
ORD102952,2025-04-04,Fashion,3733.76,1,15,3173.7,North,Debit Card,False,4
ORD102953,2024-05-12,Fashion,1729.79,2,30,2421.71,North,Credit Card,False,4
ORD102954,2024-04-17,Fashion,4487.28,1,5,4262.92,East,UPI,False,3
ORD102955,2024-01-21,Electronics,9770.63,2,0,19541.26,West,UPI,False,5
ORD102956,2025-10-05,Fashion,3400.0,1,0,3400.0,West,Credit Card,False,3
ORD102957,2024-03-22,Home & Kitchen,1382.73,1,15,1175.32,East,Debit Card,False,3
ORD102958,2025-12-22,Electronics,17410.61,2,5,33080.16,South,Credit Card,False,5
ORD102959,2024-01-23,Sports,4382.87,1,10,3944.58,South,Net Banking,False,4
ORD102960,2024-10-08,Fashion,4349.53,1,10,3914.58,North,Credit Card,False,5
ORD102961,2025-04-09,Sports,797.91,1,15,678.22,East,Debit Card,False,5
ORD102962,2024-07-30,Fashion,3549.23,1,0,3549.23,South,Debit Card,False,5
ORD102963,2024-08-10,Fashion,3722.54,1,30,2605.78,East,Credit Card,False,5
ORD102964,2025-02-26,Electronics,23536.64,1,5,22359.81,East,Credit Card,False,5
ORD102965,2025-03-22,Fashion,731.17,1,10,658.05,East,UPI,False,5
ORD102966,2025-07-03,Home & Kitchen,2239.36,1,0,2239.36,East,UPI,False,4
ORD102967,2024-09-01,Beauty,1366.73,1,0,1366.73,South,Debit Card,False,4
ORD102968,2025-07-25,Beauty,2004.79,1,10,1804.31,South,UPI,False,3
ORD102969,2024-07-28,Fashion,3895.62,2,10,7012.12,North,Credit Card,False,4
ORD102970,2024-04-16,Home & Kitchen,9242.49,1,0,9242.49,West,UPI,False,1
ORD102971,2024-02-16,Home & Kitchen,1313.73,1,10,1182.36,North,Credit Card,False,4
ORD102972,2024-06-13,Electronics,16719.86,2,20,26751.78,South,Credit Card,False,5
ORD102973,2024-10-20,Beauty,2956.75,1,15,2513.24,West,UPI,False,5
ORD102974,2025-07-10,Electronics,33461.12,1,0,33461.12,North,UPI,False,4
ORD102975,2025-02-18,Home & Kitchen,4514.43,1,10,4062.99,South,UPI,False,4
ORD102976,2024-08-05,Beauty,1712.49,1,15,1455.62,West,Debit Card,False,5
ORD102977,2025-06-08,Beauty,1260.55,1,15,1071.47,North,Net Banking,False,4
ORD102978,2025-11-14,Fashion,1342.3,1,0,1342.3,West,UPI,False,5
ORD102979,2024-04-14,Fashion,2639.31,1,20,2111.45,South,Debit Card,True,2
ORD102980,2025-09-15,Electronics,35353.47,1,10,31818.12,East,Credit Card,False,4
ORD102981,2025-08-10,Home & Kitchen,6829.13,1,20,5463.3,West,Net Banking,False,5
ORD102982,2025-07-06,Home & Kitchen,6863.21,1,5,6520.05,West,UPI,False,3
ORD102983,2024-08-26,Sports,5760.94,2,0,11521.88,South,UPI,False,5
ORD102984,2025-09-02,Sports,671.79,1,5,638.2,Central,UPI,False,5
ORD102985,2024-07-30,Fashion,3841.98,1,15,3265.68,North,UPI,False,2
ORD102986,2025-08-08,Electronics,6142.22,1,20,4913.78,South,UPI,False,5
ORD102987,2024-09-29,Beauty,238.59,1,30,167.01,East,UPI,False,4
ORD102988,2025-07-21,Fashion,4687.17,2,10,8436.91,East,COD,True,5
ORD102989,2025-04-24,Sports,5988.31,1,30,4191.82,South,COD,True,4
ORD102990,2025-11-20,Electronics,29827.37,1,15,25353.26,East,UPI,False,5
ORD102991,2024-12-22,Sports,5008.56,1,10,4507.7,Central,Credit Card,False,4
ORD102992,2025-10-29,Beauty,1690.04,1,0,1690.04,North,UPI,False,3
ORD102993,2024-07-18,Beauty,1946.71,1,5,1849.37,West,COD,False,5
ORD102994,2024-12-12,Fashion,3742.38,1,15,3181.02,South,Credit Card,False,5
ORD102995,2025-06-06,Beauty,480.93,1,10,432.84,North,Credit Card,False,4
ORD102996,2024-03-13,Fashion,4845.46,1,15,4118.64,East,COD,False,4
ORD102997,2024-06-09,Fashion,1781.98,1,10,1603.78,North,UPI,True,5
ORD102998,2024-10-12,Electronics,9579.3,1,5,9100.33,West,UPI,False,4
ORD102999,2024-01-31,Fashion,3184.86,1,15,2707.13,West,UPI,False,5
ORD103000,2025-08-09,Fashion,2897.89,1,0,2897.89,South,Credit Card,False,5
ORD103001,2024-08-08,Fashion,2683.89,1,10,2415.5,North,Credit Card,False,5
ORD103002,2024-08-24,Beauty,945.65,1,30,661.96,East,Debit Card,False,5
ORD103003,2024-08-29,Fashion,572.88,2,20,916.61,East,Credit Card,False,5
ORD103004,2025-05-09,Beauty,1730.0,2,0,3460.0,South,COD,False,5
ORD103005,2025-10-17,Beauty,2238.57,3,0,6715.71,South,Debit Card,False,4
ORD103006,2024-03-28,Home & Kitchen,7404.76,2,15,12588.09,East,Net Banking,False,4
ORD103007,2024-10-04,Sports,5701.11,1,10,5131.0,North,Credit Card,False,4
ORD103008,2025-06-18,Home & Kitchen,11504.89,1,5,10929.65,North,UPI,False,5
ORD103009,2025-11-15,Fashion,670.58,1,0,670.58,South,Debit Card,False,4
ORD103010,2025-12-12,Beauty,2944.08,1,10,2649.67,South,Credit Card,False,5
ORD103011,2024-11-29,Beauty,2090.79,2,15,3554.34,Central,Credit Card,False,5
ORD103012,2025-05-06,Electronics,24990.61,1,10,22491.55,North,UPI,False,5
ORD103013,2024-11-21,Home & Kitchen,2924.29,1,0,2924.29,South,Debit Card,False,2
ORD103014,2024-03-25,Beauty,1584.12,1,5,1504.91,West,Credit Card,False,5
ORD103015,2024-09-23,Fashion,2238.64,1,0,2238.64,West,Debit Card,False,4
ORD103016,2025-04-10,Sports,2123.28,1,15,1804.79,West,Net Banking,False,4
ORD103017,2025-07-09,Sports,6985.52,1,10,6286.97,North,COD,False,5
ORD103018,2024-01-24,Sports,1475.91,2,0,2951.82,West,UPI,False,3
ORD103019,2024-06-21,Home & Kitchen,11993.16,1,10,10793.84,West,Net Banking,False,5
ORD103020,2024-06-06,Electronics,37901.57,1,0,37901.57,East,UPI,False,3
ORD103021,2025-05-04,Beauty,1864.43,1,0,1864.43,North,COD,False,5
ORD103022,2024-03-06,Home & Kitchen,10189.83,1,5,9680.34,North,UPI,False,5
ORD103023,2024-01-09,Electronics,35305.33,1,5,33540.06,West,UPI,False,1
ORD103024,2024-05-23,Beauty,377.37,1,15,320.76,Central,Debit Card,False,5
ORD103025,2025-07-12,Beauty,2144.9,2,5,4075.31,South,COD,False,5
ORD103026,2024-06-23,Fashion,1251.98,1,20,1001.58,West,Debit Card,True,3
ORD103027,2024-05-28,Electronics,2524.0,1,10,2271.6,North,Credit Card,False,5
ORD103028,2024-08-14,Sports,6151.18,3,30,12917.48,North,UPI,False,5
ORD103029,2024-11-11,Home & Kitchen,7326.68,3,0,21980.04,West,COD,False,4
ORD103030,2024-01-05,Fashion,2020.42,1,15,1717.36,Central,UPI,False,4
ORD103031,2024-05-23,Fashion,2294.37,1,15,1950.21,East,UPI,True,5
ORD103032,2024-04-19,Fashion,986.69,1,0,986.69,West,UPI,False,5
ORD103033,2024-10-06,Fashion,2674.27,2,15,4546.26,West,Debit Card,False,3
ORD103034,2025-09-07,Fashion,710.51,1,10,639.46,North,COD,True,5
ORD103035,2025-12-20,Home & Kitchen,5516.08,1,0,5516.08,East,COD,False,5
ORD103036,2024-01-05,Sports,6120.69,2,10,11017.24,East,UPI,False,5
ORD103037,2024-08-15,Home & Kitchen,3359.35,1,10,3023.42,North,Credit Card,False,5
ORD103038,2025-11-06,Electronics,35466.86,1,15,30146.83,East,UPI,False,4
ORD103039,2025-02-23,Home & Kitchen,4115.79,2,0,8231.58,South,Debit Card,False,5
ORD103040,2024-02-26,Electronics,16069.52,2,15,27318.18,South,COD,False,5
ORD103041,2024-11-22,Sports,2872.32,1,0,2872.32,North,UPI,False,5
ORD103042,2025-02-09,Home & Kitchen,2360.17,1,15,2006.14,Central,UPI,False,4
ORD103043,2025-05-09,Beauty,2346.32,1,0,2346.32,North,Debit Card,False,4
ORD103044,2025-09-06,Beauty,2937.88,1,20,2350.3,North,COD,False,4
ORD103045,2025-05-21,Fashion,4125.37,1,5,3919.1,East,Net Banking,False,5
ORD103046,2025-04-20,Beauty,1657.2,1,10,1491.48,East,Credit Card,False,5
ORD103047,2024-03-27,Home & Kitchen,4822.8,1,0,4822.8,South,UPI,False,5
ORD103048,2025-06-25,Sports,5193.71,1,10,4674.34,West,UPI,False,4
ORD103049,2025-07-25,Sports,865.69,1,10,779.12,North,Credit Card,False,5
ORD103050,2024-05-21,Fashion,3083.77,1,20,2467.02,South,Credit Card,False,1
ORD103051,2025-05-13,Electronics,4074.73,1,0,4074.73,East,Debit Card,False,5
ORD103052,2025-07-23,Electronics,4170.56,2,10,7507.01,North,UPI,False,5
ORD103053,2024-12-28,Home & Kitchen,8634.84,1,0,8634.84,West,UPI,False,4
ORD103054,2025-05-17,Fashion,3546.13,1,5,3368.82,South,UPI,False,5
ORD103055,2024-03-12,Beauty,934.06,1,0,934.06,East,UPI,False,5
ORD103056,2024-11-27,Sports,4264.77,1,15,3625.05,North,COD,False,5
ORD103057,2024-03-08,Beauty,2261.61,2,15,3844.74,East,COD,False,4
ORD103058,2025-09-18,Beauty,2429.38,1,30,1700.57,South,UPI,True,4
ORD103059,2024-09-10,Home & Kitchen,10974.44,1,0,10974.44,Central,COD,False,5
ORD103060,2025-07-24,Home & Kitchen,10809.8,1,0,10809.8,North,UPI,True,4
ORD103061,2025-05-01,Home & Kitchen,7915.86,1,0,7915.86,West,UPI,False,4
ORD103062,2025-01-16,Beauty,1636.04,1,30,1145.23,South,Credit Card,False,2
ORD103063,2025-07-15,Fashion,4211.09,2,0,8422.18,North,UPI,False,4
ORD103064,2024-07-11,Electronics,37732.17,1,15,32072.34,South,UPI,False,5
ORD103065,2024-06-01,Electronics,4103.35,1,5,3898.18,Central,Debit Card,False,4
ORD103066,2025-01-12,Fashion,3222.49,2,0,6444.98,North,UPI,False,5
ORD103067,2024-11-25,Beauty,2190.22,1,10,1971.2,North,Debit Card,False,4
ORD103068,2025-05-15,Fashion,1924.53,1,5,1828.3,North,Debit Card,False,4
ORD103069,2025-07-28,Fashion,3701.93,2,5,7033.67,South,UPI,False,5
ORD103070,2025-01-28,Electronics,30312.97,1,15,25766.02,North,Debit Card,False,3
ORD103071,2025-03-14,Home & Kitchen,6749.7,1,10,6074.73,South,COD,False,5
ORD103072,2025-07-05,Beauty,1248.58,1,0,1248.58,East,Debit Card,False,4
ORD103073,2025-12-06,Beauty,344.62,1,5,327.39,North,UPI,False,3
ORD103074,2025-11-26,Beauty,2073.89,1,0,2073.89,Central,Credit Card,False,5
ORD103075,2024-10-04,Electronics,10516.27,1,10,9464.64,North,UPI,False,5
ORD103076,2024-11-11,Fashion,352.35,1,5,334.73,East,UPI,False,4
ORD103077,2025-11-24,Beauty,2132.31,1,5,2025.69,South,Credit Card,False,4
ORD103078,2024-09-07,Home & Kitchen,2003.46,2,15,3405.88,East,UPI,False,4
ORD103079,2025-08-27,Beauty,2768.91,1,5,2630.46,Central,UPI,False,2
ORD103080,2025-02-12,Fashion,574.53,1,10,517.08,West,Net Banking,False,5
ORD103081,2024-03-20,Beauty,399.02,1,0,399.02,South,Credit Card,False,4
ORD103082,2024-05-12,Beauty,913.87,1,0,913.87,West,UPI,False,5
ORD103083,2025-11-18,Home & Kitchen,10262.56,1,10,9236.3,North,Net Banking,False,5
ORD103084,2024-05-08,Beauty,998.91,1,15,849.07,East,Credit Card,False,3
ORD103085,2025-06-01,Fashion,2759.83,1,10,2483.85,North,Net Banking,False,4
ORD103086,2025-06-26,Beauty,572.38,1,10,515.14,North,COD,False,5
ORD103087,2024-10-11,Beauty,1876.86,1,15,1595.33,East,Credit Card,False,3
ORD103088,2024-06-17,Beauty,2439.44,1,5,2317.47,South,Credit Card,False,3
ORD103089,2025-10-01,Home & Kitchen,4667.9,3,30,9802.59,South,UPI,False,4
ORD103090,2025-07-04,Home & Kitchen,11274.31,1,20,9019.45,North,UPI,False,3
ORD103091,2025-01-29,Fashion,3334.75,2,0,6669.5,West,UPI,False,5
ORD103092,2025-02-09,Sports,5470.15,1,0,5470.15,West,UPI,False,3
ORD103093,2024-08-19,Fashion,2896.33,3,5,8254.54,East,Debit Card,False,5
ORD103094,2025-11-01,Home & Kitchen,8162.52,1,10,7346.27,West,UPI,False,4
ORD103095,2024-09-26,Fashion,2079.06,2,0,4158.12,East,Credit Card,False,5
ORD103096,2025-04-06,Beauty,2447.4,1,10,2202.66,West,Credit Card,False,1
ORD103097,2024-06-29,Home & Kitchen,11558.15,1,10,10402.33,West,UPI,False,3
ORD103098,2025-12-18,Home & Kitchen,4231.06,1,0,4231.06,South,UPI,False,4
ORD103099,2024-07-14,Electronics,2725.18,1,5,2588.92,East,Credit Card,False,5
ORD103100,2024-05-19,Fashion,3196.99,1,15,2717.44,Central,UPI,False,5
ORD103101,2024-04-28,Home & Kitchen,4815.85,1,5,4575.06,South,Credit Card,False,5
ORD103102,2024-02-06,Fashion,3081.41,1,0,3081.41,South,Net Banking,False,5
ORD103103,2025-07-11,Fashion,462.1,1,20,369.68,South,UPI,False,3
ORD103104,2025-08-21,Fashion,2754.1,2,0,5508.2,West,UPI,False,4
ORD103105,2024-07-07,Home & Kitchen,2559.74,1,20,2047.79,South,Credit Card,False,4
ORD103106,2024-10-18,Home & Kitchen,10892.25,2,15,18516.82,South,UPI,False,5
ORD103107,2025-12-09,Sports,6095.77,1,10,5486.19,South,COD,True,5
ORD103108,2024-10-29,Fashion,3654.82,1,10,3289.34,North,COD,False,5
ORD103109,2024-10-07,Electronics,35788.73,1,0,35788.73,West,Credit Card,False,4
ORD103110,2025-11-13,Home & Kitchen,627.8,1,10,565.02,East,Debit Card,False,5
ORD103111,2025-07-05,Sports,4242.79,1,10,3818.51,West,UPI,False,5
ORD103112,2025-10-24,Home & Kitchen,6527.41,1,0,6527.41,East,COD,False,4
ORD103113,2025-09-15,Electronics,6436.22,2,10,11585.2,North,UPI,False,5
ORD103114,2025-10-09,Electronics,44666.77,1,0,44666.77,East,Debit Card,False,5
ORD103115,2025-02-13,Fashion,3673.53,1,20,2938.82,East,UPI,False,5
ORD103116,2024-07-20,Home & Kitchen,8117.26,1,0,8117.26,South,UPI,False,3
ORD103117,2024-02-17,Home & Kitchen,1046.52,1,5,994.19,South,COD,False,3
ORD103118,2024-01-20,Home & Kitchen,3140.94,1,10,2826.85,South,Debit Card,True,3
ORD103119,2025-08-09,Sports,7965.39,1,30,5575.77,South,Credit Card,False,5
ORD103120,2024-11-09,Home & Kitchen,1935.53,1,10,1741.98,South,UPI,False,5
ORD103121,2025-04-01,Electronics,2745.87,1,15,2333.99,North,UPI,False,5
ORD103122,2024-12-13,Sports,2262.45,1,20,1809.96,South,UPI,False,5
ORD103123,2025-02-20,Sports,3064.06,1,15,2604.45,East,Credit Card,False,3
ORD103124,2025-02-21,Fashion,4962.7,1,5,4714.56,North,UPI,False,4
ORD103125,2025-08-02,Sports,4185.29,1,15,3557.5,North,Net Banking,False,1
ORD103126,2025-06-25,Electronics,44377.21,1,20,35501.77,West,COD,False,3
ORD103127,2025-08-10,Electronics,19531.23,1,10,17578.11,North,UPI,False,4
ORD103128,2024-09-02,Home & Kitchen,7227.09,1,0,7227.09,West,UPI,False,4
ORD103129,2024-03-14,Electronics,37199.38,1,0,37199.38,West,UPI,False,2
ORD103130,2024-03-17,Fashion,1876.58,3,20,4503.79,North,Net Banking,False,4
ORD103131,2024-10-29,Sports,3624.49,1,10,3262.04,South,Credit Card,False,4
ORD103132,2024-10-10,Electronics,40202.4,1,15,34172.04,South,COD,False,5
ORD103133,2025-04-26,Beauty,2470.02,1,10,2223.02,South,Debit Card,False,4
ORD103134,2025-03-17,Electronics,3207.5,2,5,6094.25,North,COD,False,3
ORD103135,2024-12-07,Beauty,1069.28,1,10,962.35,Central,Credit Card,False,5
ORD103136,2024-03-12,Beauty,1974.81,1,15,1678.59,South,UPI,False,5
ORD103137,2024-11-09,Fashion,426.45,1,0,426.45,Central,UPI,True,5
ORD103138,2024-07-29,Home & Kitchen,8956.32,1,15,7612.87,Central,UPI,False,5
ORD103139,2025-12-04,Home & Kitchen,11378.83,1,10,10240.95,East,UPI,False,4
ORD103140,2024-07-14,Home & Kitchen,9666.42,1,5,9183.1,North,Credit Card,False,5
ORD103141,2024-11-14,Home & Kitchen,5024.86,1,5,4773.62,Central,Debit Card,False,4
ORD103142,2024-01-19,Beauty,731.97,1,10,658.77,South,UPI,True,5
ORD103143,2024-05-30,Beauty,242.42,1,5,230.3,North,Credit Card,False,4
ORD103144,2025-05-04,Fashion,1862.88,1,0,1862.88,West,UPI,False,4
ORD103145,2024-09-10,Sports,1876.26,2,10,3377.27,North,Debit Card,False,4
ORD103146,2025-08-24,Fashion,1451.41,1,5,1378.84,West,COD,False,5
ORD103147,2024-10-08,Fashion,610.01,1,0,610.01,South,Credit Card,False,5
ORD103148,2024-05-14,Electronics,11703.8,2,0,23407.6,Central,Debit Card,False,4
ORD103149,2024-11-19,Fashion,1005.1,1,5,954.84,South,Credit Card,False,5
ORD103150,2024-01-24,Fashion,3055.86,1,0,3055.86,North,Credit Card,False,5
ORD103151,2024-06-15,Sports,1274.58,1,5,1210.85,Central,UPI,False,4
ORD103152,2025-02-28,Sports,2826.0,1,5,2684.7,West,UPI,False,5
ORD103153,2025-03-17,Fashion,2450.72,2,15,4166.22,Central,Debit Card,False,4
ORD103154,2025-12-10,Fashion,1881.57,1,0,1881.57,North,UPI,False,2
ORD103155,2024-08-24,Fashion,4314.68,1,20,3451.74,North,Credit Card,False,5
ORD103156,2025-11-01,Electronics,2885.92,1,5,2741.62,North,Credit Card,False,4
ORD103157,2024-08-07,Sports,2635.24,1,5,2503.48,West,Debit Card,False,5
ORD103158,2024-12-20,Fashion,3478.52,1,0,3478.52,North,UPI,False,3
ORD103159,2025-06-08,Beauty,1562.28,1,10,1406.05,West,COD,False,4
ORD103160,2024-08-07,Fashion,2356.44,1,15,2002.97,West,UPI,False,4
ORD103161,2024-07-01,Fashion,699.19,1,0,699.19,South,Net Banking,False,4
ORD103162,2025-02-24,Electronics,3751.27,1,5,3563.71,South,UPI,False,5
ORD103163,2024-03-11,Fashion,598.08,1,10,538.27,West,Net Banking,False,5
ORD103164,2025-09-28,Electronics,7948.12,1,15,6755.9,North,Debit Card,False,5
ORD103165,2025-03-27,Home & Kitchen,4657.88,2,10,8384.18,Central,Net Banking,False,5
ORD103166,2024-06-29,Electronics,18307.79,1,5,17392.4,North,Net Banking,False,5
ORD103167,2024-11-14,Home & Kitchen,4723.68,1,15,4015.13,East,Credit Card,False,4
ORD103168,2024-01-17,Home & Kitchen,3965.89,2,20,6345.42,North,Debit Card,False,5
ORD103169,2025-12-23,Electronics,42547.0,1,0,42547.0,North,UPI,False,5
ORD103170,2024-09-08,Fashion,2473.39,1,15,2102.38,North,COD,False,2
ORD103171,2025-05-01,Electronics,37909.62,1,10,34118.66,South,Net Banking,False,5
ORD103172,2024-06-04,Electronics,29179.52,1,10,26261.57,South,UPI,False,3
ORD103173,2025-08-14,Beauty,2286.8,1,10,2058.12,West,Debit Card,False,3
ORD103174,2025-08-22,Electronics,26990.78,1,10,24291.7,West,UPI,False,5
ORD103175,2025-05-08,Home & Kitchen,8469.44,2,20,13551.1,North,Net Banking,False,4
ORD103176,2024-12-21,Home & Kitchen,4662.04,1,5,4428.94,Central,UPI,False,3
ORD103177,2025-08-27,Fashion,3887.59,1,5,3693.21,East,Debit Card,False,3
ORD103178,2025-04-17,Home & Kitchen,1124.97,1,15,956.22,Central,UPI,False,4
ORD103179,2024-02-16,Home & Kitchen,4652.4,1,0,4652.4,East,Credit Card,False,4
ORD103180,2025-03-17,Sports,7038.32,1,15,5982.57,North,UPI,False,3
ORD103181,2024-12-24,Beauty,2364.91,1,15,2010.17,South,Debit Card,False,5
ORD103182,2024-07-12,Sports,827.0,1,0,827.0,North,Debit Card,False,5
ORD103183,2025-02-19,Fashion,4291.82,1,0,4291.82,West,Credit Card,False,5
ORD103184,2025-10-31,Electronics,27086.32,1,10,24377.69,East,UPI,False,4
ORD103185,2024-12-02,Sports,3767.74,1,10,3390.97,West,Credit Card,False,5
ORD103186,2025-07-26,Fashion,725.87,1,5,689.58,South,Net Banking,False,5
ORD103187,2024-10-19,Beauty,1099.4,1,10,989.46,North,COD,False,4
ORD103188,2024-04-09,Home & Kitchen,7541.1,1,0,7541.1,West,Net Banking,False,5
ORD103189,2024-12-02,Home & Kitchen,6216.67,1,0,6216.67,West,UPI,False,4
ORD103190,2025-08-11,Fashion,4746.12,1,0,4746.12,North,COD,True,4
ORD103191,2025-10-17,Fashion,1992.09,1,5,1892.49,East,COD,False,5
ORD103192,2025-10-14,Beauty,558.2,1,20,446.56,South,UPI,False,4
ORD103193,2025-06-07,Beauty,758.68,1,10,682.81,South,Debit Card,False,5
ORD103194,2024-04-12,Electronics,11097.88,1,15,9433.2,North,COD,False,5
ORD103195,2024-05-01,Fashion,307.32,1,0,307.32,East,UPI,False,5
ORD103196,2025-01-07,Fashion,4603.43,1,0,4603.43,Central,Credit Card,False,5
ORD103197,2024-05-08,Sports,951.92,2,5,1808.65,South,UPI,False,3
ORD103198,2024-08-28,Fashion,1809.65,1,10,1628.69,West,UPI,False,5
ORD103199,2025-04-16,Fashion,3660.26,1,15,3111.22,East,Credit Card,False,4
ORD103200,2024-12-15,Home & Kitchen,5020.89,1,5,4769.85,North,Debit Card,False,4
ORD103201,2025-03-20,Sports,4553.73,1,10,4098.36,East,UPI,False,4
ORD103202,2025-07-18,Home & Kitchen,436.09,1,15,370.68,West,Debit Card,False,3
ORD103203,2025-12-10,Electronics,42519.4,1,5,40393.43,North,COD,False,5
ORD103204,2025-04-23,Electronics,9079.86,1,10,8171.87,West,Debit Card,False,4
ORD103205,2024-06-22,Fashion,4687.15,1,0,4687.15,West,UPI,False,4
ORD103206,2024-08-15,Electronics,2585.29,2,0,5170.58,North,UPI,False,5
ORD103207,2024-06-21,Home & Kitchen,7029.64,1,10,6326.68,West,UPI,False,4
ORD103208,2025-08-15,Fashion,3686.71,1,20,2949.37,South,UPI,False,5
ORD103209,2024-05-04,Beauty,2145.46,2,10,3861.83,Central,Debit Card,False,5
ORD103210,2025-06-14,Sports,2464.34,1,15,2094.69,North,UPI,False,5
ORD103211,2025-03-13,Home & Kitchen,10910.82,1,10,9819.74,North,Credit Card,False,4
ORD103212,2024-06-18,Fashion,2396.75,1,10,2157.08,Central,UPI,False,5
ORD103213,2024-08-29,Home & Kitchen,3305.87,2,30,4628.22,North,COD,False,2
ORD103214,2024-01-01,Sports,604.05,1,10,543.64,South,UPI,False,5
ORD103215,2024-10-19,Electronics,21039.17,1,0,21039.17,North,Credit Card,False,3
ORD103216,2025-08-14,Sports,7941.6,1,5,7544.52,South,Credit Card,False,5
ORD103217,2024-04-12,Sports,2995.73,1,10,2696.16,East,Credit Card,False,4
ORD103218,2024-05-01,Home & Kitchen,9448.73,1,5,8976.29,East,UPI,False,2
ORD103219,2025-04-26,Sports,6553.15,1,15,5570.18,South,Credit Card,False,3
ORD103220,2024-08-01,Fashion,1459.55,1,0,1459.55,South,UPI,False,4
ORD103221,2024-04-09,Fashion,4703.75,1,10,4233.38,North,Net Banking,False,4
ORD103222,2024-07-09,Home & Kitchen,7437.28,1,15,6321.69,Central,UPI,False,5
ORD103223,2025-05-06,Fashion,968.61,1,5,920.18,West,Net Banking,False,4
ORD103224,2024-05-16,Fashion,1794.37,3,0,5383.11,Central,Credit Card,False,4
ORD103225,2025-06-24,Beauty,2506.72,2,10,4512.1,South,Net Banking,False,2
ORD103226,2025-03-20,Fashion,425.15,2,10,765.27,South,Net Banking,False,4
ORD103227,2024-01-20,Fashion,1836.56,1,0,1836.56,North,COD,False,5
ORD103228,2025-06-29,Fashion,1324.92,1,0,1324.92,East,Credit Card,False,5
ORD103229,2025-10-22,Fashion,1524.15,1,20,1219.32,East,Net Banking,False,5
ORD103230,2024-07-28,Sports,1651.16,2,0,3302.32,East,Credit Card,False,3
ORD103231,2024-03-30,Fashion,2091.79,1,20,1673.43,North,Credit Card,False,5
ORD103232,2025-11-22,Beauty,1829.68,1,15,1555.23,East,UPI,False,4
ORD103233,2024-01-26,Sports,7075.57,1,5,6721.79,North,UPI,False,3
ORD103234,2025-10-02,Electronics,40523.76,1,0,40523.76,South,Net Banking,False,4
ORD103235,2025-04-12,Beauty,799.2,2,5,1518.48,North,COD,False,4
ORD103236,2025-08-23,Beauty,2098.12,2,20,3356.99,Central,UPI,False,4
ORD103237,2024-04-22,Fashion,1655.86,1,30,1159.1,West,COD,False,2
ORD103238,2025-06-01,Fashion,3476.12,1,0,3476.12,Central,Debit Card,False,5
ORD103239,2024-11-17,Home & Kitchen,9575.37,1,0,9575.37,South,Credit Card,False,5
ORD103240,2025-01-22,Electronics,24013.07,1,0,24013.07,West,COD,False,5
ORD103241,2024-08-21,Electronics,33865.23,1,20,27092.18,South,UPI,False,5
ORD103242,2025-03-30,Home & Kitchen,11609.26,2,0,23218.52,North,COD,False,4
ORD103243,2025-06-24,Home & Kitchen,8859.18,1,15,7530.3,South,Credit Card,True,5
ORD103244,2025-01-13,Electronics,34762.2,1,10,31285.98,East,UPI,False,5
ORD103245,2024-12-30,Electronics,9396.23,1,0,9396.23,South,Net Banking,False,5
ORD103246,2024-01-16,Sports,5810.02,1,0,5810.02,East,UPI,False,4
ORD103247,2025-05-06,Fashion,2615.67,1,20,2092.54,North,COD,False,5
ORD103248,2024-06-20,Electronics,4070.66,1,10,3663.59,North,UPI,False,1
ORD103249,2025-01-05,Home & Kitchen,7989.35,1,10,7190.42,Central,Debit Card,False,5
ORD103250,2025-09-14,Electronics,2971.81,1,5,2823.22,North,Credit Card,False,4
ORD103251,2025-04-22,Fashion,2104.02,2,5,3997.64,Central,UPI,True,3
ORD103252,2025-09-29,Electronics,5320.79,1,0,5320.79,North,Net Banking,False,4
ORD103253,2025-05-10,Home & Kitchen,2552.66,1,0,2552.66,East,Debit Card,False,5
ORD103254,2025-01-13,Electronics,43261.95,1,15,36772.66,South,Credit Card,True,2
ORD103255,2025-07-26,Home & Kitchen,10599.05,1,5,10069.1,South,UPI,False,3
ORD103256,2025-02-15,Sports,5486.27,1,0,5486.27,West,Credit Card,False,4
ORD103257,2025-08-29,Beauty,2999.54,1,5,2849.56,South,Net Banking,False,4
ORD103258,2024-12-07,Fashion,643.76,1,20,515.01,South,UPI,False,5
ORD103259,2024-03-02,Sports,3663.9,1,5,3480.7,North,UPI,False,5
ORD103260,2025-05-05,Home & Kitchen,7037.19,1,0,7037.19,South,Debit Card,False,4
ORD103261,2024-08-10,Home & Kitchen,6640.7,2,0,13281.4,South,UPI,False,5
ORD103262,2025-11-09,Electronics,36821.86,1,10,33139.67,North,Credit Card,False,4
ORD103263,2024-09-28,Fashion,2286.72,1,5,2172.38,East,Net Banking,False,1
ORD103264,2025-09-12,Beauty,384.19,1,0,384.19,East,Credit Card,False,5
ORD103265,2024-12-13,Home & Kitchen,4605.88,1,0,4605.88,North,UPI,False,5
ORD103266,2025-05-30,Home & Kitchen,2124.83,1,5,2018.59,East,Credit Card,False,5
ORD103267,2024-12-23,Beauty,2020.53,1,10,1818.48,East,UPI,False,5
ORD103268,2024-10-04,Sports,5033.31,1,5,4781.64,South,UPI,False,4
ORD103269,2024-02-06,Sports,5976.68,1,0,5976.68,South,Debit Card,False,4
ORD103270,2025-03-19,Fashion,4288.75,3,15,10936.31,North,COD,False,5
ORD103271,2024-03-05,Beauty,1611.32,1,5,1530.75,South,UPI,False,2
ORD103272,2025-10-10,Fashion,3465.3,1,20,2772.24,West,Debit Card,False,4
ORD103273,2024-04-30,Home & Kitchen,5417.71,1,5,5146.82,West,Credit Card,False,4
ORD103274,2025-02-28,Sports,3196.38,1,20,2557.1,West,Credit Card,False,5
ORD103275,2024-03-08,Fashion,372.14,1,5,353.53,West,Debit Card,False,5
ORD103276,2025-12-14,Electronics,31014.63,1,20,24811.7,North,UPI,False,3
ORD103277,2025-02-28,Electronics,18242.72,3,30,38309.71,South,COD,False,5
ORD103278,2024-05-18,Beauty,994.73,1,5,944.99,East,UPI,False,5
ORD103279,2024-12-21,Fashion,1735.62,1,10,1562.06,East,UPI,False,1
ORD103280,2024-01-26,Home & Kitchen,7074.16,1,0,7074.16,North,UPI,False,2
ORD103281,2024-12-06,Sports,6951.1,1,5,6603.54,Central,Credit Card,False,5
ORD103282,2025-12-22,Fashion,3704.35,1,5,3519.13,East,UPI,False,2
ORD103283,2025-09-04,Home & Kitchen,7077.24,1,20,5661.79,South,Debit Card,False,5
ORD103284,2025-01-31,Beauty,1293.35,1,30,905.34,South,UPI,False,5
ORD103285,2025-12-15,Fashion,4571.43,1,15,3885.72,North,Net Banking,False,5
ORD103286,2024-05-03,Fashion,2970.35,1,0,2970.35,South,UPI,False,5
ORD103287,2024-07-22,Fashion,3309.03,1,0,3309.03,East,COD,False,3
ORD103288,2025-01-14,Electronics,36120.45,1,15,30702.38,Central,UPI,False,4
ORD103289,2024-10-24,Fashion,1234.46,1,0,1234.46,North,Credit Card,False,5
ORD103290,2025-10-29,Electronics,34285.77,2,20,54857.23,East,Debit Card,False,4
ORD103291,2025-04-30,Home & Kitchen,10169.23,1,15,8643.85,North,UPI,False,4
ORD103292,2025-03-06,Sports,4921.05,1,5,4675.0,North,Credit Card,False,5
ORD103293,2025-09-27,Home & Kitchen,8822.5,1,0,8822.5,North,UPI,False,5
ORD103294,2025-03-02,Home & Kitchen,625.59,1,0,625.59,West,UPI,False,5
ORD103295,2024-12-01,Beauty,1399.28,1,0,1399.28,South,Debit Card,False,5
ORD103296,2024-01-22,Beauty,2104.57,1,20,1683.66,South,UPI,False,4
ORD103297,2025-08-03,Fashion,1793.66,2,10,3228.59,East,Debit Card,False,5
ORD103298,2024-03-18,Beauty,2384.96,1,10,2146.46,East,COD,False,5
ORD103299,2024-12-11,Beauty,2290.27,1,0,2290.27,West,Credit Card,False,5
ORD103300,2024-11-24,Home & Kitchen,5707.16,1,0,5707.16,South,UPI,False,5
ORD103301,2025-11-02,Beauty,2231.44,1,10,2008.3,North,COD,False,5
ORD103302,2025-08-18,Beauty,1614.59,3,15,4117.2,South,UPI,False,4
ORD103303,2025-04-13,Sports,6806.64,1,0,6806.64,South,UPI,False,4
ORD103304,2024-07-11,Electronics,12071.88,2,5,22936.57,South,UPI,False,5
ORD103305,2024-11-30,Fashion,1437.97,1,15,1222.27,East,Credit Card,False,4
ORD103306,2024-07-30,Fashion,3430.3,2,0,6860.6,North,UPI,False,5
ORD103307,2025-05-30,Home & Kitchen,5702.39,1,20,4561.91,North,UPI,False,5
ORD103308,2024-04-14,Fashion,1072.86,1,0,1072.86,North,UPI,True,4
ORD103309,2025-04-06,Electronics,32100.42,1,0,32100.42,North,UPI,False,5
ORD103310,2025-08-20,Electronics,28332.39,1,0,28332.39,North,Net Banking,False,3
ORD103311,2025-12-07,Fashion,2184.15,1,5,2074.94,Central,Debit Card,False,4
ORD103312,2025-07-20,Electronics,40079.52,1,20,32063.62,East,Credit Card,False,3
ORD103313,2025-01-03,Beauty,842.41,1,5,800.29,South,Debit Card,False,4
ORD103314,2024-08-25,Sports,1166.51,1,5,1108.18,North,UPI,False,3
ORD103315,2024-10-31,Home & Kitchen,7127.9,1,0,7127.9,East,UPI,False,4
ORD103316,2025-05-09,Beauty,2690.12,1,0,2690.12,East,Net Banking,False,3
ORD103317,2024-10-13,Electronics,23791.58,1,15,20222.84,North,Net Banking,False,4
ORD103318,2024-03-10,Home & Kitchen,971.77,1,0,971.77,North,UPI,False,4
ORD103319,2024-01-30,Electronics,15486.55,1,0,15486.55,South,Credit Card,False,5
ORD103320,2024-03-20,Fashion,2698.6,1,20,2158.88,East,UPI,False,4
ORD103321,2024-05-27,Sports,6667.72,1,15,5667.56,North,COD,False,4
ORD103322,2025-01-13,Electronics,31088.61,1,0,31088.61,South,Net Banking,False,4
ORD103323,2025-05-20,Home & Kitchen,11954.74,1,15,10161.53,South,COD,False,4
ORD103324,2025-05-15,Electronics,17842.74,1,5,16950.6,North,Debit Card,False,5
ORD103325,2025-04-01,Fashion,3062.93,1,0,3062.93,North,Debit Card,False,5
ORD103326,2025-05-16,Home & Kitchen,1958.02,1,15,1664.32,North,UPI,False,4
ORD103327,2025-09-02,Sports,3770.45,1,0,3770.45,South,UPI,False,2
ORD103328,2025-10-08,Fashion,3133.88,1,10,2820.49,Central,UPI,False,3
ORD103329,2024-11-24,Electronics,2934.81,1,5,2788.07,South,Debit Card,False,5
ORD103330,2025-03-22,Home & Kitchen,11013.36,1,10,9912.02,South,COD,False,2
ORD103331,2024-03-10,Home & Kitchen,8844.93,2,10,15920.87,North,Debit Card,False,5
ORD103332,2025-05-25,Electronics,7476.79,1,5,7102.95,North,Credit Card,False,5
ORD103333,2024-09-16,Beauty,2799.05,1,0,2799.05,South,UPI,False,5
ORD103334,2024-05-03,Beauty,1401.39,1,0,1401.39,East,Credit Card,False,5
ORD103335,2024-03-24,Sports,6964.51,1,20,5571.61,Central,Debit Card,False,5
ORD103336,2024-12-06,Home & Kitchen,4001.04,1,5,3800.99,East,Credit Card,False,4
ORD103337,2024-02-06,Sports,1252.48,1,10,1127.23,North,Credit Card,False,3
ORD103338,2025-05-24,Fashion,773.88,1,15,657.8,Central,Credit Card,False,5
ORD103339,2025-02-20,Fashion,2868.3,1,0,2868.3,North,UPI,False,4
ORD103340,2024-08-27,Sports,2544.6,2,15,4325.82,North,UPI,False,4
ORD103341,2025-01-19,Fashion,525.9,2,15,894.03,West,Debit Card,False,5
ORD103342,2025-10-01,Home & Kitchen,10374.95,1,5,9856.2,North,UPI,False,1
ORD103343,2024-06-23,Home & Kitchen,11452.24,1,30,8016.57,West,Net Banking,False,4
ORD103344,2024-06-23,Sports,7560.05,1,5,7182.05,South,UPI,False,5
ORD103345,2025-07-14,Fashion,750.47,1,5,712.95,North,UPI,False,5
ORD103346,2025-09-11,Beauty,1286.37,1,5,1222.05,West,COD,False,4
ORD103347,2025-07-21,Home & Kitchen,8710.55,1,20,6968.44,South,COD,False,5
ORD103348,2024-11-04,Electronics,30116.58,2,15,51198.19,South,UPI,False,4
ORD103349,2024-12-05,Electronics,5792.24,1,10,5213.02,North,UPI,False,1
ORD103350,2024-09-29,Home & Kitchen,7718.07,1,30,5402.65,West,UPI,False,4
ORD103351,2025-07-18,Fashion,680.56,1,0,680.56,North,UPI,False,4
ORD103352,2025-12-16,Sports,7697.58,2,15,13085.89,North,Credit Card,False,5
ORD103353,2025-06-14,Fashion,594.49,1,10,535.04,East,Credit Card,False,5
ORD103354,2024-10-10,Electronics,20910.52,1,0,20910.52,North,UPI,False,4
ORD103355,2024-07-22,Fashion,2107.28,1,30,1475.1,South,Net Banking,False,2
ORD103356,2024-08-02,Electronics,27868.33,1,10,25081.5,North,Credit Card,False,3
ORD103357,2025-12-14,Beauty,909.6,1,10,818.64,Central,Credit Card,False,5
ORD103358,2024-11-29,Electronics,13772.42,2,5,26167.6,Central,UPI,False,4
ORD103359,2025-11-02,Home & Kitchen,5615.59,2,0,11231.18,East,UPI,False,5
ORD103360,2025-07-18,Electronics,44700.8,1,10,40230.72,North,UPI,False,5
ORD103361,2024-04-30,Sports,1669.73,1,30,1168.81,South,Debit Card,False,5
ORD103362,2024-10-04,Electronics,28862.09,3,5,82256.96,West,Credit Card,False,4
ORD103363,2024-10-08,Fashion,1970.58,1,10,1773.52,North,Credit Card,False,3
ORD103364,2024-09-12,Sports,4121.19,1,0,4121.19,West,UPI,True,3
ORD103365,2024-02-26,Fashion,801.11,1,15,680.94,East,Credit Card,False,4
ORD103366,2025-07-10,Fashion,2348.28,2,0,4696.56,West,Credit Card,False,3
ORD103367,2025-12-17,Electronics,40239.91,3,20,96575.78,West,COD,False,5
ORD103368,2025-02-22,Sports,7597.95,2,10,13676.31,North,Credit Card,False,4
ORD103369,2024-04-12,Beauty,2483.87,1,0,2483.87,North,UPI,False,5
ORD103370,2025-05-26,Fashion,1275.77,1,15,1084.4,South,UPI,False,5
ORD103371,2025-05-11,Home & Kitchen,8364.96,2,0,16729.92,East,Net Banking,False,5
ORD103372,2025-12-15,Beauty,2147.26,1,20,1717.81,Central,Net Banking,False,4
ORD103373,2024-06-19,Sports,2974.5,1,10,2677.05,West,UPI,False,4
ORD103374,2024-01-27,Sports,5532.37,1,5,5255.75,West,Credit Card,False,5
ORD103375,2025-12-12,Electronics,4308.3,1,15,3662.06,East,UPI,False,4
ORD103376,2024-10-09,Beauty,2290.38,1,10,2061.34,East,Credit Card,False,3
ORD103377,2024-09-29,Home & Kitchen,8917.37,1,0,8917.37,East,Debit Card,False,5
ORD103378,2024-11-13,Beauty,1496.74,1,15,1272.23,South,UPI,False,5
ORD103379,2024-07-30,Sports,1487.54,1,15,1264.41,South,UPI,False,5
ORD103380,2025-07-19,Beauty,207.56,2,5,394.36,North,Debit Card,True,5
ORD103381,2025-01-19,Beauty,338.23,1,0,338.23,East,Debit Card,False,4
ORD103382,2025-08-05,Home & Kitchen,7823.89,1,10,7041.5,South,UPI,False,4
ORD103383,2024-10-06,Home & Kitchen,2345.95,1,0,2345.95,North,Credit Card,False,2
ORD103384,2024-02-08,Sports,5886.63,2,20,9418.61,South,Net Banking,False,4
ORD103385,2024-06-28,Sports,1191.64,2,0,2383.28,West,Credit Card,False,5
ORD103386,2024-01-17,Electronics,21783.87,1,5,20694.68,South,UPI,False,5
ORD103387,2024-11-01,Fashion,2333.1,3,15,5949.4,North,Credit Card,False,4
ORD103388,2024-05-24,Sports,3965.6,2,0,7931.2,West,Debit Card,False,5
ORD103389,2025-11-25,Beauty,2908.4,2,5,5525.96,West,Credit Card,False,5
ORD103390,2024-02-05,Electronics,25278.39,3,5,72043.41,East,Net Banking,False,2
ORD103391,2025-02-26,Home & Kitchen,10999.12,1,5,10449.16,West,COD,False,5
ORD103392,2024-08-03,Beauty,2149.23,1,0,2149.23,West,COD,False,5
ORD103393,2024-07-12,Fashion,395.94,1,0,395.94,West,UPI,False,4
ORD103394,2025-12-12,Home & Kitchen,4198.24,2,10,7556.83,Central,UPI,False,4
ORD103395,2024-12-25,Beauty,2422.26,1,10,2180.03,East,Debit Card,False,4
ORD103396,2025-03-16,Fashion,750.53,1,0,750.53,East,UPI,False,5
ORD103397,2025-04-05,Fashion,1083.9,1,0,1083.9,Central,UPI,False,5
ORD103398,2024-05-13,Home & Kitchen,10982.7,1,0,10982.7,North,UPI,False,1
ORD103399,2025-12-15,Fashion,1458.01,1,5,1385.11,South,Net Banking,True,5
ORD103400,2025-04-06,Fashion,1774.39,3,15,4524.69,West,Net Banking,False,5
ORD103401,2024-06-08,Fashion,4479.37,1,0,4479.37,Central,UPI,True,5
ORD103402,2024-07-28,Beauty,2866.43,1,30,2006.5,South,Debit Card,False,5
ORD103403,2025-01-24,Home & Kitchen,10379.17,1,0,10379.17,West,COD,False,5
ORD103404,2024-07-05,Home & Kitchen,7338.0,1,15,6237.3,West,UPI,False,3
ORD103405,2024-02-13,Electronics,25367.32,1,10,22830.59,Central,Net Banking,False,4
ORD103406,2024-08-18,Sports,7237.21,1,0,7237.21,West,Credit Card,False,5
ORD103407,2025-09-28,Sports,1115.71,1,5,1059.92,East,UPI,False,4
ORD103408,2024-05-23,Home & Kitchen,3237.89,1,5,3076.0,North,COD,True,5
ORD103409,2024-01-03,Electronics,34612.82,2,15,58841.79,West,Debit Card,True,5
ORD103410,2025-09-21,Beauty,1647.77,3,10,4448.98,North,Debit Card,False,4
ORD103411,2025-11-15,Fashion,3874.38,1,0,3874.38,South,Debit Card,False,5
ORD103412,2025-06-26,Beauty,2556.92,2,0,5113.84,West,COD,False,5
ORD103413,2025-03-24,Fashion,3843.19,1,5,3651.03,South,UPI,False,3
ORD103414,2024-02-06,Fashion,4382.78,1,10,3944.5,North,COD,False,5
ORD103415,2024-08-11,Beauty,1721.39,1,0,1721.39,North,Debit Card,False,5
ORD103416,2024-08-27,Home & Kitchen,4884.89,1,10,4396.4,East,COD,False,5
ORD103417,2024-03-25,Electronics,38328.82,1,0,38328.82,East,UPI,False,3
ORD103418,2024-03-31,Beauty,1309.48,1,0,1309.48,East,UPI,False,4
ORD103419,2025-04-28,Home & Kitchen,400.78,2,10,721.4,North,Credit Card,False,4
ORD103420,2024-12-17,Electronics,12715.44,1,5,12079.67,East,UPI,False,5
ORD103421,2024-10-11,Electronics,9925.62,1,5,9429.34,South,UPI,False,4
ORD103422,2025-09-14,Fashion,993.99,1,10,894.59,South,UPI,False,5
ORD103423,2025-01-31,Sports,5034.25,1,30,3523.98,West,UPI,False,4
ORD103424,2024-06-26,Electronics,35372.45,1,20,28297.96,West,UPI,False,5
ORD103425,2024-04-09,Sports,6373.2,1,0,6373.2,West,COD,False,5
ORD103426,2025-05-29,Beauty,2134.0,1,15,1813.9,South,UPI,False,5
ORD103427,2025-11-27,Beauty,1650.03,1,10,1485.03,West,Credit Card,False,5
ORD103428,2024-04-29,Fashion,2633.95,1,5,2502.25,North,COD,False,4
ORD103429,2025-01-08,Beauty,942.25,1,15,800.91,West,UPI,False,4
ORD103430,2024-01-08,Electronics,23268.69,1,5,22105.26,West,Debit Card,False,5
ORD103431,2024-02-16,Home & Kitchen,7973.09,1,15,6777.13,East,UPI,False,5
ORD103432,2025-11-06,Fashion,1971.16,1,10,1774.04,North,COD,False,5
ORD103433,2024-02-13,Electronics,7738.73,2,10,13929.71,West,COD,False,3
ORD103434,2024-07-28,Fashion,877.45,1,5,833.58,Central,UPI,False,5
ORD103435,2025-02-01,Sports,7470.83,1,20,5976.66,North,Debit Card,False,2
ORD103436,2024-04-16,Beauty,1975.31,1,0,1975.31,East,UPI,False,3
ORD103437,2025-12-30,Beauty,402.38,1,10,362.14,North,UPI,False,5
ORD103438,2025-08-09,Home & Kitchen,6586.49,3,20,15807.58,West,COD,False,5
ORD103439,2024-02-19,Beauty,2721.93,1,0,2721.93,East,UPI,False,5
ORD103440,2024-12-30,Beauty,1004.49,1,30,703.14,East,UPI,False,3
ORD103441,2024-03-24,Electronics,24448.57,1,0,24448.57,South,UPI,False,5
ORD103442,2025-10-01,Sports,2411.06,1,5,2290.51,Central,Credit Card,False,5
ORD103443,2025-02-28,Sports,1262.44,2,5,2398.64,North,Net Banking,False,5
ORD103444,2024-04-02,Electronics,32875.35,1,5,31231.58,North,Net Banking,False,5
ORD103445,2025-06-06,Fashion,3522.88,1,5,3346.74,South,UPI,False,5
ORD103446,2025-11-10,Electronics,37988.08,1,0,37988.08,South,Net Banking,False,5
ORD103447,2025-02-13,Home & Kitchen,11171.44,3,10,30162.89,West,UPI,False,5
ORD103448,2025-09-12,Beauty,377.58,1,10,339.82,North,COD,False,5
ORD103449,2025-10-12,Fashion,3351.33,1,20,2681.06,North,Net Banking,True,5
ORD103450,2024-07-24,Home & Kitchen,8481.99,1,10,7633.79,East,UPI,False,5
ORD103451,2024-01-22,Electronics,33591.08,1,10,30231.97,North,Net Banking,False,5
ORD103452,2024-04-04,Beauty,1480.6,1,0,1480.6,Central,Credit Card,False,5
ORD103453,2024-03-19,Beauty,1826.68,1,15,1552.68,East,UPI,False,4
ORD103454,2024-04-23,Beauty,968.32,3,5,2759.71,North,UPI,False,4
ORD103455,2025-06-05,Beauty,2219.6,1,0,2219.6,South,Debit Card,False,5
ORD103456,2025-10-20,Sports,5054.09,1,0,5054.09,East,UPI,False,5
ORD103457,2024-02-07,Fashion,740.94,1,20,592.75,South,UPI,False,5
ORD103458,2025-04-13,Electronics,21034.0,1,5,19982.3,North,Debit Card,False,2
ORD103459,2025-09-24,Fashion,2226.18,1,10,2003.56,South,UPI,False,4
ORD103460,2024-08-30,Electronics,8155.28,2,5,15495.03,Central,Credit Card,False,5
ORD103461,2024-05-30,Electronics,42370.01,1,15,36014.51,West,UPI,False,5
ORD103462,2024-05-10,Beauty,1483.56,1,0,1483.56,East,Debit Card,False,3
ORD103463,2025-05-16,Electronics,12236.59,1,15,10401.1,South,COD,False,2
ORD103464,2025-05-04,Fashion,3410.48,1,10,3069.43,East,Debit Card,False,5
ORD103465,2024-08-12,Home & Kitchen,5613.18,1,10,5051.86,South,Credit Card,False,5
ORD103466,2024-09-04,Sports,2918.03,2,15,4960.65,West,UPI,False,5
ORD103467,2024-02-17,Beauty,926.13,1,15,787.21,East,UPI,False,4
ORD103468,2025-01-13,Electronics,40830.28,1,0,40830.28,North,UPI,False,3
ORD103469,2024-03-10,Sports,5115.71,1,15,4348.35,North,UPI,False,4
ORD103470,2024-10-02,Fashion,4168.93,1,15,3543.59,East,Debit Card,False,2
ORD103471,2025-08-02,Electronics,7914.12,1,5,7518.41,South,Debit Card,True,5
ORD103472,2025-02-07,Sports,3629.8,1,10,3266.82,North,Net Banking,False,4
ORD103473,2025-06-10,Fashion,4636.44,1,20,3709.15,North,COD,False,5
ORD103474,2024-08-26,Beauty,2053.23,2,15,3490.49,Central,Debit Card,False,5
ORD103475,2024-03-02,Sports,2721.78,1,10,2449.6,West,Net Banking,False,5
ORD103476,2025-05-22,Fashion,1942.14,1,10,1747.93,North,UPI,False,5
ORD103477,2024-03-11,Fashion,790.7,1,5,751.16,North,UPI,False,5
ORD103478,2025-01-10,Sports,3581.03,3,5,10205.94,Central,COD,False,5
ORD103479,2024-10-12,Sports,3874.46,1,10,3487.01,West,Credit Card,False,3
ORD103480,2024-09-28,Sports,4198.88,1,15,3569.05,South,Debit Card,False,5
ORD103481,2025-11-07,Sports,2468.72,1,20,1974.98,South,Credit Card,False,2
ORD103482,2024-01-26,Electronics,2443.47,1,20,1954.78,South,UPI,False,4
ORD103483,2025-04-22,Sports,2378.18,1,0,2378.18,North,Credit Card,False,1
ORD103484,2024-04-19,Fashion,2543.63,1,30,1780.54,South,UPI,False,4
ORD103485,2025-12-13,Beauty,2726.33,1,20,2181.06,West,Debit Card,True,5
ORD103486,2025-10-06,Fashion,493.27,1,15,419.28,South,UPI,False,4
ORD103487,2025-01-05,Electronics,19880.66,1,5,18886.63,East,Debit Card,False,5
ORD103488,2024-04-13,Fashion,1871.74,1,20,1497.39,South,UPI,False,5
ORD103489,2025-12-19,Beauty,1238.21,1,0,1238.21,Central,UPI,False,5
ORD103490,2025-10-30,Home & Kitchen,647.69,1,0,647.69,South,Debit Card,False,5
ORD103491,2024-09-29,Home & Kitchen,5911.4,1,15,5024.69,North,UPI,False,4
ORD103492,2025-02-10,Home & Kitchen,6604.34,1,5,6274.12,South,UPI,False,2
ORD103493,2025-07-01,Electronics,28630.59,1,15,24336.0,North,Debit Card,False,5
ORD103494,2025-04-21,Home & Kitchen,4029.58,1,15,3425.14,East,Credit Card,False,5
ORD103495,2024-03-19,Beauty,2376.64,1,0,2376.64,North,UPI,False,3
ORD103496,2025-10-12,Electronics,22560.52,1,0,22560.52,West,UPI,False,5
ORD103497,2025-04-22,Fashion,2794.48,1,0,2794.48,North,COD,False,5
ORD103498,2025-02-27,Beauty,1212.96,1,10,1091.66,North,Debit Card,False,5
ORD103499,2024-05-08,Electronics,11774.45,1,5,11185.73,Central,Credit Card,False,5
ORD103500,2025-03-20,Beauty,1915.87,1,0,1915.87,South,UPI,False,5
ORD103501,2024-10-07,Sports,4267.38,1,20,3413.9,West,UPI,False,5
ORD103502,2025-08-04,Beauty,1014.16,1,0,1014.16,West,Debit Card,False,5
ORD103503,2025-12-23,Electronics,32579.0,1,5,30950.05,North,UPI,False,4
ORD103504,2024-02-27,Fashion,1605.42,1,0,1605.42,North,Credit Card,False,4
ORD103505,2024-05-01,Beauty,2408.91,1,20,1927.13,North,COD,False,5
ORD103506,2024-10-30,Beauty,554.29,1,15,471.15,North,Credit Card,False,4
ORD103507,2025-01-23,Electronics,9679.62,1,10,8711.66,West,UPI,False,5
ORD103508,2024-06-15,Home & Kitchen,5600.44,1,15,4760.37,East,UPI,False,1
ORD103509,2024-04-02,Electronics,34836.95,2,30,48771.73,East,COD,False,5
ORD103510,2024-09-18,Home & Kitchen,663.48,3,10,1791.4,South,COD,False,5
ORD103511,2024-10-21,Home & Kitchen,8268.74,1,0,8268.74,North,Credit Card,False,5
ORD103512,2025-10-12,Fashion,4372.75,1,10,3935.48,South,Debit Card,False,4
ORD103513,2025-04-23,Home & Kitchen,3501.32,1,10,3151.19,Central,UPI,False,4
ORD103514,2024-10-03,Fashion,1859.76,2,10,3347.57,West,Debit Card,False,5
ORD103515,2025-10-21,Electronics,41883.6,1,5,39789.42,West,COD,False,5
ORD103516,2024-01-10,Beauty,2062.88,1,15,1753.45,West,COD,False,3
ORD103517,2024-09-21,Beauty,1235.32,1,5,1173.55,Central,Debit Card,False,3
ORD103518,2024-01-28,Electronics,15279.18,1,5,14515.22,South,Net Banking,True,4
ORD103519,2025-09-02,Beauty,1306.07,1,10,1175.46,East,Credit Card,False,4
ORD103520,2025-01-24,Fashion,1081.28,1,15,919.09,West,Net Banking,False,5
ORD103521,2025-08-26,Electronics,42679.28,1,15,36277.39,Central,COD,False,5
ORD103522,2025-12-26,Home & Kitchen,480.86,1,0,480.86,Central,UPI,False,4
ORD103523,2024-07-15,Fashion,1133.36,1,20,906.69,South,UPI,False,4
ORD103524,2025-07-11,Fashion,2786.17,1,10,2507.55,East,Credit Card,False,4
ORD103525,2025-05-05,Home & Kitchen,3879.47,1,0,3879.47,West,UPI,False,5
ORD103526,2025-06-11,Home & Kitchen,2573.8,1,0,2573.8,West,Net Banking,False,2
ORD103527,2025-01-17,Sports,2380.47,1,0,2380.47,North,Debit Card,False,4
ORD103528,2025-01-27,Beauty,1523.86,2,5,2895.33,South,Debit Card,False,3
ORD103529,2025-01-03,Home & Kitchen,1777.9,1,5,1689.0,North,COD,True,2
ORD103530,2025-02-19,Beauty,833.29,2,5,1583.25,Central,UPI,False,4
ORD103531,2024-02-26,Electronics,21069.66,1,0,21069.66,East,UPI,False,5
ORD103532,2025-09-19,Fashion,661.57,1,0,661.57,Central,Debit Card,False,5
ORD103533,2024-06-26,Electronics,2707.52,1,10,2436.77,North,Credit Card,False,4
ORD103534,2024-02-16,Fashion,1354.2,1,10,1218.78,South,COD,False,5
ORD103535,2024-09-02,Home & Kitchen,1998.44,1,0,1998.44,East,Debit Card,False,4
ORD103536,2025-07-13,Home & Kitchen,7572.03,1,0,7572.03,West,Net Banking,False,2
ORD103537,2024-04-07,Fashion,1150.03,1,5,1092.53,South,Debit Card,False,4
ORD103538,2025-05-15,Electronics,27437.62,1,15,23321.98,Central,Debit Card,False,3
ORD103539,2025-01-16,Beauty,763.69,1,10,687.32,Central,COD,False,2
ORD103540,2025-09-22,Fashion,585.67,1,0,585.67,North,Credit Card,False,5
ORD103541,2025-09-04,Home & Kitchen,6690.18,1,15,5686.65,South,Credit Card,False,5
ORD103542,2025-10-22,Home & Kitchen,1562.35,2,0,3124.7,South,UPI,False,3
ORD103543,2024-12-07,Beauty,850.38,1,20,680.3,Central,Debit Card,True,5
ORD103544,2024-08-08,Sports,7857.01,2,5,14928.32,Central,Debit Card,False,5
ORD103545,2025-02-28,Sports,6660.2,1,5,6327.19,South,UPI,False,5
ORD103546,2024-03-19,Home & Kitchen,3722.3,1,0,3722.3,North,UPI,False,5
ORD103547,2024-11-08,Sports,3438.26,1,20,2750.61,North,UPI,False,5
ORD103548,2024-11-26,Beauty,1028.61,2,10,1851.5,West,COD,False,5
ORD103549,2024-03-03,Home & Kitchen,5858.75,1,0,5858.75,West,COD,False,5
ORD103550,2025-08-03,Home & Kitchen,5223.69,2,30,7313.17,South,Credit Card,False,5
ORD103551,2025-01-12,Home & Kitchen,7426.55,1,20,5941.24,South,Debit Card,False,5
ORD103552,2025-10-28,Home & Kitchen,8295.38,1,0,8295.38,North,Credit Card,False,1
ORD103553,2024-12-18,Fashion,2462.87,1,10,2216.58,West,UPI,False,5
ORD103554,2025-06-04,Electronics,11763.68,1,10,10587.31,South,Net Banking,False,4
ORD103555,2024-06-06,Fashion,2285.42,1,15,1942.61,South,COD,False,5
ORD103556,2025-04-09,Home & Kitchen,6833.38,1,20,5466.7,Central,Debit Card,False,4
ORD103557,2024-09-15,Fashion,881.06,1,5,837.01,North,Credit Card,False,5
ORD103558,2024-04-05,Fashion,1694.85,2,15,2881.24,North,UPI,False,4
ORD103559,2025-12-06,Electronics,5965.72,1,5,5667.43,West,UPI,False,4
ORD103560,2024-04-03,Fashion,4348.34,1,10,3913.51,North,UPI,False,2
ORD103561,2024-02-13,Sports,7252.27,1,10,6527.04,North,COD,False,5
ORD103562,2024-05-03,Beauty,945.45,1,30,661.82,West,Credit Card,True,4
ORD103563,2024-09-21,Beauty,484.29,1,5,460.08,North,UPI,False,5
ORD103564,2024-08-14,Home & Kitchen,5655.7,1,10,5090.13,Central,Credit Card,False,5
ORD103565,2025-02-20,Fashion,4136.17,1,5,3929.36,South,Credit Card,False,5
ORD103566,2024-05-21,Home & Kitchen,4261.78,1,0,4261.78,South,UPI,False,4
ORD103567,2025-12-02,Beauty,891.59,1,5,847.01,West,UPI,False,1
ORD103568,2025-08-29,Beauty,819.53,1,15,696.6,Central,UPI,False,3
ORD103569,2024-04-09,Fashion,4277.1,2,30,5987.94,Central,Credit Card,False,3
ORD103570,2024-04-29,Fashion,1747.48,1,0,1747.48,East,COD,False,5
ORD103571,2024-05-01,Home & Kitchen,567.84,1,5,539.45,North,UPI,False,4
ORD103572,2024-03-30,Fashion,2201.12,1,0,2201.12,North,UPI,False,4
ORD103573,2025-05-27,Home & Kitchen,8893.15,1,0,8893.15,North,UPI,False,5
ORD103574,2025-07-04,Fashion,2523.13,1,0,2523.13,East,Credit Card,False,1
ORD103575,2025-11-22,Beauty,2255.33,1,5,2142.56,North,Credit Card,False,5
ORD103576,2024-03-01,Fashion,3591.83,1,10,3232.65,South,Credit Card,False,5
ORD103577,2025-06-14,Fashion,1308.44,1,10,1177.6,North,UPI,False,4
ORD103578,2025-09-06,Sports,5624.89,1,30,3937.42,South,Debit Card,False,4
ORD103579,2025-01-27,Home & Kitchen,5875.73,1,15,4994.37,Central,Credit Card,False,5
ORD103580,2024-07-04,Home & Kitchen,7552.72,2,0,15105.44,South,Debit Card,False,5
ORD103581,2024-11-11,Fashion,2238.46,1,20,1790.77,North,UPI,False,4
ORD103582,2024-08-07,Home & Kitchen,3368.49,1,10,3031.64,South,Debit Card,False,4
ORD103583,2024-02-05,Beauty,523.89,1,20,419.11,West,Credit Card,False,5
ORD103584,2025-07-07,Sports,6878.74,2,5,13069.61,North,UPI,False,4
ORD103585,2024-09-08,Electronics,5462.73,1,0,5462.73,West,UPI,False,5
ORD103586,2025-03-23,Beauty,625.99,1,10,563.39,South,Debit Card,False,4
ORD103587,2025-07-25,Beauty,2054.28,1,0,2054.28,North,Credit Card,False,3
ORD103588,2024-12-19,Sports,5149.8,1,5,4892.31,South,Debit Card,False,4
ORD103589,2024-03-23,Sports,5385.94,2,5,10233.29,East,Credit Card,False,4
ORD103590,2025-03-20,Sports,987.3,1,20,789.84,North,Net Banking,False,5
ORD103591,2025-07-23,Beauty,1953.66,1,5,1855.98,West,UPI,False,5
ORD103592,2024-07-22,Sports,5006.53,1,10,4505.88,North,COD,False,5
ORD103593,2025-07-21,Electronics,16151.9,1,10,14536.71,South,Debit Card,False,4
ORD103594,2025-12-23,Sports,5273.49,2,0,10546.98,South,Net Banking,False,4
ORD103595,2025-07-10,Home & Kitchen,1906.86,2,10,3432.35,Central,COD,False,4
ORD103596,2024-07-04,Electronics,18848.48,2,15,32042.42,North,UPI,False,4
ORD103597,2025-10-02,Electronics,42725.85,1,20,34180.68,South,UPI,False,5
ORD103598,2025-05-07,Electronics,2857.31,1,5,2714.44,South,Net Banking,False,3
ORD103599,2024-04-29,Fashion,1642.67,1,0,1642.67,North,Net Banking,False,4
ORD103600,2024-06-30,Electronics,44069.81,1,0,44069.81,Central,UPI,False,1
ORD103601,2024-06-11,Beauty,1673.82,1,0,1673.82,West,UPI,False,4
ORD103602,2024-02-15,Sports,1965.57,2,0,3931.14,East,Credit Card,True,3
ORD103603,2024-02-06,Home & Kitchen,1138.59,2,10,2049.46,North,UPI,False,4
ORD103604,2025-09-21,Beauty,403.98,1,15,343.38,East,Debit Card,False,5
ORD103605,2025-10-22,Fashion,2132.66,1,20,1706.13,East,Credit Card,True,4
ORD103606,2025-01-19,Home & Kitchen,1441.07,1,5,1369.02,Central,UPI,False,5
ORD103607,2025-07-10,Beauty,2269.87,2,5,4312.75,North,Net Banking,False,4
ORD103608,2025-07-02,Home & Kitchen,5078.13,2,15,8632.82,South,UPI,True,5
ORD103609,2025-06-25,Home & Kitchen,5303.67,1,15,4508.12,South,UPI,False,5
ORD103610,2024-05-13,Fashion,386.52,1,0,386.52,Central,UPI,False,5
ORD103611,2024-07-10,Fashion,388.39,1,15,330.13,South,COD,False,5
ORD103612,2025-02-21,Electronics,39125.08,2,15,66512.64,Central,COD,False,4
ORD103613,2025-11-02,Electronics,43302.45,1,5,41137.33,East,Net Banking,False,3
ORD103614,2024-09-22,Fashion,4667.05,1,20,3733.64,East,Debit Card,False,4
ORD103615,2024-03-12,Sports,2972.77,1,0,2972.77,West,Net Banking,False,3
ORD103616,2025-09-20,Fashion,4582.53,1,10,4124.28,South,COD,False,4
ORD103617,2024-02-25,Home & Kitchen,7717.38,1,10,6945.64,North,UPI,False,4
ORD103618,2024-03-29,Home & Kitchen,7937.94,2,0,15875.88,West,UPI,False,5
ORD103619,2024-10-10,Home & Kitchen,3069.54,1,10,2762.59,Central,Credit Card,False,5
ORD103620,2024-12-07,Sports,3159.79,1,5,3001.8,North,UPI,False,5
ORD103621,2025-09-07,Home & Kitchen,10413.88,1,0,10413.88,East,Credit Card,False,4
ORD103622,2024-02-12,Beauty,572.97,1,10,515.67,Central,UPI,False,5
ORD103623,2025-05-17,Home & Kitchen,8725.75,2,5,16578.92,South,Net Banking,False,5
ORD103624,2024-07-08,Sports,6355.45,1,15,5402.13,East,Credit Card,False,4
ORD103625,2025-08-20,Electronics,14518.23,2,30,20325.52,East,Credit Card,False,2
ORD103626,2025-01-15,Home & Kitchen,6062.68,1,5,5759.55,North,Debit Card,False,5
ORD103627,2024-10-20,Home & Kitchen,6126.56,1,10,5513.9,North,UPI,False,5
ORD103628,2024-12-14,Home & Kitchen,9188.5,1,5,8729.07,West,UPI,False,3
ORD103629,2025-07-27,Sports,3558.52,1,0,3558.52,West,COD,False,4
ORD103630,2025-05-02,Fashion,710.87,1,15,604.24,North,COD,False,5
ORD103631,2024-06-09,Home & Kitchen,2741.43,1,10,2467.29,South,COD,False,2
ORD103632,2024-12-22,Electronics,5052.55,1,0,5052.55,Central,COD,False,5
ORD103633,2024-11-09,Home & Kitchen,5592.65,3,5,15939.05,West,UPI,False,4
ORD103634,2024-05-28,Sports,3541.45,2,0,7082.9,North,UPI,False,5
ORD103635,2024-02-16,Sports,4871.1,1,5,4627.54,South,Credit Card,False,5
ORD103636,2024-05-01,Fashion,3749.85,1,15,3187.37,North,UPI,True,5
ORD103637,2025-03-20,Home & Kitchen,10439.99,2,0,20879.98,North,COD,False,4
ORD103638,2025-07-03,Beauty,150.29,2,10,270.52,East,Credit Card,False,5
ORD103639,2025-03-31,Beauty,1207.2,1,0,1207.2,East,UPI,False,1
ORD103640,2025-03-05,Home & Kitchen,1593.61,1,0,1593.61,Central,UPI,False,3
ORD103641,2025-09-10,Home & Kitchen,11290.54,2,5,21452.03,North,Credit Card,False,5
ORD103642,2025-02-07,Fashion,2098.53,1,20,1678.82,South,Credit Card,False,4
ORD103643,2024-09-10,Fashion,1952.94,2,10,3515.29,North,UPI,False,5
ORD103644,2024-02-21,Beauty,2772.7,1,0,2772.7,North,UPI,False,3
ORD103645,2024-07-23,Home & Kitchen,2880.39,1,10,2592.35,North,COD,False,5
ORD103646,2025-05-30,Sports,620.0,1,5,589.0,North,UPI,False,5
ORD103647,2025-01-03,Electronics,20989.87,1,0,20989.87,East,UPI,False,4
ORD103648,2024-04-15,Beauty,2053.23,1,5,1950.57,North,UPI,False,2
ORD103649,2025-11-22,Beauty,1197.06,1,5,1137.21,North,UPI,False,5
ORD103650,2025-09-13,Fashion,2972.7,3,0,8918.1,South,Net Banking,False,5
ORD103651,2025-04-25,Fashion,4017.39,2,5,7633.04,West,COD,False,4
ORD103652,2024-05-27,Sports,4244.62,1,15,3607.93,North,Credit Card,False,5
ORD103653,2025-02-11,Fashion,3022.22,2,5,5742.22,South,Net Banking,False,5
ORD103654,2025-12-23,Fashion,3762.81,2,10,6773.06,Central,COD,False,5
ORD103655,2025-08-15,Home & Kitchen,4213.01,1,0,4213.01,South,UPI,False,5
ORD103656,2025-12-12,Home & Kitchen,8706.59,1,5,8271.26,North,Debit Card,False,4
ORD103657,2025-10-05,Electronics,43721.18,1,20,34976.94,East,UPI,False,4
ORD103658,2025-11-09,Home & Kitchen,6418.75,1,20,5135.0,East,Credit Card,False,4
ORD103659,2025-08-31,Fashion,3982.79,1,10,3584.51,East,UPI,False,4
ORD103660,2024-02-17,Fashion,2378.9,2,15,4044.13,East,UPI,False,4
ORD103661,2024-02-08,Home & Kitchen,6236.34,2,0,12472.68,West,Debit Card,False,5
ORD103662,2024-12-11,Beauty,1009.46,1,0,1009.46,East,Debit Card,False,5
ORD103663,2024-01-17,Beauty,1012.76,1,0,1012.76,South,UPI,False,5
ORD103664,2024-09-30,Electronics,28268.25,1,5,26854.84,South,Credit Card,False,5
ORD103665,2025-01-30,Fashion,4747.75,1,10,4272.98,West,Credit Card,False,5
ORD103666,2025-12-06,Sports,685.12,1,5,650.86,North,UPI,False,5
ORD103667,2024-03-14,Sports,1152.54,1,10,1037.29,East,UPI,False,5
ORD103668,2024-11-17,Sports,1534.21,1,20,1227.37,South,Credit Card,False,4
ORD103669,2025-11-25,Electronics,15435.92,1,10,13892.33,East,UPI,False,4
ORD103670,2024-09-23,Sports,1364.14,3,30,2864.69,South,UPI,False,5
ORD103671,2025-11-07,Electronics,34821.35,2,5,66160.56,North,COD,False,5
ORD103672,2025-12-13,Fashion,2667.62,1,0,2667.62,North,Net Banking,False,4
ORD103673,2024-06-25,Home & Kitchen,2754.15,1,10,2478.74,East,Credit Card,True,4
ORD103674,2025-03-17,Sports,2675.57,1,15,2274.23,East,COD,False,5
ORD103675,2025-11-20,Beauty,1753.09,2,15,2980.25,West,Net Banking,False,5
ORD103676,2024-03-10,Fashion,1119.95,1,5,1063.95,West,UPI,False,5
ORD103677,2024-11-07,Home & Kitchen,2809.88,1,0,2809.88,East,UPI,False,3
ORD103678,2024-12-28,Fashion,1953.61,1,20,1562.89,West,Net Banking,False,5
ORD103679,2025-02-11,Home & Kitchen,4016.47,1,10,3614.82,Central,Debit Card,False,4
ORD103680,2025-01-11,Sports,548.8,1,20,439.04,West,COD,False,4
ORD103681,2025-08-28,Home & Kitchen,8550.68,1,20,6840.54,North,COD,False,5
ORD103682,2025-07-07,Electronics,14535.39,1,10,13081.85,West,UPI,False,4
ORD103683,2024-03-10,Electronics,5439.29,1,5,5167.33,South,Credit Card,False,4
ORD103684,2025-05-24,Home & Kitchen,1627.04,1,0,1627.04,South,UPI,False,4
ORD103685,2025-03-18,Sports,5398.0,1,0,5398.0,South,UPI,False,4
ORD103686,2024-01-05,Home & Kitchen,6902.88,1,15,5867.45,East,UPI,False,3
ORD103687,2024-10-14,Beauty,1140.69,1,20,912.55,West,UPI,False,4
ORD103688,2024-04-26,Electronics,32699.14,1,15,27794.27,Central,UPI,False,5
ORD103689,2025-10-29,Home & Kitchen,10592.24,1,0,10592.24,South,Debit Card,False,5
ORD103690,2024-07-16,Electronics,7724.97,1,10,6952.47,North,Net Banking,False,5
ORD103691,2025-03-02,Fashion,2603.95,1,15,2213.36,West,UPI,False,4
ORD103692,2024-02-09,Beauty,307.08,1,10,276.37,North,UPI,False,3
ORD103693,2025-01-28,Home & Kitchen,11926.57,1,0,11926.57,South,COD,False,4
ORD103694,2024-01-11,Home & Kitchen,6811.35,1,0,6811.35,Central,UPI,False,5
ORD103695,2024-10-17,Home & Kitchen,1138.19,1,5,1081.28,South,Net Banking,False,5
ORD103696,2025-09-20,Fashion,3062.43,1,5,2909.31,South,UPI,False,4
ORD103697,2025-11-28,Sports,2078.34,1,0,2078.34,Central,COD,False,5
ORD103698,2025-01-15,Sports,4991.22,2,10,8984.2,West,Debit Card,False,4
ORD103699,2024-02-28,Sports,7155.54,1,5,6797.76,Central,UPI,False,3
ORD103700,2024-06-07,Sports,6708.09,1,15,5701.88,North,Debit Card,False,5
ORD103701,2024-11-06,Beauty,632.95,1,10,569.66,North,UPI,False,5
ORD103702,2025-02-11,Sports,5184.01,1,5,4924.81,West,Credit Card,False,3
ORD103703,2025-03-08,Sports,631.05,2,0,1262.1,South,Credit Card,False,4
ORD103704,2024-01-13,Home & Kitchen,8463.82,1,15,7194.25,West,UPI,False,5
ORD103705,2025-11-23,Beauty,494.02,1,30,345.81,East,Debit Card,False,4
ORD103706,2025-01-28,Sports,5603.76,1,0,5603.76,West,UPI,True,3
ORD103707,2025-07-11,Home & Kitchen,8243.84,1,30,5770.69,West,Net Banking,False,5
ORD103708,2025-07-22,Electronics,10117.68,1,20,8094.14,East,UPI,False,4
ORD103709,2025-01-02,Beauty,2384.5,2,10,4292.1,North,Net Banking,True,5
ORD103710,2025-03-22,Electronics,13933.98,1,0,13933.98,South,UPI,False,5
ORD103711,2025-01-08,Electronics,2144.25,1,5,2037.04,West,UPI,False,4
ORD103712,2024-07-14,Electronics,43051.27,1,0,43051.27,South,COD,False,4
ORD103713,2025-03-28,Electronics,35034.07,1,5,33282.37,Central,UPI,False,5
ORD103714,2024-02-14,Home & Kitchen,2596.29,1,15,2206.85,East,UPI,False,5
ORD103715,2025-07-15,Sports,1497.46,1,10,1347.71,North,UPI,False,5
ORD103716,2024-03-28,Home & Kitchen,6978.77,1,0,6978.77,West,UPI,False,4
ORD103717,2025-02-15,Home & Kitchen,3339.84,1,0,3339.84,West,Net Banking,False,5
ORD103718,2025-11-27,Home & Kitchen,6523.35,1,10,5871.02,North,Debit Card,False,3
ORD103719,2025-02-23,Beauty,947.22,1,10,852.5,South,COD,False,5
ORD103720,2025-01-23,Sports,5284.51,1,0,5284.51,East,Debit Card,False,4
ORD103721,2024-12-30,Beauty,483.42,2,0,966.84,North,COD,False,4
ORD103722,2025-05-08,Fashion,1449.32,1,15,1231.92,East,UPI,False,4
ORD103723,2025-02-18,Electronics,6732.74,1,5,6396.1,North,UPI,False,5
ORD103724,2024-07-15,Electronics,27675.61,2,0,55351.22,South,Credit Card,False,5
ORD103725,2024-12-14,Fashion,4335.59,1,10,3902.03,South,Credit Card,False,5
ORD103726,2025-06-06,Fashion,2803.89,1,0,2803.89,North,UPI,True,5
ORD103727,2024-07-30,Fashion,4523.84,1,0,4523.84,West,UPI,False,4
ORD103728,2024-01-26,Fashion,2281.83,1,10,2053.65,Central,UPI,False,3
ORD103729,2024-07-26,Fashion,1202.2,1,10,1081.98,North,Credit Card,False,5
ORD103730,2025-11-18,Beauty,2110.46,1,10,1899.41,West,UPI,False,4
ORD103731,2024-07-01,Sports,3075.25,1,5,2921.49,West,UPI,False,5
ORD103732,2025-12-11,Sports,3052.95,2,15,5190.01,South,Credit Card,True,4
ORD103733,2025-06-04,Fashion,2726.93,1,0,2726.93,West,Debit Card,False,3
ORD103734,2024-01-05,Fashion,4214.92,1,5,4004.17,West,UPI,True,5
ORD103735,2024-01-11,Electronics,40816.43,1,0,40816.43,West,UPI,False,5
ORD103736,2024-10-05,Electronics,24021.64,1,10,21619.48,East,COD,False,5
ORD103737,2024-07-25,Beauty,1555.57,1,0,1555.57,North,Credit Card,False,5
ORD103738,2024-09-07,Home & Kitchen,8996.85,1,0,8996.85,East,Net Banking,False,4
ORD103739,2024-08-23,Fashion,1852.84,1,10,1667.56,South,UPI,True,5
ORD103740,2025-10-14,Electronics,44990.84,1,5,42741.3,West,UPI,False,4
ORD103741,2025-04-01,Beauty,883.55,1,30,618.48,South,UPI,False,4
ORD103742,2024-10-13,Electronics,16839.01,1,0,16839.01,South,UPI,False,5
ORD103743,2024-12-25,Fashion,3151.64,1,0,3151.64,North,Credit Card,False,3
ORD103744,2025-06-24,Home & Kitchen,11792.18,1,5,11202.57,East,COD,False,5
ORD103745,2024-11-16,Sports,6539.68,1,0,6539.68,East,UPI,False,4
ORD103746,2025-06-11,Fashion,1222.1,1,15,1038.78,North,Credit Card,False,5
ORD103747,2024-01-08,Home & Kitchen,5311.89,1,0,5311.89,South,Credit Card,False,4
ORD103748,2024-10-27,Fashion,4696.2,1,10,4226.58,East,Debit Card,False,3
ORD103749,2025-12-18,Fashion,3263.54,1,0,3263.54,North,Credit Card,False,5
ORD103750,2024-10-07,Fashion,3417.51,1,20,2734.01,North,UPI,False,5
ORD103751,2025-02-12,Electronics,18280.02,1,10,16452.02,East,Credit Card,False,4
ORD103752,2024-09-27,Electronics,5686.79,1,15,4833.77,South,UPI,False,4
ORD103753,2025-11-05,Home & Kitchen,3873.68,1,0,3873.68,Central,Debit Card,False,4
ORD103754,2024-09-12,Electronics,34665.21,1,20,27732.17,South,Credit Card,False,5
ORD103755,2025-04-28,Home & Kitchen,10708.04,2,5,20345.28,South,UPI,False,3
ORD103756,2024-05-30,Fashion,345.75,1,0,345.75,West,UPI,False,5
ORD103757,2025-09-26,Home & Kitchen,3326.9,3,10,8982.63,West,Credit Card,False,4
ORD103758,2025-05-07,Fashion,1760.76,1,10,1584.68,West,UPI,False,4
ORD103759,2025-10-21,Sports,6502.01,2,0,13004.02,East,Debit Card,False,5
ORD103760,2025-03-17,Sports,6003.91,3,10,16210.56,West,Debit Card,False,4
ORD103761,2025-04-13,Home & Kitchen,1412.5,3,5,4025.62,Central,Credit Card,False,4
ORD103762,2025-08-29,Fashion,2411.94,1,20,1929.55,South,Debit Card,False,4
ORD103763,2024-11-19,Electronics,43790.34,1,0,43790.34,South,Debit Card,False,3
ORD103764,2024-01-08,Fashion,4147.65,1,5,3940.27,North,UPI,False,4
ORD103765,2024-10-30,Home & Kitchen,7339.33,1,20,5871.46,North,UPI,False,5
ORD103766,2024-09-28,Sports,2463.47,1,10,2217.12,East,Credit Card,False,3
ORD103767,2024-07-06,Beauty,1103.28,1,5,1048.12,North,UPI,False,3
ORD103768,2024-03-08,Fashion,4980.15,1,10,4482.14,West,Net Banking,False,5
ORD103769,2024-02-12,Beauty,817.26,1,0,817.26,East,COD,True,5
ORD103770,2024-04-08,Home & Kitchen,10386.39,2,5,19734.14,East,UPI,False,5
ORD103771,2024-05-07,Electronics,19086.61,1,15,16223.62,West,UPI,False,4
ORD103772,2024-08-09,Electronics,13876.75,1,0,13876.75,Central,UPI,False,5
ORD103773,2025-02-01,Fashion,1034.32,1,20,827.46,East,Credit Card,True,5
ORD103774,2024-11-29,Home & Kitchen,11275.51,1,30,7892.86,South,UPI,False,5
ORD103775,2024-10-14,Fashion,3894.3,1,20,3115.44,South,Net Banking,True,5
ORD103776,2025-12-18,Sports,4246.46,1,0,4246.46,South,UPI,False,4
ORD103777,2024-12-19,Sports,3593.86,1,15,3054.78,North,Debit Card,False,3
ORD103778,2025-01-13,Home & Kitchen,2633.07,1,20,2106.46,North,COD,False,5
ORD103779,2024-05-09,Fashion,2582.49,1,0,2582.49,North,Debit Card,False,4
ORD103780,2024-10-27,Electronics,19202.87,1,0,19202.87,East,Credit Card,False,4
ORD103781,2024-11-13,Fashion,4516.31,1,15,3838.86,North,UPI,False,4
ORD103782,2025-04-10,Fashion,2517.38,2,5,4783.02,North,COD,False,4
ORD103783,2024-11-10,Fashion,1318.0,1,0,1318.0,West,Credit Card,False,5
ORD103784,2025-05-09,Home & Kitchen,7769.29,1,5,7380.83,East,UPI,False,3
ORD103785,2024-02-04,Fashion,2606.92,1,0,2606.92,West,UPI,False,5
ORD103786,2024-06-09,Fashion,1220.95,1,5,1159.9,West,Credit Card,False,4
ORD103787,2024-09-05,Electronics,34174.91,1,15,29048.67,South,Debit Card,False,5
ORD103788,2024-06-27,Fashion,4289.5,1,5,4075.02,Central,Credit Card,False,3
ORD103789,2025-02-06,Beauty,2009.96,2,0,4019.92,North,COD,False,5
ORD103790,2024-02-15,Fashion,893.93,1,15,759.84,South,COD,False,5
ORD103791,2025-04-13,Beauty,930.79,1,0,930.79,North,UPI,False,4
ORD103792,2025-04-02,Electronics,35442.94,2,10,63797.29,East,Net Banking,False,3
ORD103793,2024-10-12,Beauty,1443.23,2,0,2886.46,West,Credit Card,False,4
ORD103794,2025-08-01,Home & Kitchen,3177.23,1,5,3018.37,North,UPI,True,5
ORD103795,2025-09-16,Fashion,2630.71,1,10,2367.64,North,Net Banking,False,4
ORD103796,2025-05-01,Beauty,862.24,1,0,862.24,West,Net Banking,False,4
ORD103797,2024-10-10,Electronics,22170.2,1,0,22170.2,North,Credit Card,False,5
ORD103798,2025-08-31,Electronics,2375.33,1,10,2137.8,South,UPI,False,4
ORD103799,2024-06-06,Home & Kitchen,7162.9,1,0,7162.9,South,Credit Card,False,5
ORD103800,2024-11-26,Electronics,7540.54,2,5,14327.03,South,Debit Card,False,4
ORD103801,2025-02-11,Beauty,1962.25,1,0,1962.25,West,Net Banking,False,3
ORD103802,2025-11-12,Home & Kitchen,1313.63,1,0,1313.63,South,UPI,False,5
ORD103803,2024-09-05,Electronics,4784.91,1,10,4306.42,North,Debit Card,False,4
ORD103804,2025-08-02,Fashion,4258.85,1,5,4045.91,Central,UPI,False,4
ORD103805,2024-07-17,Fashion,3237.96,1,10,2914.16,Central,UPI,False,4
ORD103806,2025-06-03,Home & Kitchen,9028.13,1,10,8125.32,North,Debit Card,False,4
ORD103807,2024-02-16,Electronics,5238.57,1,10,4714.71,West,COD,False,4
ORD103808,2024-07-03,Electronics,16152.36,1,15,13729.51,South,UPI,False,5
ORD103809,2024-04-06,Sports,2497.17,1,0,2497.17,South,UPI,False,4
ORD103810,2025-10-07,Electronics,3911.74,1,10,3520.57,Central,UPI,False,5
ORD103811,2025-11-16,Home & Kitchen,4535.77,1,0,4535.77,South,UPI,False,5
ORD103812,2025-05-01,Beauty,250.54,1,0,250.54,South,Credit Card,False,5
ORD103813,2024-07-25,Home & Kitchen,11168.48,1,10,10051.63,North,Net Banking,False,4
ORD103814,2024-04-13,Fashion,1816.7,1,5,1725.86,West,Debit Card,False,4
ORD103815,2024-03-24,Beauty,1994.64,1,30,1396.25,South,UPI,True,3
ORD103816,2024-10-30,Fashion,4332.92,1,15,3682.98,North,Credit Card,False,5
ORD103817,2025-06-15,Home & Kitchen,10609.86,2,0,21219.72,East,COD,False,5
ORD103818,2025-07-02,Electronics,2674.33,1,15,2273.18,North,Credit Card,False,3
ORD103819,2024-04-29,Fashion,4522.61,1,10,4070.35,South,Net Banking,False,5
ORD103820,2024-11-22,Sports,4835.83,1,10,4352.25,North,UPI,False,3
ORD103821,2025-09-17,Fashion,4431.74,1,0,4431.74,South,Credit Card,False,4
ORD103822,2024-07-04,Fashion,2540.43,1,0,2540.43,East,UPI,False,3
ORD103823,2024-04-21,Fashion,3081.4,1,0,3081.4,East,Debit Card,False,5
ORD103824,2024-02-20,Home & Kitchen,6080.86,1,0,6080.86,West,Credit Card,False,5
ORD103825,2025-09-07,Home & Kitchen,2876.55,1,0,2876.55,West,Debit Card,False,5
ORD103826,2025-09-02,Fashion,3279.07,1,0,3279.07,Central,UPI,False,4
ORD103827,2025-05-04,Electronics,40416.24,1,15,34353.8,West,UPI,False,1
ORD103828,2025-04-15,Home & Kitchen,9622.44,2,10,17320.39,West,UPI,True,2
ORD103829,2024-07-30,Sports,7846.4,1,0,7846.4,North,UPI,False,5
ORD103830,2024-02-10,Fashion,1190.64,1,15,1012.04,South,UPI,False,5
ORD103831,2024-11-12,Sports,4857.91,2,0,9715.82,South,UPI,False,5
ORD103832,2024-07-09,Home & Kitchen,5353.1,2,0,10706.2,South,UPI,False,5
ORD103833,2025-10-11,Sports,6918.63,2,15,11761.67,North,UPI,False,4
ORD103834,2024-07-30,Beauty,807.53,1,15,686.4,South,UPI,False,3
ORD103835,2024-12-24,Fashion,2651.71,1,30,1856.2,West,Credit Card,False,4
ORD103836,2025-07-09,Fashion,1842.96,2,15,3133.03,Central,UPI,False,5
ORD103837,2025-10-26,Sports,4202.76,1,5,3992.62,North,UPI,False,5
ORD103838,2025-01-01,Sports,5624.53,2,20,8999.25,West,UPI,True,5
ORD103839,2024-06-29,Beauty,2892.22,1,0,2892.22,West,UPI,False,3
ORD103840,2025-10-08,Electronics,32846.82,1,0,32846.82,West,Net Banking,False,5
ORD103841,2025-09-29,Electronics,17470.4,1,5,16596.88,South,Debit Card,False,5
ORD103842,2024-05-30,Electronics,4099.06,1,0,4099.06,West,Credit Card,False,5
ORD103843,2024-09-14,Fashion,3867.7,2,10,6961.86,North,Net Banking,False,3
ORD103844,2024-07-22,Fashion,1978.36,1,30,1384.85,East,Net Banking,False,1
ORD103845,2025-08-06,Sports,5205.25,2,30,7287.35,North,UPI,False,5
ORD103846,2024-11-07,Electronics,31106.73,1,0,31106.73,West,Debit Card,False,4
ORD103847,2024-12-25,Electronics,12798.51,1,10,11518.66,East,UPI,False,4
ORD103848,2024-10-15,Beauty,2118.24,1,0,2118.24,West,UPI,False,5
ORD103849,2024-12-23,Home & Kitchen,5319.03,1,30,3723.32,South,Credit Card,False,3
ORD103850,2024-03-19,Beauty,2732.66,1,20,2186.13,South,Credit Card,False,2
ORD103851,2024-11-05,Beauty,1610.65,1,0,1610.65,North,Debit Card,False,5
ORD103852,2025-12-21,Home & Kitchen,10009.87,1,0,10009.87,West,Debit Card,False,5
ORD103853,2025-02-10,Beauty,1024.26,1,0,1024.26,West,UPI,False,4
ORD103854,2025-06-08,Sports,3063.76,1,10,2757.38,North,UPI,False,2
ORD103855,2025-01-01,Home & Kitchen,6552.73,1,10,5897.46,North,UPI,False,5
ORD103856,2025-08-01,Electronics,8864.08,1,10,7977.67,Central,COD,False,4
ORD103857,2024-06-24,Sports,1191.26,1,15,1012.57,West,Credit Card,False,3
ORD103858,2025-03-10,Beauty,1621.15,1,0,1621.15,North,Credit Card,False,3
ORD103859,2024-01-30,Sports,7253.25,1,20,5802.6,East,Credit Card,False,5
ORD103860,2024-01-10,Electronics,17458.24,1,0,17458.24,South,Net Banking,False,3
ORD103861,2024-09-15,Electronics,37809.56,1,15,32138.13,North,Debit Card,False,4
ORD103862,2025-06-06,Fashion,2915.44,1,15,2478.12,Central,UPI,False,2
ORD103863,2024-05-23,Electronics,23907.61,3,10,64550.55,North,UPI,False,4
ORD103864,2024-05-29,Home & Kitchen,4858.46,1,5,4615.54,West,UPI,False,4
ORD103865,2025-03-14,Electronics,5226.49,1,30,3658.54,West,Debit Card,False,5
ORD103866,2025-09-11,Sports,5010.09,1,0,5010.09,West,Debit Card,False,4
ORD103867,2024-05-28,Home & Kitchen,6027.04,1,20,4821.63,East,UPI,False,4
ORD103868,2024-10-18,Beauty,2146.29,1,20,1717.03,South,Credit Card,False,4
ORD103869,2025-10-28,Sports,2368.41,2,30,3315.77,South,Credit Card,False,3
ORD103870,2025-02-26,Fashion,4067.94,1,10,3661.15,East,Debit Card,False,4
ORD103871,2024-12-12,Beauty,2236.7,1,0,2236.7,East,Debit Card,False,5
ORD103872,2025-11-02,Home & Kitchen,8034.59,1,10,7231.13,South,COD,False,1
ORD103873,2024-08-21,Fashion,937.66,1,0,937.66,South,UPI,False,3
ORD103874,2024-09-15,Fashion,3452.38,3,30,7250.0,West,Debit Card,False,5
ORD103875,2025-10-14,Sports,3842.8,1,15,3266.38,West,Credit Card,False,5
ORD103876,2024-12-19,Fashion,1343.42,1,0,1343.42,North,Credit Card,False,4
ORD103877,2024-09-12,Fashion,3908.97,1,5,3713.52,West,Credit Card,False,3
ORD103878,2024-11-02,Home & Kitchen,586.83,1,0,586.83,West,UPI,False,5
ORD103879,2025-08-06,Fashion,2464.61,1,0,2464.61,Central,UPI,False,5
ORD103880,2024-04-16,Fashion,1247.67,1,10,1122.9,East,UPI,False,4
ORD103881,2025-01-01,Sports,872.18,1,15,741.35,North,Credit Card,False,4
ORD103882,2025-04-28,Sports,3318.82,2,5,6305.76,North,Debit Card,False,5
ORD103883,2024-07-03,Fashion,4428.42,1,0,4428.42,South,UPI,False,4
ORD103884,2024-03-01,Fashion,4979.92,1,0,4979.92,South,UPI,False,5
ORD103885,2025-06-09,Home & Kitchen,3779.04,1,15,3212.18,West,UPI,False,4
ORD103886,2025-08-02,Home & Kitchen,4462.36,3,30,9370.96,North,Credit Card,False,5
ORD103887,2025-02-25,Electronics,39598.3,1,10,35638.47,North,Debit Card,False,3
ORD103888,2025-06-05,Home & Kitchen,11552.66,1,0,11552.66,West,Credit Card,False,4
ORD103889,2025-03-17,Home & Kitchen,4621.16,1,0,4621.16,North,UPI,False,3
ORD103890,2024-07-19,Fashion,1871.09,2,0,3742.18,South,COD,False,5
ORD103891,2025-04-07,Home & Kitchen,9523.19,1,5,9047.03,West,Credit Card,False,4
ORD103892,2024-07-31,Fashion,4403.93,1,0,4403.93,West,Debit Card,False,5
ORD103893,2024-01-27,Electronics,38743.45,1,0,38743.45,South,Net Banking,False,4
ORD103894,2025-01-24,Sports,5375.03,1,20,4300.02,North,Debit Card,False,4
ORD103895,2025-04-13,Sports,6096.84,1,10,5487.16,Central,UPI,False,5
ORD103896,2024-10-03,Beauty,334.45,1,10,301.0,West,Debit Card,False,4
ORD103897,2025-12-11,Home & Kitchen,10313.03,1,0,10313.03,South,Credit Card,False,4
ORD103898,2025-12-10,Sports,7802.46,1,30,5461.72,North,Net Banking,False,5
ORD103899,2025-06-23,Home & Kitchen,4199.65,1,5,3989.67,South,UPI,False,1
ORD103900,2025-09-17,Fashion,2519.84,1,10,2267.86,East,Credit Card,False,5
ORD103901,2024-04-11,Sports,2227.82,1,0,2227.82,East,Credit Card,False,4
ORD103902,2024-05-26,Electronics,39434.33,1,30,27604.03,East,Net Banking,False,2
ORD103903,2025-07-29,Electronics,41866.51,1,30,29306.56,West,UPI,False,5
ORD103904,2025-08-16,Home & Kitchen,7608.63,1,0,7608.63,East,UPI,False,5
ORD103905,2025-01-11,Sports,2542.06,2,15,4321.5,North,Credit Card,False,4
ORD103906,2025-11-11,Fashion,4552.44,1,10,4097.2,West,UPI,True,3
ORD103907,2024-09-19,Electronics,30129.79,1,5,28623.3,East,Debit Card,False,3
ORD103908,2024-11-19,Fashion,1444.48,1,15,1227.81,East,Credit Card,False,4
ORD103909,2024-06-17,Fashion,2882.8,1,5,2738.66,East,UPI,False,5
ORD103910,2025-06-17,Home & Kitchen,3923.75,1,20,3139.0,East,UPI,False,2
ORD103911,2024-01-23,Home & Kitchen,819.79,1,0,819.79,Central,UPI,False,4
ORD103912,2024-05-31,Fashion,2881.42,1,15,2449.21,South,UPI,False,4
ORD103913,2024-11-21,Fashion,347.77,1,5,330.38,Central,UPI,False,5
ORD103914,2025-05-02,Sports,5538.93,1,10,4985.04,Central,UPI,False,3
ORD103915,2024-07-12,Sports,5745.34,1,5,5458.07,Central,UPI,False,4
ORD103916,2024-09-01,Electronics,42352.29,1,5,40234.68,West,Debit Card,False,5
ORD103917,2025-04-28,Electronics,36238.19,1,0,36238.19,North,Credit Card,False,5
ORD103918,2024-12-11,Beauty,2573.45,1,5,2444.78,West,Debit Card,False,2
ORD103919,2024-11-27,Beauty,2560.61,1,5,2432.58,West,UPI,False,3
ORD103920,2024-11-27,Home & Kitchen,7053.03,1,5,6700.38,Central,UPI,False,5
ORD103921,2024-10-02,Fashion,745.75,3,10,2013.52,West,COD,False,5
ORD103922,2025-01-17,Electronics,32462.17,1,30,22723.52,North,Debit Card,False,4
ORD103923,2024-04-18,Beauty,2460.35,1,5,2337.33,Central,Debit Card,False,3
ORD103924,2024-07-16,Fashion,2422.71,1,10,2180.44,South,Credit Card,False,5
ORD103925,2025-08-02,Sports,6247.03,1,5,5934.68,North,UPI,False,3
ORD103926,2025-07-09,Home & Kitchen,10451.7,1,20,8361.36,North,Credit Card,False,3
ORD103927,2025-07-12,Home & Kitchen,11062.39,2,5,21018.54,West,UPI,False,3
ORD103928,2025-09-03,Sports,3638.3,1,10,3274.47,North,Debit Card,False,5
ORD103929,2025-01-16,Fashion,1029.75,1,20,823.8,West,Net Banking,False,5
ORD103930,2024-12-03,Electronics,34104.82,1,0,34104.82,West,Credit Card,False,4
ORD103931,2024-06-24,Electronics,9027.84,2,10,16250.11,Central,Credit Card,False,3
ORD103932,2025-06-21,Beauty,152.59,1,30,106.81,North,Credit Card,False,5
ORD103933,2024-01-15,Fashion,4688.85,1,5,4454.41,South,COD,False,4
ORD103934,2024-02-02,Electronics,29304.01,1,15,24908.41,North,UPI,False,5
ORD103935,2025-01-12,Electronics,25135.89,1,0,25135.89,East,Credit Card,False,4
ORD103936,2025-08-23,Beauty,1708.0,2,10,3074.4,North,UPI,False,4
ORD103937,2025-11-23,Home & Kitchen,7136.2,1,5,6779.39,North,COD,False,5
ORD103938,2025-05-26,Electronics,11599.36,1,5,11019.39,South,COD,False,5
ORD103939,2024-11-03,Home & Kitchen,6281.3,1,20,5025.04,East,UPI,False,3
ORD103940,2024-07-31,Sports,5434.91,1,10,4891.42,West,UPI,False,5
ORD103941,2024-04-24,Sports,1074.23,2,5,2041.04,South,COD,False,4
ORD103942,2025-03-24,Fashion,4890.51,1,30,3423.36,South,Credit Card,False,5
ORD103943,2025-10-22,Fashion,1521.71,2,15,2586.91,South,Debit Card,False,3
ORD103944,2025-09-29,Fashion,1045.72,1,5,993.43,West,Credit Card,False,3
ORD103945,2025-04-29,Home & Kitchen,8199.8,2,5,15579.62,South,UPI,False,4
ORD103946,2024-05-24,Fashion,394.04,1,0,394.04,Central,COD,False,4
ORD103947,2024-08-26,Sports,513.29,1,10,461.96,West,Credit Card,False,5
ORD103948,2025-06-16,Electronics,12869.79,2,30,18017.71,East,UPI,False,4
ORD103949,2025-05-25,Sports,2647.37,1,15,2250.26,West,Debit Card,False,5
ORD103950,2024-10-14,Fashion,2097.1,1,5,1992.24,East,Credit Card,False,4
ORD103951,2024-10-07,Sports,3352.39,1,0,3352.39,West,Credit Card,False,5
ORD103952,2024-04-02,Sports,4335.3,1,10,3901.77,South,Credit Card,False,5
ORD103953,2025-02-18,Fashion,1714.32,1,0,1714.32,West,Credit Card,False,5
ORD103954,2025-06-26,Electronics,16020.57,1,5,15219.54,North,Credit Card,False,4
ORD103955,2024-03-15,Fashion,3272.32,1,15,2781.47,South,UPI,False,4
ORD103956,2024-06-16,Sports,7174.79,2,0,14349.58,North,UPI,False,4
ORD103957,2024-03-12,Sports,2288.41,1,0,2288.41,North,Credit Card,False,4
ORD103958,2024-07-08,Home & Kitchen,11871.31,1,0,11871.31,West,UPI,False,4
ORD103959,2024-01-08,Beauty,643.66,1,15,547.11,South,Debit Card,False,4
ORD103960,2024-08-13,Sports,2081.74,1,10,1873.57,South,Credit Card,False,3
ORD103961,2024-01-28,Fashion,4606.95,2,0,9213.9,South,UPI,False,5
ORD103962,2024-07-04,Fashion,3247.51,2,5,6170.27,East,UPI,False,4
ORD103963,2024-06-07,Beauty,368.29,1,10,331.46,North,COD,False,4
ORD103964,2024-06-14,Electronics,32441.69,1,5,30819.61,South,Debit Card,False,5
ORD103965,2025-09-09,Home & Kitchen,9338.19,1,10,8404.37,East,COD,True,4
ORD103966,2024-07-08,Electronics,39745.1,1,20,31796.08,East,Credit Card,False,4
ORD103967,2025-07-13,Fashion,4282.23,1,20,3425.78,West,UPI,False,3
ORD103968,2024-03-28,Electronics,29280.15,2,10,52704.27,North,Debit Card,False,4
ORD103969,2025-05-06,Beauty,2841.29,1,10,2557.16,West,UPI,False,4
ORD103970,2025-10-13,Sports,4033.82,1,10,3630.44,Central,UPI,False,4
ORD103971,2024-12-06,Home & Kitchen,7735.53,1,15,6575.2,West,UPI,False,3
ORD103972,2024-10-06,Fashion,2748.44,1,0,2748.44,South,Credit Card,False,5
ORD103973,2024-11-13,Fashion,1815.23,1,0,1815.23,North,Debit Card,False,5
ORD103974,2024-07-04,Fashion,4925.68,1,0,4925.68,North,Net Banking,False,4
ORD103975,2025-07-18,Beauty,552.77,2,20,884.43,North,Debit Card,False,4
ORD103976,2025-05-27,Beauty,245.42,1,10,220.88,Central,UPI,False,4
ORD103977,2024-06-29,Fashion,4891.28,1,15,4157.59,South,UPI,False,5
ORD103978,2025-06-07,Sports,805.95,1,0,805.95,East,UPI,False,4
ORD103979,2024-01-05,Fashion,2620.82,1,10,2358.74,Central,Net Banking,False,5
ORD103980,2025-07-17,Home & Kitchen,10385.13,1,5,9865.87,South,UPI,False,5
ORD103981,2025-04-02,Electronics,10289.01,1,0,10289.01,North,UPI,False,1
ORD103982,2025-02-21,Electronics,10930.21,1,0,10930.21,East,Credit Card,False,5
ORD103983,2024-07-13,Beauty,937.82,1,15,797.15,East,UPI,True,1
ORD103984,2025-05-04,Electronics,17636.51,1,10,15872.86,Central,UPI,False,4
ORD103985,2024-01-24,Home & Kitchen,7362.9,1,10,6626.61,Central,Debit Card,False,3
ORD103986,2025-10-24,Electronics,17279.76,1,20,13823.81,West,COD,True,5
ORD103987,2025-12-20,Fashion,4385.62,1,20,3508.5,North,UPI,False,5
ORD103988,2025-10-09,Fashion,3690.49,1,10,3321.44,Central,Credit Card,False,5
ORD103989,2025-07-21,Sports,7943.14,1,20,6354.51,North,Credit Card,False,5
ORD103990,2025-04-13,Fashion,3972.37,1,5,3773.75,West,Credit Card,False,5
ORD103991,2025-05-31,Fashion,1987.22,1,20,1589.78,South,UPI,False,3
ORD103992,2025-08-19,Home & Kitchen,9491.04,1,0,9491.04,South,UPI,False,5
ORD103993,2024-06-13,Fashion,4826.71,1,10,4344.04,West,UPI,False,4
ORD103994,2025-12-15,Beauty,1604.74,1,15,1364.03,East,Net Banking,False,5
ORD103995,2025-06-17,Electronics,17412.5,1,0,17412.5,South,Debit Card,False,5
ORD103996,2024-10-12,Beauty,1187.6,1,5,1128.22,East,COD,False,5
ORD103997,2024-12-27,Beauty,478.39,1,0,478.39,South,UPI,False,5
ORD103998,2024-02-02,Fashion,319.41,1,5,303.44,North,UPI,False,4
ORD103999,2025-10-13,Beauty,2170.75,1,10,1953.68,North,UPI,False,5
ORD104000,2025-11-26,Home & Kitchen,10350.06,1,5,9832.56,North,UPI,False,4
ORD104001,2024-08-31,Fashion,1970.89,1,10,1773.8,South,Net Banking,False,3
ORD104002,2025-08-13,Beauty,1334.51,2,0,2669.02,West,UPI,False,4
ORD104003,2024-04-03,Home & Kitchen,9255.5,1,30,6478.85,West,UPI,False,3
ORD104004,2024-01-17,Electronics,31186.62,1,15,26508.63,South,COD,True,4
ORD104005,2024-07-26,Sports,6915.37,1,5,6569.6,South,Credit Card,False,1
ORD104006,2025-01-10,Home & Kitchen,657.5,1,0,657.5,Central,Net Banking,False,4
ORD104007,2025-07-15,Electronics,44076.97,1,0,44076.97,South,Debit Card,False,1
ORD104008,2025-10-17,Fashion,3895.34,1,0,3895.34,South,UPI,False,4
ORD104009,2024-04-23,Sports,5924.32,1,10,5331.89,North,Debit Card,False,5
ORD104010,2025-07-01,Fashion,2281.03,1,30,1596.72,West,Credit Card,False,5
ORD104011,2025-12-13,Sports,6810.58,1,15,5788.99,North,UPI,False,2
ORD104012,2024-06-02,Fashion,1950.88,1,5,1853.34,South,Net Banking,False,5
ORD104013,2024-10-14,Home & Kitchen,9453.16,2,20,15125.06,South,COD,False,3
ORD104014,2025-03-04,Home & Kitchen,7380.93,2,10,13285.67,North,Credit Card,False,5
ORD104015,2024-08-01,Sports,5555.6,1,0,5555.6,West,UPI,False,4
ORD104016,2025-01-18,Sports,2066.11,1,5,1962.8,South,Debit Card,False,5
ORD104017,2024-06-05,Home & Kitchen,8055.39,1,0,8055.39,North,Credit Card,False,5
ORD104018,2025-08-23,Electronics,3979.12,2,0,7958.24,West,Credit Card,False,4
ORD104019,2025-10-07,Home & Kitchen,5154.01,2,5,9792.62,South,COD,False,4
ORD104020,2024-02-25,Sports,3093.07,2,15,5258.22,West,UPI,False,4
ORD104021,2024-04-04,Sports,3968.6,1,15,3373.31,South,UPI,False,5
ORD104022,2025-07-12,Fashion,3545.77,1,0,3545.77,North,Credit Card,False,4
ORD104023,2025-03-08,Home & Kitchen,7228.59,1,10,6505.73,West,UPI,False,5
ORD104024,2025-10-07,Beauty,2377.16,1,0,2377.16,North,COD,False,5
ORD104025,2025-10-02,Fashion,3349.55,1,15,2847.12,Central,UPI,False,5
ORD104026,2025-04-29,Fashion,817.14,3,0,2451.42,East,Credit Card,False,5
ORD104027,2024-11-16,Fashion,1741.54,1,15,1480.31,East,COD,False,5
ORD104028,2025-05-25,Home & Kitchen,3656.01,1,5,3473.21,North,Credit Card,False,4
ORD104029,2025-04-28,Home & Kitchen,8982.4,1,0,8982.4,North,UPI,False,5
ORD104030,2025-03-21,Home & Kitchen,4274.06,1,15,3632.95,West,UPI,False,5
ORD104031,2025-02-07,Fashion,2300.58,1,20,1840.46,East,Net Banking,False,4
ORD104032,2025-11-17,Electronics,29907.62,1,0,29907.62,South,Debit Card,False,1
ORD104033,2024-07-29,Fashion,4401.47,2,0,8802.94,Central,Credit Card,False,5
ORD104034,2024-01-12,Home & Kitchen,3170.8,1,0,3170.8,East,Net Banking,False,4
ORD104035,2025-10-24,Electronics,42561.76,1,15,36177.5,South,UPI,False,4
ORD104036,2024-12-18,Fashion,1938.76,1,10,1744.88,South,UPI,False,1
ORD104037,2024-07-26,Home & Kitchen,10609.59,1,30,7426.71,West,UPI,False,4
ORD104038,2025-06-23,Beauty,2566.83,1,0,2566.83,North,UPI,False,3
ORD104039,2024-07-04,Sports,6125.28,1,20,4900.22,East,Debit Card,False,4
ORD104040,2024-07-13,Fashion,4490.78,1,0,4490.78,East,Credit Card,False,4
ORD104041,2025-06-13,Electronics,9455.82,1,0,9455.82,North,Debit Card,False,4
ORD104042,2025-07-08,Fashion,4266.95,1,0,4266.95,East,UPI,False,4
ORD104043,2024-01-20,Beauty,2031.0,1,5,1929.45,West,UPI,False,5
ORD104044,2025-07-20,Fashion,794.88,1,0,794.88,South,UPI,False,5
ORD104045,2025-06-17,Fashion,4118.81,1,15,3500.99,North,Credit Card,True,4
ORD104046,2025-02-09,Electronics,16096.23,1,5,15291.42,South,COD,False,4
ORD104047,2025-08-13,Beauty,572.19,2,5,1087.16,North,UPI,False,2
ORD104048,2025-08-20,Sports,3636.43,1,0,3636.43,North,Net Banking,False,4
ORD104049,2024-12-01,Electronics,4171.95,1,0,4171.95,North,Credit Card,False,5
ORD104050,2024-05-28,Home & Kitchen,4864.68,1,10,4378.21,West,Debit Card,False,5
ORD104051,2025-06-08,Beauty,879.11,1,30,615.38,North,Credit Card,False,4
ORD104052,2024-02-17,Home & Kitchen,5577.13,1,5,5298.27,East,UPI,False,1
ORD104053,2024-02-21,Sports,7405.56,1,10,6665.0,South,UPI,False,5
ORD104054,2024-07-27,Electronics,23872.28,1,20,19097.82,North,Debit Card,False,4
ORD104055,2025-08-10,Beauty,1564.66,1,30,1095.26,North,Credit Card,False,4
ORD104056,2025-07-30,Fashion,4836.99,1,5,4595.14,West,UPI,False,4
ORD104057,2025-09-04,Home & Kitchen,8772.83,2,10,15791.09,West,UPI,False,5
ORD104058,2024-02-05,Electronics,5603.58,1,0,5603.58,South,UPI,False,4
ORD104059,2025-03-13,Electronics,35900.42,1,10,32310.38,West,Credit Card,False,4
ORD104060,2025-11-22,Electronics,35509.73,1,5,33734.24,West,UPI,False,5
ORD104061,2024-01-28,Fashion,3440.89,2,15,5849.51,South,Net Banking,True,1
ORD104062,2025-04-09,Electronics,39516.51,1,0,39516.51,South,COD,False,5
ORD104063,2025-01-14,Fashion,2796.1,1,0,2796.1,North,UPI,False,3
ORD104064,2025-08-12,Fashion,3828.13,2,10,6890.63,East,Credit Card,False,5
ORD104065,2025-07-06,Home & Kitchen,5834.54,1,0,5834.54,North,Net Banking,False,5
ORD104066,2024-09-01,Fashion,971.5,1,0,971.5,Central,UPI,False,4
ORD104067,2024-12-24,Electronics,38494.6,1,0,38494.6,North,UPI,False,2
ORD104068,2024-04-11,Electronics,11840.41,1,10,10656.37,North,UPI,False,5
ORD104069,2024-09-30,Electronics,10507.54,3,0,31522.62,North,Debit Card,False,3
ORD104070,2025-04-30,Home & Kitchen,6498.82,1,10,5848.94,South,Debit Card,False,4
ORD104071,2025-09-29,Electronics,19776.14,1,15,16809.72,Central,UPI,False,4
ORD104072,2024-05-22,Beauty,909.12,1,30,636.38,West,UPI,False,2
ORD104073,2024-05-01,Fashion,3716.02,1,20,2972.82,East,COD,False,4
ORD104074,2025-07-05,Fashion,4436.62,1,0,4436.62,West,UPI,True,4
ORD104075,2025-06-19,Fashion,1134.76,1,0,1134.76,West,COD,False,3
ORD104076,2024-10-18,Sports,948.07,1,15,805.86,West,Net Banking,False,5
ORD104077,2024-10-01,Electronics,23716.81,1,0,23716.81,North,Net Banking,False,4
ORD104078,2025-05-06,Sports,7703.8,1,10,6933.42,North,COD,False,4
ORD104079,2024-05-04,Fashion,3546.07,1,10,3191.46,East,UPI,False,5
ORD104080,2025-11-23,Fashion,3531.2,1,5,3354.64,East,UPI,False,3
ORD104081,2025-01-06,Home & Kitchen,3458.17,1,10,3112.35,North,Debit Card,False,2
ORD104082,2024-03-18,Fashion,3728.34,1,5,3541.92,South,UPI,True,2
ORD104083,2024-09-15,Fashion,1606.93,1,20,1285.54,North,Net Banking,False,1
ORD104084,2025-08-20,Home & Kitchen,4091.72,1,5,3887.13,North,COD,False,5
ORD104085,2024-07-06,Fashion,2185.1,1,5,2075.84,South,UPI,False,3
ORD104086,2025-12-21,Sports,851.77,1,5,809.18,North,Credit Card,False,5
ORD104087,2025-06-05,Fashion,3682.4,1,10,3314.16,West,COD,False,4
ORD104088,2025-10-25,Sports,3982.09,1,20,3185.67,East,UPI,False,4
ORD104089,2025-09-16,Sports,543.8,1,5,516.61,East,Debit Card,False,5
ORD104090,2024-04-05,Fashion,4479.49,2,5,8511.03,South,UPI,False,5
ORD104091,2025-11-09,Sports,6060.56,1,10,5454.5,North,Debit Card,False,4
ORD104092,2025-06-23,Fashion,356.38,3,5,1015.68,North,Credit Card,False,4
ORD104093,2025-04-05,Fashion,1144.15,1,0,1144.15,South,COD,False,4
ORD104094,2024-07-30,Sports,4146.65,1,20,3317.32,Central,Debit Card,False,5
ORD104095,2025-05-29,Electronics,14496.9,1,0,14496.9,North,Credit Card,False,4
ORD104096,2024-11-16,Fashion,2477.42,1,10,2229.68,North,UPI,False,5
ORD104097,2025-09-26,Home & Kitchen,2836.1,1,0,2836.1,South,Credit Card,False,5
ORD104098,2025-10-19,Fashion,3488.66,1,30,2442.06,Central,Credit Card,True,4
ORD104099,2024-11-26,Sports,2662.3,3,10,7188.21,North,COD,False,2
ORD104100,2025-05-19,Electronics,25701.49,1,20,20561.19,North,UPI,False,3
ORD104101,2024-12-01,Fashion,4996.14,1,15,4246.72,West,UPI,False,5
ORD104102,2025-09-23,Home & Kitchen,4798.82,1,0,4798.82,East,Net Banking,False,4
ORD104103,2024-05-07,Fashion,1417.84,3,15,3615.49,West,UPI,False,5
ORD104104,2024-11-16,Fashion,2021.49,1,0,2021.49,North,UPI,False,5
ORD104105,2025-05-31,Home & Kitchen,4704.65,1,0,4704.65,West,COD,False,5
ORD104106,2025-06-13,Home & Kitchen,3137.7,1,10,2823.93,North,Net Banking,False,3
ORD104107,2025-02-09,Fashion,3475.48,2,20,5560.77,South,COD,False,5
ORD104108,2024-05-14,Home & Kitchen,7135.49,1,0,7135.49,Central,UPI,False,3
ORD104109,2024-10-03,Electronics,29744.25,2,10,53539.65,North,Net Banking,False,4
ORD104110,2025-09-02,Fashion,1332.5,2,15,2265.25,South,UPI,False,5
ORD104111,2025-07-07,Fashion,2705.29,1,5,2570.03,South,Credit Card,False,5
ORD104112,2025-05-10,Fashion,4105.25,2,0,8210.5,South,UPI,False,4
ORD104113,2024-10-05,Home & Kitchen,1578.78,1,0,1578.78,Central,Credit Card,False,5
ORD104114,2024-12-12,Home & Kitchen,3030.36,1,10,2727.32,South,UPI,False,4
ORD104115,2025-10-28,Fashion,550.26,1,5,522.75,East,Debit Card,False,2
ORD104116,2025-04-20,Sports,4516.43,1,10,4064.79,East,Credit Card,False,4
ORD104117,2025-05-12,Fashion,3616.67,2,30,5063.34,West,Credit Card,False,4
ORD104118,2025-01-09,Beauty,1804.8,1,15,1534.08,North,UPI,False,4
ORD104119,2024-06-18,Fashion,4077.15,1,0,4077.15,West,Debit Card,True,4
ORD104120,2025-04-03,Fashion,4067.65,1,0,4067.65,North,Credit Card,False,4
ORD104121,2024-05-13,Fashion,1915.84,1,30,1341.09,North,UPI,False,5
ORD104122,2024-12-15,Fashion,1423.69,1,0,1423.69,North,Credit Card,False,5
ORD104123,2025-10-21,Beauty,1606.98,1,10,1446.28,Central,Credit Card,False,4
ORD104124,2025-03-09,Beauty,529.24,1,0,529.24,West,UPI,False,3
ORD104125,2024-04-29,Home & Kitchen,1868.75,1,5,1775.31,South,Net Banking,False,4
ORD104126,2024-07-08,Electronics,42358.02,1,20,33886.42,East,Credit Card,False,5
ORD104127,2025-06-22,Beauty,1236.38,1,15,1050.92,North,Credit Card,False,4
ORD104128,2024-10-06,Electronics,19687.3,1,10,17718.57,Central,Debit Card,False,5
ORD104129,2025-11-20,Home & Kitchen,10256.34,2,0,20512.68,South,UPI,False,4
ORD104130,2025-12-18,Fashion,355.27,2,0,710.54,East,UPI,False,5
ORD104131,2025-05-24,Beauty,1141.16,1,15,969.99,Central,UPI,False,2
ORD104132,2025-01-21,Sports,2695.1,1,30,1886.57,West,Debit Card,False,3
ORD104133,2025-06-23,Fashion,361.53,1,5,343.45,North,Credit Card,False,5
ORD104134,2025-03-06,Home & Kitchen,1902.79,2,5,3615.3,East,UPI,False,4
ORD104135,2024-11-02,Beauty,2163.27,2,0,4326.54,West,Credit Card,False,3
ORD104136,2024-07-28,Beauty,1163.14,2,15,1977.34,South,Net Banking,False,5
ORD104137,2025-12-20,Beauty,1801.85,1,5,1711.76,West,Credit Card,False,4
ORD104138,2025-02-13,Electronics,10936.39,1,0,10936.39,West,UPI,False,4
ORD104139,2024-01-28,Home & Kitchen,8464.71,1,20,6771.77,East,UPI,False,5
ORD104140,2024-04-11,Sports,6843.91,1,10,6159.52,East,UPI,False,5
ORD104141,2024-03-28,Electronics,28018.79,1,0,28018.79,Central,Credit Card,False,5
ORD104142,2025-05-19,Sports,3785.55,1,0,3785.55,West,UPI,False,4
ORD104143,2025-11-16,Fashion,323.92,1,0,323.92,West,UPI,False,5
ORD104144,2025-05-15,Fashion,347.34,2,0,694.68,North,Net Banking,False,4
ORD104145,2025-06-02,Sports,1171.51,1,0,1171.51,East,UPI,False,5
ORD104146,2025-09-07,Fashion,2986.66,1,5,2837.33,South,COD,False,4
ORD104147,2025-04-24,Electronics,41111.52,1,5,39055.94,North,UPI,False,2
ORD104148,2025-11-24,Fashion,2222.03,1,5,2110.93,West,Credit Card,False,3
ORD104149,2025-06-02,Fashion,1617.41,1,5,1536.54,East,Credit Card,False,3
ORD104150,2024-04-03,Electronics,31658.36,1,0,31658.36,North,UPI,False,4
ORD104151,2024-08-09,Beauty,1477.85,2,15,2512.34,West,UPI,False,5
ORD104152,2025-11-06,Sports,4613.73,1,5,4383.04,West,COD,False,4
ORD104153,2024-04-16,Fashion,557.07,1,15,473.51,Central,Credit Card,False,5
ORD104154,2024-10-03,Home & Kitchen,5117.95,1,15,4350.26,East,Credit Card,False,5
ORD104155,2024-02-12,Electronics,44673.75,2,5,84880.12,West,Debit Card,True,4
ORD104156,2024-08-06,Sports,3148.46,1,10,2833.61,South,UPI,False,4
ORD104157,2024-01-13,Fashion,3859.12,1,5,3666.16,Central,UPI,False,5
ORD104158,2025-06-01,Home & Kitchen,1048.29,1,10,943.46,East,UPI,False,4
ORD104159,2025-07-24,Beauty,638.0,1,10,574.2,West,Credit Card,False,4
ORD104160,2024-11-09,Fashion,4656.67,1,5,4423.84,North,COD,False,4
ORD104161,2024-04-10,Beauty,2406.91,2,30,3369.67,South,UPI,False,5
ORD104162,2024-03-03,Home & Kitchen,8512.15,1,30,5958.5,North,Debit Card,False,5
ORD104163,2025-08-23,Fashion,579.36,1,10,521.42,West,Net Banking,False,5
ORD104164,2024-02-06,Home & Kitchen,10381.87,2,20,16610.99,West,Net Banking,False,5
ORD104165,2024-01-30,Fashion,2219.42,1,15,1886.51,West,UPI,False,2
ORD104166,2025-04-11,Fashion,2587.34,1,5,2457.97,East,Debit Card,False,5
ORD104167,2025-12-30,Sports,2723.02,1,0,2723.02,West,Net Banking,False,4
ORD104168,2025-05-29,Home & Kitchen,11525.84,1,5,10949.55,West,Credit Card,False,5
ORD104169,2025-07-09,Electronics,22080.84,1,0,22080.84,East,Debit Card,False,5
ORD104170,2025-09-12,Fashion,4214.39,1,0,4214.39,South,UPI,False,4
ORD104171,2024-06-02,Beauty,2663.32,1,10,2396.99,East,UPI,False,4
ORD104172,2024-05-05,Fashion,745.44,1,10,670.9,North,COD,False,3
ORD104173,2024-01-26,Fashion,689.64,1,10,620.68,West,Credit Card,False,4
ORD104174,2025-07-24,Electronics,4973.84,2,15,8455.53,North,Debit Card,False,3
ORD104175,2025-01-20,Electronics,21850.8,1,20,17480.64,East,Debit Card,False,5
ORD104176,2024-06-10,Home & Kitchen,6935.01,2,5,13176.52,South,UPI,False,5
ORD104177,2024-10-28,Home & Kitchen,10077.73,2,0,20155.46,South,Net Banking,False,4
ORD104178,2025-04-16,Electronics,19001.63,1,5,18051.55,South,UPI,False,4
ORD104179,2025-06-29,Electronics,26060.56,1,5,24757.53,East,Net Banking,False,4
ORD104180,2025-05-06,Electronics,31403.48,1,5,29833.31,East,Debit Card,False,4
ORD104181,2025-10-22,Beauty,1227.46,3,20,2945.9,South,Credit Card,False,5
ORD104182,2025-02-24,Fashion,2819.87,2,20,4511.79,North,UPI,False,5
ORD104183,2025-09-19,Home & Kitchen,10606.05,1,0,10606.05,West,Credit Card,False,3
ORD104184,2024-08-26,Sports,7277.67,1,5,6913.79,East,UPI,False,4
ORD104185,2025-06-23,Fashion,2371.48,1,5,2252.91,North,UPI,False,5
ORD104186,2025-06-01,Home & Kitchen,2222.3,1,5,2111.18,North,UPI,False,4
ORD104187,2025-04-30,Fashion,4608.36,1,15,3917.11,West,UPI,False,4
ORD104188,2024-11-02,Electronics,13014.91,1,5,12364.16,East,Debit Card,False,5
ORD104189,2025-03-21,Sports,7053.68,2,0,14107.36,South,UPI,False,4
ORD104190,2025-06-05,Sports,3101.95,1,0,3101.95,East,UPI,False,5
ORD104191,2024-01-31,Fashion,1196.09,1,15,1016.68,North,Debit Card,True,3
ORD104192,2025-05-28,Fashion,356.84,1,15,303.31,North,Debit Card,False,5
ORD104193,2025-12-13,Fashion,3989.8,1,5,3790.31,Central,UPI,False,5
ORD104194,2024-09-05,Fashion,2797.33,1,0,2797.33,West,Credit Card,False,3
ORD104195,2025-06-18,Home & Kitchen,11545.58,1,15,9813.74,South,Credit Card,False,4
ORD104196,2025-07-21,Beauty,524.14,1,20,419.31,South,COD,False,4
ORD104197,2024-01-13,Fashion,636.02,1,20,508.82,East,Credit Card,False,4
ORD104198,2025-06-06,Home & Kitchen,7538.2,1,0,7538.2,South,Credit Card,False,4
ORD104199,2024-07-06,Fashion,2471.85,1,10,2224.66,North,Credit Card,False,5
ORD104200,2025-05-30,Beauty,1625.55,1,10,1463.0,North,UPI,False,4
ORD104201,2024-08-23,Electronics,11257.72,2,5,21389.67,East,UPI,False,5
ORD104202,2025-04-19,Sports,6916.62,1,5,6570.79,North,Credit Card,False,5
ORD104203,2024-08-06,Home & Kitchen,5018.86,1,20,4015.09,Central,UPI,False,5
ORD104204,2024-04-21,Home & Kitchen,10273.11,1,0,10273.11,West,COD,False,5
ORD104205,2024-03-18,Sports,4034.68,1,15,3429.48,South,UPI,False,3
ORD104206,2024-06-05,Fashion,1526.46,2,5,2900.27,East,UPI,False,4
ORD104207,2025-01-20,Home & Kitchen,3023.01,1,5,2871.86,West,Debit Card,False,3
ORD104208,2025-10-27,Sports,6224.07,1,20,4979.26,South,Credit Card,False,5
ORD104209,2024-08-06,Home & Kitchen,11535.6,1,10,10382.04,Central,Credit Card,False,5
ORD104210,2024-11-20,Electronics,40894.25,1,10,36804.83,South,UPI,False,5
ORD104211,2025-10-06,Electronics,6087.83,1,0,6087.83,North,Net Banking,False,3
ORD104212,2024-12-08,Home & Kitchen,7468.01,1,0,7468.01,North,COD,False,3
ORD104213,2025-04-16,Beauty,567.32,1,20,453.86,East,Credit Card,False,2
ORD104214,2024-05-07,Home & Kitchen,8065.07,2,20,12904.11,South,UPI,False,5
ORD104215,2024-03-28,Fashion,4427.49,1,15,3763.37,West,Net Banking,False,4
ORD104216,2024-11-07,Home & Kitchen,10343.54,2,15,17584.02,West,UPI,False,4
ORD104217,2025-03-15,Fashion,2728.42,2,10,4911.16,East,UPI,False,4
ORD104218,2024-12-18,Beauty,1224.77,1,0,1224.77,South,UPI,False,5
ORD104219,2025-04-20,Home & Kitchen,9718.49,1,0,9718.49,West,UPI,False,4
ORD104220,2024-05-19,Fashion,2733.76,1,10,2460.38,North,UPI,False,4
ORD104221,2025-02-09,Electronics,14299.7,1,10,12869.73,Central,UPI,False,5
ORD104222,2024-11-16,Beauty,2721.16,1,10,2449.04,South,UPI,False,5
ORD104223,2025-10-08,Beauty,2280.37,1,0,2280.37,East,Net Banking,False,3
ORD104224,2024-11-15,Fashion,1672.64,1,15,1421.74,South,UPI,False,4
ORD104225,2024-02-26,Electronics,25641.18,1,15,21795.0,South,UPI,False,3
ORD104226,2025-08-25,Beauty,2512.7,1,20,2010.16,East,Net Banking,True,4
ORD104227,2024-05-30,Sports,3036.75,1,15,2581.24,South,UPI,False,4
ORD104228,2025-05-30,Home & Kitchen,3229.96,1,10,2906.96,West,UPI,False,5
ORD104229,2025-05-22,Electronics,41037.4,1,0,41037.4,East,COD,False,5
ORD104230,2024-11-25,Beauty,363.78,2,0,727.56,South,UPI,False,5
ORD104231,2024-10-09,Home & Kitchen,9447.91,1,10,8503.12,Central,UPI,False,1
ORD104232,2025-04-24,Beauty,1249.67,1,0,1249.67,West,COD,False,5
ORD104233,2024-10-03,Electronics,33501.29,2,10,60302.32,East,UPI,False,4
ORD104234,2025-07-15,Home & Kitchen,6560.38,1,20,5248.3,North,COD,False,5
ORD104235,2025-07-29,Fashion,4306.88,1,30,3014.82,East,Net Banking,False,5
ORD104236,2024-08-08,Fashion,2634.95,2,0,5269.9,East,UPI,True,4
ORD104237,2025-02-14,Fashion,4241.35,1,0,4241.35,East,UPI,False,3
ORD104238,2025-09-14,Electronics,3458.28,1,15,2939.54,South,UPI,False,5
ORD104239,2024-06-20,Home & Kitchen,8845.16,1,30,6191.61,West,Credit Card,False,5
ORD104240,2024-10-19,Home & Kitchen,3815.02,1,5,3624.27,Central,Debit Card,False,4
ORD104241,2025-12-24,Electronics,13651.92,2,20,21843.07,South,UPI,False,5
ORD104242,2025-07-20,Electronics,41643.89,1,15,35397.31,West,Debit Card,True,3
ORD104243,2024-04-14,Sports,1110.96,1,0,1110.96,South,Net Banking,False,5
ORD104244,2025-04-07,Sports,6918.72,1,15,5880.91,South,Debit Card,False,4
ORD104245,2025-09-22,Sports,4028.03,2,0,8056.06,South,Net Banking,False,5
ORD104246,2024-12-26,Fashion,2989.43,1,5,2839.96,Central,Credit Card,False,5
ORD104247,2025-05-18,Fashion,4669.44,1,5,4435.97,West,Net Banking,False,4
ORD104248,2025-05-18,Fashion,4281.44,1,10,3853.3,East,UPI,False,5
ORD104249,2024-10-06,Sports,5860.16,1,0,5860.16,South,UPI,False,5
ORD104250,2025-04-28,Fashion,1674.28,3,10,4520.56,North,UPI,False,4
ORD104251,2025-06-29,Home & Kitchen,6175.04,1,0,6175.04,Central,UPI,False,3
ORD104252,2024-05-15,Electronics,9269.3,1,0,9269.3,South,COD,False,5
ORD104253,2024-01-16,Electronics,9257.0,1,0,9257.0,South,UPI,False,5
ORD104254,2025-02-04,Sports,4505.56,1,15,3829.73,South,Credit Card,False,4
ORD104255,2025-09-21,Electronics,43417.97,1,0,43417.97,East,Credit Card,False,3
ORD104256,2025-03-25,Home & Kitchen,4861.12,2,5,9236.13,West,UPI,False,2
ORD104257,2025-03-30,Beauty,2664.74,1,10,2398.27,North,Debit Card,False,1
ORD104258,2024-05-28,Fashion,3360.58,1,10,3024.52,West,COD,False,5
ORD104259,2025-12-08,Fashion,4951.88,1,0,4951.88,East,Credit Card,False,4
ORD104260,2024-01-20,Home & Kitchen,907.36,1,10,816.62,West,Net Banking,False,5
ORD104261,2024-11-17,Electronics,31097.59,1,10,27987.83,South,UPI,False,5
ORD104262,2024-12-26,Home & Kitchen,2311.38,3,5,6587.43,West,Credit Card,False,4
ORD104263,2025-07-07,Beauty,2015.99,1,10,1814.39,Central,Credit Card,False,5
ORD104264,2024-08-18,Electronics,10835.45,1,20,8668.36,South,UPI,False,5
ORD104265,2024-07-31,Electronics,25313.24,1,10,22781.92,North,UPI,False,5
ORD104266,2025-08-04,Beauty,2808.85,1,0,2808.85,South,UPI,False,4
ORD104267,2024-05-10,Home & Kitchen,9008.81,1,5,8558.37,West,Net Banking,False,5
ORD104268,2025-01-30,Electronics,30197.6,1,10,27177.84,East,COD,False,4
ORD104269,2024-08-31,Home & Kitchen,4056.74,1,15,3448.23,West,Net Banking,False,4
ORD104270,2025-12-02,Electronics,29872.58,1,5,28378.95,North,Credit Card,False,5
ORD104271,2025-03-24,Home & Kitchen,9139.98,1,0,9139.98,Central,COD,False,5
ORD104272,2024-06-12,Electronics,30848.48,1,5,29306.06,South,UPI,False,5
ORD104273,2024-05-08,Fashion,3673.56,1,0,3673.56,South,UPI,False,1
ORD104274,2024-04-10,Fashion,1138.76,1,15,967.95,Central,UPI,False,5
ORD104275,2024-06-03,Fashion,2816.46,1,0,2816.46,East,UPI,True,4
ORD104276,2025-08-17,Electronics,41359.65,1,0,41359.65,Central,Credit Card,False,5
ORD104277,2025-08-03,Home & Kitchen,6405.96,3,30,13452.52,North,UPI,False,1
ORD104278,2025-11-21,Fashion,518.4,1,15,440.64,West,Credit Card,False,4
ORD104279,2025-09-07,Sports,1076.39,1,10,968.75,West,UPI,False,3
ORD104280,2025-11-19,Electronics,4178.32,1,0,4178.32,South,UPI,False,3
ORD104281,2024-12-16,Fashion,1368.73,1,5,1300.29,West,Credit Card,False,5
ORD104282,2025-01-06,Fashion,3855.06,1,15,3276.8,West,UPI,False,2
ORD104283,2024-05-12,Fashion,3735.6,1,15,3175.26,West,Credit Card,False,5
ORD104284,2024-01-14,Fashion,4157.75,1,5,3949.86,Central,Credit Card,False,5
ORD104285,2024-07-01,Beauty,1550.96,1,5,1473.41,East,UPI,False,5
ORD104286,2024-12-10,Fashion,860.47,1,0,860.47,North,UPI,False,3
ORD104287,2025-12-27,Sports,2167.93,1,20,1734.34,East,UPI,False,5
ORD104288,2025-11-11,Sports,2388.74,1,15,2030.43,North,UPI,False,5
ORD104289,2024-11-02,Electronics,11804.42,2,15,20067.51,North,UPI,False,2
ORD104290,2025-04-27,Beauty,2467.87,1,5,2344.48,North,COD,False,3
ORD104291,2025-02-24,Beauty,1882.51,2,10,3388.52,North,Credit Card,False,5
ORD104292,2024-05-04,Home & Kitchen,1782.5,1,30,1247.75,North,Credit Card,False,3
ORD104293,2024-03-18,Home & Kitchen,5389.91,1,10,4850.92,South,Net Banking,False,4
ORD104294,2024-01-20,Home & Kitchen,6252.66,2,5,11880.05,North,UPI,False,4
ORD104295,2025-07-21,Home & Kitchen,6856.0,1,10,6170.4,Central,Net Banking,False,5
ORD104296,2024-07-08,Beauty,2118.48,1,5,2012.56,Central,COD,False,5
ORD104297,2025-12-07,Beauty,1621.26,2,15,2756.14,Central,UPI,False,5
ORD104298,2024-05-02,Fashion,1837.49,1,15,1561.87,South,UPI,False,4
ORD104299,2025-08-10,Fashion,2040.85,1,5,1938.81,Central,COD,False,3
ORD104300,2024-05-17,Fashion,1838.04,1,0,1838.04,West,Credit Card,False,5
ORD104301,2025-02-25,Fashion,3713.47,1,20,2970.78,South,UPI,False,2
ORD104302,2025-11-27,Fashion,480.56,1,10,432.5,South,UPI,False,5
ORD104303,2025-08-31,Sports,2570.33,1,5,2441.81,West,UPI,False,5
ORD104304,2025-12-19,Home & Kitchen,7708.56,1,10,6937.7,North,UPI,False,4
ORD104305,2025-09-26,Sports,1040.15,1,10,936.14,South,UPI,False,4
ORD104306,2024-04-23,Fashion,959.84,1,10,863.86,North,UPI,False,5
ORD104307,2025-09-02,Sports,5249.76,1,5,4987.27,North,UPI,False,4
ORD104308,2024-04-29,Fashion,2959.72,2,20,4735.55,Central,UPI,False,5
ORD104309,2025-10-04,Sports,4459.58,1,0,4459.58,West,UPI,False,4
ORD104310,2024-04-06,Fashion,1844.46,2,0,3688.92,East,COD,False,4
ORD104311,2025-05-02,Fashion,2123.16,1,0,2123.16,West,COD,False,5
ORD104312,2025-11-30,Fashion,394.98,3,20,947.95,East,Debit Card,False,4
ORD104313,2024-05-21,Electronics,16101.98,1,5,15296.88,North,UPI,False,4
ORD104314,2025-10-05,Beauty,2003.36,1,0,2003.36,North,Debit Card,False,4
ORD104315,2025-12-13,Fashion,2705.51,1,0,2705.51,East,COD,False,4
ORD104316,2025-03-15,Fashion,1611.47,1,10,1450.32,North,COD,False,3
ORD104317,2025-02-15,Electronics,24810.24,1,5,23569.73,North,Debit Card,False,4
ORD104318,2025-12-19,Sports,1664.1,1,15,1414.48,South,Credit Card,False,4
ORD104319,2024-06-06,Home & Kitchen,11385.89,1,0,11385.89,East,Credit Card,False,2
ORD104320,2025-02-16,Fashion,1240.75,1,5,1178.71,South,Debit Card,False,4
ORD104321,2025-04-17,Electronics,24045.2,2,0,48090.4,South,COD,False,4
ORD104322,2025-11-29,Beauty,2274.22,1,30,1591.95,South,COD,False,4
ORD104323,2025-11-13,Home & Kitchen,7389.48,1,15,6281.06,South,UPI,False,4
ORD104324,2025-01-31,Electronics,29014.03,2,5,55126.66,East,COD,False,5
ORD104325,2024-06-25,Fashion,4474.98,2,0,8949.96,North,UPI,False,4
ORD104326,2025-12-26,Fashion,980.19,1,15,833.16,North,UPI,False,5
ORD104327,2025-01-17,Beauty,322.5,1,0,322.5,South,Net Banking,False,5
ORD104328,2025-10-21,Sports,3860.42,2,5,7334.8,West,COD,False,4
ORD104329,2024-07-07,Beauty,2861.87,1,10,2575.68,North,Credit Card,False,5
ORD104330,2025-08-06,Beauty,2995.65,1,0,2995.65,West,UPI,False,5
ORD104331,2025-12-17,Home & Kitchen,7601.86,1,10,6841.67,South,UPI,False,4
ORD104332,2025-08-15,Electronics,38025.64,1,10,34223.08,Central,Net Banking,False,5
ORD104333,2025-11-15,Fashion,1945.68,1,10,1751.11,Central,Credit Card,False,5
ORD104334,2024-02-09,Fashion,424.09,1,10,381.68,North,Credit Card,False,5
ORD104335,2024-04-09,Beauty,2389.92,1,15,2031.43,North,Net Banking,False,5
ORD104336,2024-12-06,Beauty,1991.74,1,15,1692.98,North,UPI,False,5
ORD104337,2024-04-28,Beauty,805.8,2,5,1531.02,South,UPI,False,5
ORD104338,2025-05-17,Fashion,1344.16,1,10,1209.74,East,Credit Card,False,5
ORD104339,2025-11-01,Home & Kitchen,7560.68,1,10,6804.61,South,Credit Card,False,5
ORD104340,2024-11-20,Electronics,19156.19,2,0,38312.38,South,UPI,False,4
ORD104341,2025-09-10,Fashion,927.1,1,0,927.1,South,UPI,False,5
ORD104342,2024-06-14,Sports,2476.56,1,5,2352.73,North,Net Banking,False,3
ORD104343,2024-02-13,Electronics,14179.49,2,5,26941.03,West,Credit Card,False,4
ORD104344,2025-05-15,Home & Kitchen,3807.84,1,5,3617.45,North,Net Banking,False,4
ORD104345,2025-09-13,Sports,7875.95,1,0,7875.95,East,UPI,False,5
ORD104346,2025-03-21,Fashion,3341.54,1,0,3341.54,Central,UPI,False,5
ORD104347,2024-10-09,Home & Kitchen,7207.43,1,0,7207.43,North,Debit Card,False,4
ORD104348,2024-12-04,Fashion,3809.97,1,30,2666.98,South,UPI,False,5
ORD104349,2025-11-16,Home & Kitchen,775.96,1,5,737.16,East,UPI,False,5
ORD104350,2025-08-07,Home & Kitchen,10227.49,1,0,10227.49,North,UPI,False,4
ORD104351,2024-06-04,Sports,7013.78,2,10,12624.8,South,Debit Card,False,4
ORD104352,2024-10-14,Electronics,35453.97,1,20,28363.18,North,Credit Card,False,4
ORD104353,2024-01-29,Sports,7163.49,1,30,5014.44,Central,Credit Card,False,5
ORD104354,2025-11-23,Fashion,4702.6,1,0,4702.6,North,Credit Card,False,5
ORD104355,2025-01-16,Sports,3158.51,1,10,2842.66,Central,COD,False,4
ORD104356,2025-01-30,Fashion,3617.11,1,0,3617.11,East,UPI,False,5
ORD104357,2025-11-22,Home & Kitchen,829.98,2,10,1493.96,East,COD,False,3
ORD104358,2024-07-18,Electronics,14923.55,1,20,11938.84,West,Credit Card,False,5
ORD104359,2025-01-27,Sports,5488.91,1,20,4391.13,South,Debit Card,False,4
ORD104360,2024-01-18,Sports,5740.04,2,0,11480.08,South,Debit Card,False,5
ORD104361,2025-06-01,Home & Kitchen,5920.11,2,5,11248.21,North,Credit Card,False,2
ORD104362,2025-04-06,Home & Kitchen,11737.11,1,0,11737.11,South,Credit Card,False,5
ORD104363,2024-07-11,Beauty,2598.17,2,15,4416.89,North,Debit Card,False,5
ORD104364,2025-01-30,Sports,3183.14,1,5,3023.98,West,Credit Card,False,5
ORD104365,2024-11-21,Home & Kitchen,3211.57,1,5,3050.99,North,COD,False,4
ORD104366,2025-10-26,Sports,3560.73,2,10,6409.31,East,Credit Card,False,5
ORD104367,2025-09-03,Fashion,395.54,1,5,375.76,East,UPI,False,5
ORD104368,2025-04-12,Fashion,1762.66,1,10,1586.39,East,UPI,False,4
ORD104369,2024-08-15,Home & Kitchen,2305.82,1,0,2305.82,North,Debit Card,False,1
ORD104370,2024-08-04,Home & Kitchen,556.22,1,0,556.22,North,Debit Card,False,2
ORD104371,2025-04-21,Beauty,1559.63,2,15,2651.37,South,UPI,False,5
ORD104372,2025-06-15,Electronics,25105.72,1,5,23850.43,East,UPI,False,5
ORD104373,2024-09-13,Fashion,2124.48,1,0,2124.48,West,UPI,False,5
ORD104374,2024-03-28,Home & Kitchen,2783.77,1,15,2366.2,North,Credit Card,False,5
ORD104375,2024-11-27,Electronics,21374.79,1,30,14962.35,West,Credit Card,False,2
ORD104376,2025-08-03,Electronics,43947.76,1,5,41750.37,North,UPI,False,4
ORD104377,2024-06-25,Sports,6517.0,1,15,5539.45,North,COD,True,5
ORD104378,2024-06-08,Home & Kitchen,7109.57,1,10,6398.61,West,UPI,True,1
ORD104379,2025-10-31,Electronics,30514.84,1,0,30514.84,West,UPI,False,1
ORD104380,2025-10-13,Beauty,2867.45,1,0,2867.45,Central,Credit Card,False,4
ORD104381,2024-07-21,Sports,4295.88,3,5,12243.26,West,Debit Card,False,5
ORD104382,2025-10-29,Electronics,4002.11,1,5,3802.0,South,Net Banking,True,3
ORD104383,2024-07-30,Home & Kitchen,11581.15,1,10,10423.04,South,UPI,False,4
ORD104384,2025-05-23,Beauty,1355.69,2,0,2711.38,East,UPI,False,5
ORD104385,2025-09-13,Fashion,1629.1,2,15,2769.47,East,COD,False,5
ORD104386,2025-12-21,Fashion,2629.17,2,0,5258.34,North,UPI,True,5
ORD104387,2024-06-15,Sports,4407.92,1,0,4407.92,North,Debit Card,False,4
ORD104388,2024-09-28,Home & Kitchen,3493.44,1,15,2969.42,East,COD,False,4
ORD104389,2024-09-21,Beauty,533.45,1,20,426.76,Central,Credit Card,False,5
ORD104390,2024-11-12,Fashion,1193.46,1,0,1193.46,West,COD,False,4
ORD104391,2024-11-16,Sports,4155.11,1,10,3739.6,East,UPI,False,3
ORD104392,2024-07-04,Fashion,1185.25,1,15,1007.46,South,Debit Card,False,3
ORD104393,2025-10-25,Beauty,227.06,1,0,227.06,East,Credit Card,False,4
ORD104394,2025-01-13,Beauty,1024.61,1,0,1024.61,West,UPI,False,5
ORD104395,2025-01-01,Sports,6202.58,1,10,5582.32,Central,UPI,False,4
ORD104396,2024-11-21,Sports,7785.23,1,10,7006.71,North,UPI,False,5
ORD104397,2025-05-09,Home & Kitchen,2595.48,1,0,2595.48,West,COD,False,4
ORD104398,2024-08-07,Fashion,363.22,1,5,345.06,East,Debit Card,False,4
ORD104399,2024-09-26,Home & Kitchen,2125.78,1,20,1700.62,West,UPI,False,2
ORD104400,2024-02-16,Fashion,993.28,2,0,1986.56,North,Credit Card,False,4
ORD104401,2024-10-25,Home & Kitchen,10743.96,1,5,10206.76,West,Credit Card,False,5
ORD104402,2024-12-04,Fashion,2322.78,1,20,1858.22,North,UPI,False,5
ORD104403,2024-10-14,Sports,7745.68,1,5,7358.4,South,Credit Card,False,4
ORD104404,2025-03-06,Home & Kitchen,2861.65,2,0,5723.3,West,Credit Card,False,4
ORD104405,2025-10-22,Home & Kitchen,6554.95,1,0,6554.95,West,Debit Card,False,3
ORD104406,2024-10-05,Electronics,15067.1,1,20,12053.68,Central,Credit Card,False,4
ORD104407,2025-04-10,Home & Kitchen,1792.32,1,10,1613.09,North,UPI,False,4
ORD104408,2024-06-17,Sports,1904.55,1,5,1809.32,West,UPI,False,5
ORD104409,2024-09-03,Sports,3300.91,1,10,2970.82,West,COD,False,4
ORD104410,2024-05-30,Fashion,4344.93,1,0,4344.93,West,Debit Card,False,3
ORD104411,2025-04-01,Fashion,3794.08,1,5,3604.38,Central,COD,False,4
ORD104412,2025-09-24,Sports,7065.92,2,15,12012.06,East,UPI,False,4
ORD104413,2024-12-01,Home & Kitchen,11938.18,1,5,11341.27,Central,UPI,False,5
ORD104414,2025-04-19,Beauty,475.14,2,30,665.2,North,UPI,False,4
ORD104415,2025-11-27,Home & Kitchen,7959.64,1,0,7959.64,North,Credit Card,False,4
ORD104416,2025-04-11,Beauty,1756.59,2,0,3513.18,North,UPI,False,5
ORD104417,2024-08-05,Beauty,1325.9,1,0,1325.9,Central,UPI,False,4
ORD104418,2025-12-11,Fashion,2191.18,1,0,2191.18,North,Credit Card,False,3
ORD104419,2024-05-25,Home & Kitchen,7472.96,1,0,7472.96,South,Debit Card,False,4
ORD104420,2024-11-03,Electronics,4390.06,1,10,3951.05,West,Credit Card,False,5
ORD104421,2025-03-09,Fashion,2098.74,2,0,4197.48,North,UPI,False,5
ORD104422,2025-09-15,Fashion,2069.26,1,0,2069.26,West,UPI,False,3
ORD104423,2024-08-05,Electronics,3051.11,2,20,4881.78,West,Credit Card,False,4
ORD104424,2025-02-13,Fashion,1349.07,1,10,1214.16,North,Credit Card,False,3
ORD104425,2025-10-13,Sports,7500.64,1,0,7500.64,North,COD,False,4
ORD104426,2024-07-13,Sports,5505.94,1,0,5505.94,South,COD,False,5
ORD104427,2025-06-24,Home & Kitchen,4721.95,1,5,4485.85,East,Net Banking,False,4
ORD104428,2024-12-31,Beauty,399.05,1,30,279.33,East,UPI,False,5
ORD104429,2024-10-27,Sports,7037.42,1,10,6333.68,West,Debit Card,False,5
ORD104430,2025-03-01,Sports,4222.89,1,10,3800.6,North,UPI,False,2
ORD104431,2025-11-09,Fashion,4802.79,3,10,12967.53,South,Credit Card,False,3
ORD104432,2025-08-19,Fashion,3450.56,1,0,3450.56,North,UPI,False,4
ORD104433,2024-11-01,Fashion,2441.87,1,0,2441.87,Central,UPI,False,4
ORD104434,2024-06-16,Electronics,39088.44,1,15,33225.17,North,COD,False,5
ORD104435,2025-01-05,Electronics,23919.59,1,30,16743.71,North,Debit Card,False,5
ORD104436,2024-03-08,Fashion,1569.56,1,15,1334.13,Central,Credit Card,False,4
ORD104437,2025-06-04,Beauty,2053.97,1,10,1848.57,East,UPI,False,4
ORD104438,2024-03-11,Fashion,658.69,1,0,658.69,South,Credit Card,False,3
ORD104439,2024-09-27,Fashion,1708.64,1,10,1537.78,East,Credit Card,True,4
ORD104440,2025-02-25,Fashion,2885.91,1,15,2453.02,South,UPI,False,5
ORD104441,2024-07-15,Beauty,501.92,1,30,351.34,South,Credit Card,False,5
ORD104442,2025-12-06,Sports,3504.3,1,15,2978.66,South,Credit Card,False,5
ORD104443,2025-07-01,Electronics,32184.16,1,20,25747.33,Central,UPI,False,4
ORD104444,2025-02-22,Electronics,31685.81,2,5,60203.04,North,COD,False,4
ORD104445,2024-05-25,Electronics,11180.37,1,0,11180.37,North,Debit Card,False,4
ORD104446,2025-07-15,Electronics,10802.78,1,0,10802.78,North,COD,False,4
ORD104447,2024-08-02,Sports,2737.65,1,0,2737.65,South,COD,False,3
ORD104448,2025-03-12,Sports,798.45,1,30,558.92,Central,UPI,False,4
ORD104449,2025-11-07,Sports,6608.34,3,10,17842.52,North,UPI,False,4
ORD104450,2024-03-20,Electronics,28086.8,1,10,25278.12,South,COD,False,4
ORD104451,2024-05-05,Beauty,2996.44,1,20,2397.15,North,Debit Card,True,3
ORD104452,2025-02-20,Fashion,4466.48,1,15,3796.51,East,UPI,False,4
ORD104453,2024-01-03,Fashion,3052.43,1,30,2136.7,East,Net Banking,False,5
ORD104454,2024-07-17,Fashion,1135.17,1,0,1135.17,North,COD,False,4
ORD104455,2025-09-10,Home & Kitchen,9995.45,1,5,9495.68,North,COD,False,2
ORD104456,2025-05-19,Sports,7459.69,1,10,6713.72,West,Debit Card,False,5
ORD104457,2024-05-09,Home & Kitchen,1686.59,1,0,1686.59,West,Debit Card,False,4
ORD104458,2024-07-28,Electronics,21573.56,1,0,21573.56,South,UPI,True,5
ORD104459,2024-11-25,Sports,4666.27,1,20,3733.02,Central,Credit Card,False,5
ORD104460,2024-02-02,Beauty,1823.27,2,10,3281.89,West,Debit Card,False,4
ORD104461,2024-11-13,Fashion,3703.12,2,10,6665.62,South,Credit Card,False,5
ORD104462,2025-06-25,Beauty,948.27,1,15,806.03,West,UPI,False,2
ORD104463,2024-09-29,Home & Kitchen,1460.57,1,15,1241.48,West,UPI,False,4
ORD104464,2024-11-20,Electronics,33469.66,1,5,31796.18,West,Credit Card,False,5
ORD104465,2025-11-20,Beauty,1399.08,1,0,1399.08,South,UPI,False,5
ORD104466,2025-04-05,Beauty,1706.84,1,10,1536.16,South,COD,False,4
ORD104467,2025-09-19,Sports,7844.58,1,0,7844.58,West,UPI,False,4
ORD104468,2025-02-09,Fashion,3064.3,1,0,3064.3,Central,Net Banking,False,5
ORD104469,2025-06-14,Beauty,2805.77,1,30,1964.04,Central,Net Banking,False,4
ORD104470,2024-07-08,Fashion,1678.56,1,10,1510.7,Central,COD,False,5
ORD104471,2024-01-18,Home & Kitchen,1609.58,2,10,2897.24,South,UPI,False,5
ORD104472,2024-08-16,Home & Kitchen,11334.81,1,10,10201.33,Central,UPI,False,4
ORD104473,2024-11-16,Fashion,3783.25,2,10,6809.85,North,Credit Card,False,4
ORD104474,2024-10-29,Fashion,1586.9,1,0,1586.9,North,Net Banking,False,5
ORD104475,2024-10-13,Home & Kitchen,9158.35,1,0,9158.35,East,UPI,False,3
ORD104476,2024-07-15,Fashion,3761.81,2,0,7523.62,East,UPI,False,1
ORD104477,2025-04-03,Beauty,629.95,1,15,535.46,East,Net Banking,False,5
ORD104478,2024-12-23,Fashion,3185.43,1,15,2707.62,South,UPI,False,5
ORD104479,2025-02-11,Fashion,4579.82,1,15,3892.85,South,UPI,False,3
ORD104480,2025-04-02,Electronics,24684.33,1,0,24684.33,East,UPI,False,4
ORD104481,2024-11-10,Fashion,3495.53,1,10,3145.98,East,UPI,False,5
ORD104482,2024-10-26,Home & Kitchen,4934.08,1,5,4687.38,Central,UPI,True,5
ORD104483,2024-04-20,Fashion,3893.04,1,20,3114.43,South,Credit Card,False,4
ORD104484,2024-01-09,Fashion,4542.9,2,10,8177.22,East,COD,False,5
ORD104485,2024-02-17,Beauty,568.37,1,10,511.53,South,UPI,False,3
ORD104486,2025-01-03,Sports,1185.6,1,20,948.48,West,UPI,False,5
ORD104487,2024-02-09,Electronics,11757.9,2,0,23515.8,East,COD,False,5
ORD104488,2025-11-16,Beauty,1396.5,2,15,2374.05,West,UPI,False,4
ORD104489,2025-03-23,Fashion,3918.21,1,10,3526.39,South,UPI,False,3
ORD104490,2025-07-04,Fashion,3855.87,1,10,3470.28,East,UPI,False,5
ORD104491,2025-06-15,Home & Kitchen,4277.23,1,10,3849.51,South,COD,False,5
ORD104492,2025-12-18,Home & Kitchen,7367.64,1,5,6999.26,South,Net Banking,False,3
ORD104493,2024-12-10,Fashion,4874.69,3,5,13892.87,South,UPI,False,4
ORD104494,2024-12-07,Electronics,26315.07,2,20,42104.11,South,COD,False,3
ORD104495,2025-02-04,Fashion,1283.21,1,0,1283.21,East,UPI,True,5
ORD104496,2025-05-31,Home & Kitchen,9603.79,2,0,19207.58,South,Credit Card,False,5
ORD104497,2025-01-28,Fashion,997.97,1,5,948.07,East,Credit Card,True,5
ORD104498,2025-04-02,Sports,6303.21,1,0,6303.21,South,UPI,False,4
ORD104499,2024-08-24,Fashion,2729.37,1,30,1910.56,South,Debit Card,False,4
ORD104500,2025-11-26,Electronics,2768.02,2,5,5259.24,East,UPI,False,4
ORD104501,2024-07-25,Electronics,30930.43,2,10,55674.77,North,Credit Card,False,4
ORD104502,2025-07-04,Sports,1232.59,1,5,1170.96,West,UPI,False,5
ORD104503,2025-02-11,Electronics,17172.18,1,20,13737.74,East,COD,False,4
ORD104504,2024-01-04,Home & Kitchen,10578.65,2,10,19041.57,North,UPI,False,3
ORD104505,2025-06-07,Sports,5504.82,1,0,5504.82,West,Credit Card,False,5
ORD104506,2024-10-20,Electronics,19508.94,2,10,35116.09,South,COD,False,5
ORD104507,2025-01-20,Sports,4735.86,2,20,7577.38,North,COD,False,2
ORD104508,2024-08-22,Fashion,1003.32,1,0,1003.32,North,UPI,False,5
ORD104509,2025-02-06,Sports,6849.85,1,0,6849.85,Central,UPI,False,5
ORD104510,2024-01-22,Home & Kitchen,11221.06,2,0,22442.12,North,Credit Card,False,5
ORD104511,2024-08-14,Fashion,1185.15,1,10,1066.64,North,UPI,False,2
ORD104512,2024-10-19,Fashion,1001.94,1,30,701.36,North,Net Banking,False,4
ORD104513,2025-11-21,Home & Kitchen,4173.7,1,0,4173.7,Central,Credit Card,False,5
ORD104514,2025-11-18,Fashion,1153.48,2,5,2191.61,South,UPI,False,4
ORD104515,2024-05-31,Fashion,1410.47,1,5,1339.95,West,Net Banking,False,4
ORD104516,2024-07-13,Sports,4533.84,1,15,3853.76,West,Debit Card,False,2
ORD104517,2025-10-16,Fashion,2003.96,1,15,1703.37,South,Debit Card,False,3
ORD104518,2024-03-22,Home & Kitchen,964.56,2,5,1832.66,West,UPI,False,4
ORD104519,2025-07-14,Fashion,2499.39,2,10,4498.9,East,UPI,False,4
ORD104520,2025-06-11,Sports,3407.47,1,20,2725.98,South,UPI,False,3
ORD104521,2024-11-12,Fashion,4681.45,1,0,4681.45,West,Credit Card,False,5
ORD104522,2024-08-03,Fashion,1490.6,1,15,1267.01,South,UPI,False,3
ORD104523,2024-08-19,Beauty,560.18,1,15,476.15,North,UPI,False,4
ORD104524,2024-04-27,Fashion,1706.6,1,5,1621.27,North,UPI,False,5
ORD104525,2025-09-09,Home & Kitchen,706.77,1,0,706.77,West,UPI,False,3
ORD104526,2025-07-19,Beauty,1813.43,1,5,1722.76,North,COD,False,4
ORD104527,2024-10-22,Electronics,13476.65,2,10,24257.97,North,UPI,False,4
ORD104528,2024-03-26,Fashion,4729.11,1,0,4729.11,South,Debit Card,False,5
ORD104529,2024-02-17,Fashion,2324.9,1,15,1976.16,Central,Credit Card,False,5
ORD104530,2025-12-26,Electronics,5632.1,1,30,3942.47,West,COD,False,4
ORD104531,2024-11-13,Fashion,3327.41,1,30,2329.19,Central,COD,False,3
ORD104532,2024-02-16,Home & Kitchen,600.18,1,20,480.14,North,Credit Card,False,5
ORD104533,2024-02-26,Fashion,2264.31,1,0,2264.31,North,Debit Card,False,3
ORD104534,2024-07-28,Sports,4447.07,1,20,3557.66,South,Debit Card,False,4
ORD104535,2024-10-27,Fashion,1096.73,1,20,877.38,South,Debit Card,False,5
ORD104536,2025-02-17,Electronics,35793.4,1,5,34003.73,North,COD,False,5
ORD104537,2024-11-28,Fashion,1866.55,1,10,1679.9,Central,Debit Card,False,5
ORD104538,2025-03-18,Electronics,4738.0,1,10,4264.2,East,Credit Card,False,5
ORD104539,2024-06-09,Sports,1077.76,1,10,969.98,Central,UPI,False,3
ORD104540,2025-11-18,Home & Kitchen,10301.52,2,0,20603.04,North,Net Banking,False,1
ORD104541,2025-05-29,Fashion,2083.09,1,30,1458.16,West,UPI,False,3
ORD104542,2024-12-30,Fashion,1368.54,3,0,4105.62,North,Debit Card,False,2
ORD104543,2025-01-11,Sports,6438.58,1,10,5794.72,West,Debit Card,False,5
ORD104544,2024-02-11,Fashion,1658.26,2,5,3150.69,Central,UPI,False,5
ORD104545,2025-08-10,Fashion,2803.66,1,20,2242.93,West,UPI,False,4
ORD104546,2025-05-22,Fashion,2641.15,3,0,7923.45,West,Net Banking,False,5
ORD104547,2024-02-06,Fashion,4932.57,1,15,4192.68,South,Credit Card,False,5
ORD104548,2025-05-13,Fashion,3423.5,1,0,3423.5,Central,Debit Card,False,4
ORD104549,2025-10-02,Fashion,1684.33,1,0,1684.33,Central,COD,True,5
ORD104550,2024-10-19,Sports,782.69,1,5,743.56,North,COD,False,4
ORD104551,2024-09-19,Electronics,5852.87,1,30,4097.01,East,COD,False,3
ORD104552,2024-09-27,Fashion,1544.41,1,0,1544.41,East,Credit Card,True,4
ORD104553,2024-12-31,Fashion,2869.44,1,5,2725.97,Central,Debit Card,False,4
ORD104554,2024-11-21,Sports,2885.74,1,5,2741.45,South,COD,False,3
ORD104555,2024-12-15,Sports,1148.59,1,5,1091.16,North,Credit Card,False,5
ORD104556,2025-04-10,Fashion,2385.93,1,0,2385.93,South,UPI,False,3
ORD104557,2024-10-22,Home & Kitchen,6342.35,1,5,6025.23,West,UPI,False,5
ORD104558,2025-03-26,Fashion,1330.87,1,0,1330.87,East,UPI,False,4
ORD104559,2025-01-21,Sports,5135.69,1,0,5135.69,West,UPI,False,5
ORD104560,2025-11-01,Fashion,888.64,2,10,1599.55,South,COD,False,3
ORD104561,2025-06-27,Fashion,693.62,1,0,693.62,North,UPI,False,4
ORD104562,2024-07-30,Sports,3515.69,2,0,7031.38,South,UPI,False,4
ORD104563,2024-06-19,Beauty,2244.35,1,15,1907.7,East,Debit Card,True,3
ORD104564,2024-04-22,Beauty,2575.69,1,5,2446.91,West,Credit Card,False,5
ORD104565,2024-01-15,Electronics,3114.35,1,0,3114.35,East,Net Banking,False,4
ORD104566,2025-06-20,Sports,2588.3,2,0,5176.6,North,Debit Card,False,5
ORD104567,2024-11-16,Sports,1491.18,2,0,2982.36,North,Net Banking,False,4
ORD104568,2024-11-18,Electronics,41605.35,1,20,33284.28,South,UPI,False,5
ORD104569,2024-12-08,Fashion,3364.62,1,10,3028.16,East,UPI,False,5
ORD104570,2024-11-20,Fashion,1109.98,1,15,943.48,West,Net Banking,False,5
ORD104571,2024-03-26,Fashion,3436.25,2,20,5498.0,West,Net Banking,False,5
ORD104572,2024-02-28,Home & Kitchen,4941.82,1,10,4447.64,East,Debit Card,False,5
ORD104573,2025-12-19,Electronics,21804.44,1,0,21804.44,Central,Credit Card,False,4
ORD104574,2025-11-28,Beauty,2797.96,1,20,2238.37,West,Debit Card,False,2
ORD104575,2024-03-28,Electronics,26790.51,1,10,24111.46,South,UPI,False,4
ORD104576,2024-08-10,Home & Kitchen,6955.67,1,10,6260.1,West,Credit Card,False,5
ORD104577,2025-08-08,Sports,5449.48,1,10,4904.53,North,COD,False,5
ORD104578,2025-09-18,Sports,4862.32,1,15,4132.97,North,Net Banking,False,3
ORD104579,2024-07-24,Home & Kitchen,1661.41,1,0,1661.41,West,UPI,False,5
ORD104580,2024-04-30,Fashion,1620.57,1,20,1296.46,West,Net Banking,False,5
ORD104581,2025-02-14,Beauty,749.15,1,30,524.4,South,UPI,False,5
ORD104582,2024-03-27,Electronics,42979.85,1,0,42979.85,North,UPI,False,4
ORD104583,2024-08-15,Electronics,14575.29,1,10,13117.76,South,Debit Card,False,4
ORD104584,2024-02-29,Electronics,35931.54,1,0,35931.54,South,UPI,False,5
ORD104585,2024-05-04,Electronics,17374.84,1,0,17374.84,East,UPI,False,2
ORD104586,2024-08-14,Home & Kitchen,8985.48,1,0,8985.48,West,Debit Card,False,5
ORD104587,2025-05-01,Beauty,2993.52,1,0,2993.52,Central,Credit Card,False,5
ORD104588,2025-06-16,Home & Kitchen,992.64,1,5,943.01,North,UPI,True,5
ORD104589,2025-01-15,Fashion,976.56,2,20,1562.5,East,UPI,False,3
ORD104590,2024-05-30,Beauty,1547.49,1,20,1237.99,North,Debit Card,False,4
ORD104591,2025-09-30,Electronics,20884.76,2,0,41769.52,South,UPI,False,5
ORD104592,2024-10-18,Beauty,1814.1,1,5,1723.39,Central,COD,False,4
ORD104593,2024-02-15,Fashion,4307.56,1,0,4307.56,East,UPI,False,3
ORD104594,2025-06-29,Fashion,4296.18,1,10,3866.56,South,Credit Card,False,5
ORD104595,2024-09-27,Sports,671.65,1,0,671.65,South,UPI,False,3
ORD104596,2024-03-19,Home & Kitchen,11905.36,1,10,10714.82,North,UPI,False,4
ORD104597,2025-05-21,Home & Kitchen,8632.14,2,0,17264.28,East,Credit Card,False,5
ORD104598,2025-06-28,Beauty,1855.02,1,5,1762.27,East,UPI,False,5
ORD104599,2025-06-21,Home & Kitchen,569.21,1,20,455.37,Central,UPI,False,4
ORD104600,2025-06-22,Sports,7177.16,1,20,5741.73,South,Debit Card,False,5
ORD104601,2025-06-11,Home & Kitchen,11325.16,1,10,10192.64,North,UPI,False,4
ORD104602,2025-07-08,Beauty,1571.13,1,0,1571.13,West,Net Banking,False,3
ORD104603,2025-02-13,Sports,4691.53,1,5,4456.95,North,UPI,False,4
ORD104604,2024-08-02,Electronics,9007.89,2,20,14412.62,South,Debit Card,False,5
ORD104605,2025-07-28,Fashion,3271.44,2,0,6542.88,West,UPI,False,5
ORD104606,2025-05-06,Home & Kitchen,7996.93,1,5,7597.08,South,Debit Card,False,1
ORD104607,2025-10-18,Fashion,1814.27,1,5,1723.56,North,Credit Card,False,4
ORD104608,2024-02-17,Fashion,434.21,1,15,369.08,West,UPI,False,5
ORD104609,2025-02-26,Electronics,17764.41,1,5,16876.19,North,COD,False,5
ORD104610,2025-12-17,Beauty,1282.92,1,5,1218.77,West,COD,False,5
ORD104611,2025-04-15,Sports,1344.9,2,30,1882.86,North,UPI,False,4
ORD104612,2024-10-31,Fashion,1542.04,1,15,1310.73,West,COD,False,5
ORD104613,2024-11-15,Home & Kitchen,2619.46,1,10,2357.51,South,Credit Card,False,5
ORD104614,2025-09-05,Home & Kitchen,3610.13,1,0,3610.13,North,Debit Card,False,5
ORD104615,2025-06-03,Fashion,4617.64,1,10,4155.88,South,Net Banking,False,5
ORD104616,2025-11-08,Home & Kitchen,4800.7,1,10,4320.63,North,Net Banking,False,5
ORD104617,2024-06-09,Beauty,700.56,2,0,1401.12,West,COD,False,4
ORD104618,2024-06-16,Fashion,4706.01,1,5,4470.71,North,Credit Card,False,3
ORD104619,2025-12-13,Home & Kitchen,8888.52,1,20,7110.82,Central,Credit Card,False,5
ORD104620,2024-04-27,Fashion,1443.47,1,0,1443.47,North,UPI,False,5
ORD104621,2024-06-22,Sports,6204.5,1,10,5584.05,Central,UPI,False,3
ORD104622,2025-02-16,Fashion,1240.63,2,5,2357.2,South,UPI,False,1
ORD104623,2024-06-29,Fashion,668.52,2,5,1270.19,South,Net Banking,False,4
ORD104624,2025-03-27,Electronics,35362.54,1,5,33594.41,North,COD,False,5
ORD104625,2025-08-11,Beauty,495.17,1,0,495.17,North,COD,True,4
ORD104626,2024-09-02,Electronics,9833.27,2,10,17699.89,South,Debit Card,False,4
ORD104627,2025-02-28,Electronics,10381.83,1,5,9862.74,South,COD,False,1
ORD104628,2025-11-30,Sports,605.89,1,10,545.3,South,Net Banking,False,3
ORD104629,2025-12-04,Beauty,516.71,1,10,465.04,North,Net Banking,False,4
ORD104630,2024-10-03,Fashion,2414.43,1,20,1931.54,East,Debit Card,True,4
ORD104631,2024-11-19,Beauty,497.31,1,5,472.44,South,UPI,False,5
ORD104632,2025-06-09,Fashion,3210.17,1,15,2728.64,West,Net Banking,False,4
ORD104633,2024-12-25,Sports,4393.03,1,0,4393.03,North,COD,False,5
ORD104634,2025-06-26,Fashion,3840.3,1,15,3264.26,South,COD,False,5
ORD104635,2024-06-10,Home & Kitchen,4394.47,1,0,4394.47,West,COD,False,5
ORD104636,2025-07-25,Fashion,4730.22,1,10,4257.2,West,UPI,False,4
ORD104637,2025-09-12,Sports,7260.44,1,5,6897.42,North,UPI,False,5
ORD104638,2024-10-26,Electronics,10749.85,2,5,20424.72,East,UPI,False,4
ORD104639,2024-07-03,Sports,4726.22,1,10,4253.6,South,UPI,False,5
ORD104640,2025-06-02,Fashion,1608.22,1,0,1608.22,West,Net Banking,False,5
ORD104641,2024-12-09,Home & Kitchen,2070.28,2,15,3519.48,Central,COD,False,5
ORD104642,2024-10-13,Fashion,569.86,2,5,1082.73,South,Credit Card,False,5
ORD104643,2024-09-08,Electronics,23450.83,1,20,18760.66,North,UPI,False,4
ORD104644,2025-02-01,Beauty,2521.92,1,0,2521.92,North,UPI,False,5
ORD104645,2024-07-11,Electronics,39524.18,1,5,37547.97,North,Net Banking,False,4
ORD104646,2025-08-18,Fashion,3970.4,1,15,3374.84,North,UPI,False,5
ORD104647,2025-09-02,Home & Kitchen,8438.11,3,5,24048.61,South,UPI,False,4
ORD104648,2025-12-11,Electronics,25959.24,1,10,23363.32,South,COD,False,4
ORD104649,2025-08-26,Beauty,2885.65,2,15,4905.61,West,Debit Card,False,5
ORD104650,2024-06-02,Fashion,1131.88,1,5,1075.29,West,Credit Card,False,3
ORD104651,2024-12-05,Fashion,912.48,1,10,821.23,North,UPI,False,4
ORD104652,2025-12-26,Sports,1473.39,1,0,1473.39,East,COD,False,4
ORD104653,2025-10-03,Electronics,44549.44,1,10,40094.5,North,UPI,False,5
ORD104654,2024-08-17,Electronics,28633.51,1,0,28633.51,East,Credit Card,False,3
ORD104655,2024-03-27,Fashion,930.56,1,15,790.98,North,Debit Card,False,2
ORD104656,2025-04-16,Electronics,25991.27,1,5,24691.71,West,Debit Card,False,3
ORD104657,2025-08-08,Electronics,15521.06,1,15,13192.9,West,COD,False,3
ORD104658,2024-01-19,Sports,3498.24,1,0,3498.24,South,UPI,False,5
ORD104659,2024-01-02,Home & Kitchen,6359.53,1,0,6359.53,East,UPI,False,4
ORD104660,2025-02-14,Electronics,26837.21,1,10,24153.49,West,UPI,False,5
ORD104661,2024-09-17,Home & Kitchen,1018.83,1,5,967.89,East,UPI,False,5
ORD104662,2024-09-15,Electronics,17582.18,1,5,16703.07,West,Net Banking,False,5
ORD104663,2024-02-15,Sports,7805.73,2,0,15611.46,South,UPI,False,5
ORD104664,2025-08-18,Fashion,1844.58,1,5,1752.35,East,UPI,False,5
ORD104665,2024-12-03,Home & Kitchen,2689.06,1,10,2420.15,North,Debit Card,False,5
ORD104666,2024-01-19,Electronics,44909.58,1,0,44909.58,Central,UPI,False,5
ORD104667,2024-05-01,Home & Kitchen,11709.43,1,0,11709.43,North,COD,False,3
ORD104668,2024-06-11,Home & Kitchen,2913.5,1,10,2622.15,East,Debit Card,False,5
ORD104669,2024-03-01,Beauty,2976.28,1,0,2976.28,Central,UPI,False,4
ORD104670,2024-02-29,Electronics,1574.12,2,10,2833.42,South,UPI,False,5
ORD104671,2025-12-03,Beauty,1192.51,3,30,2504.27,North,UPI,False,5
ORD104672,2025-07-14,Fashion,4643.3,1,5,4411.14,West,COD,False,5
ORD104673,2024-04-23,Electronics,27937.99,2,10,50288.38,North,UPI,False,4
ORD104674,2025-11-10,Electronics,29466.24,1,0,29466.24,Central,UPI,False,4
ORD104675,2025-09-07,Fashion,2978.28,1,30,2084.8,West,UPI,False,3
ORD104676,2025-10-19,Electronics,11096.52,1,0,11096.52,South,Debit Card,False,5
ORD104677,2025-05-13,Electronics,40897.05,1,10,36807.34,Central,UPI,False,4
ORD104678,2025-03-16,Beauty,1642.81,1,10,1478.53,Central,UPI,False,4
ORD104679,2024-12-07,Fashion,2960.04,1,10,2664.04,East,UPI,False,5
ORD104680,2024-02-12,Fashion,4813.41,1,5,4572.74,East,UPI,False,5
ORD104681,2024-09-02,Sports,4754.55,1,5,4516.82,West,Debit Card,False,4
ORD104682,2024-11-21,Sports,7610.9,1,30,5327.63,North,Credit Card,False,3
ORD104683,2024-08-23,Beauty,1485.09,1,20,1188.07,East,UPI,False,5
ORD104684,2025-04-23,Sports,2599.21,1,15,2209.33,Central,Debit Card,False,4
ORD104685,2025-02-06,Home & Kitchen,6641.27,1,0,6641.27,North,Debit Card,False,4
ORD104686,2025-11-09,Home & Kitchen,7526.64,1,10,6773.98,East,Debit Card,False,4
ORD104687,2025-03-17,Fashion,3883.54,1,10,3495.19,East,Net Banking,False,5
ORD104688,2024-07-29,Fashion,4680.69,1,5,4446.66,North,UPI,False,4
ORD104689,2024-11-03,Home & Kitchen,6220.41,1,5,5909.39,East,COD,False,5
ORD104690,2024-09-26,Home & Kitchen,3539.06,1,0,3539.06,Central,UPI,False,4
ORD104691,2024-04-25,Beauty,2752.24,2,5,5229.26,South,Net Banking,False,5
ORD104692,2024-11-16,Fashion,4513.33,1,5,4287.66,North,COD,False,5
ORD104693,2025-03-31,Home & Kitchen,4999.43,2,20,7999.09,South,Debit Card,False,3
ORD104694,2024-09-22,Home & Kitchen,3154.07,1,0,3154.07,East,Credit Card,False,5
ORD104695,2024-08-09,Home & Kitchen,5923.32,1,5,5627.15,West,UPI,False,5
ORD104696,2025-06-08,Fashion,722.75,1,20,578.2,West,Credit Card,False,5
ORD104697,2025-02-25,Fashion,1099.5,1,10,989.55,East,UPI,False,5
ORD104698,2025-08-23,Sports,6009.73,1,0,6009.73,South,Debit Card,False,3
ORD104699,2025-10-01,Beauty,2767.1,1,5,2628.74,West,Credit Card,False,4
ORD104700,2025-07-08,Home & Kitchen,5985.37,1,5,5686.1,Central,COD,False,4
ORD104701,2025-10-02,Fashion,1166.16,1,5,1107.85,North,UPI,False,4
ORD104702,2024-11-08,Beauty,1845.9,2,0,3691.8,West,UPI,False,2
ORD104703,2024-04-26,Fashion,2481.67,1,5,2357.59,West,Debit Card,False,5
ORD104704,2025-10-13,Electronics,20708.62,1,10,18637.76,West,Credit Card,False,2
ORD104705,2025-02-22,Beauty,1963.48,1,0,1963.48,North,UPI,False,4
ORD104706,2025-12-01,Sports,5736.97,1,0,5736.97,North,Net Banking,False,4
ORD104707,2025-03-03,Sports,1625.46,1,0,1625.46,West,Credit Card,True,4
ORD104708,2024-01-06,Home & Kitchen,1198.95,1,20,959.16,North,Credit Card,False,4
ORD104709,2025-05-05,Fashion,526.3,1,5,499.98,South,Debit Card,False,4
ORD104710,2025-10-27,Home & Kitchen,10427.15,1,15,8863.08,South,Credit Card,False,4
ORD104711,2024-09-26,Sports,7166.4,1,0,7166.4,West,Net Banking,False,4
ORD104712,2025-01-23,Electronics,40493.87,2,10,72888.97,North,UPI,False,4
ORD104713,2024-04-24,Home & Kitchen,10631.78,1,5,10100.19,East,COD,False,5
ORD104714,2025-04-08,Electronics,4971.34,1,15,4225.64,Central,Credit Card,False,4
ORD104715,2025-01-02,Electronics,3534.27,1,10,3180.84,South,Debit Card,False,4
ORD104716,2025-03-12,Fashion,2752.92,1,10,2477.63,West,UPI,False,5
ORD104717,2025-09-13,Sports,7339.61,1,20,5871.69,Central,Net Banking,False,3
ORD104718,2025-01-16,Beauty,871.61,1,30,610.13,East,UPI,False,5
ORD104719,2024-02-22,Fashion,1177.99,1,10,1060.19,East,COD,False,5
ORD104720,2024-03-18,Fashion,811.86,1,15,690.08,Central,COD,False,4
ORD104721,2024-11-22,Electronics,5959.81,1,10,5363.83,Central,Net Banking,False,4
ORD104722,2025-05-20,Home & Kitchen,11855.13,1,10,10669.62,East,Net Banking,False,4
ORD104723,2024-06-11,Sports,7012.65,1,0,7012.65,West,Credit Card,False,4
ORD104724,2025-03-24,Fashion,4495.07,2,10,8091.13,East,COD,False,5
ORD104725,2025-02-21,Home & Kitchen,8775.42,1,10,7897.88,East,UPI,True,3
ORD104726,2025-11-18,Fashion,4445.9,2,20,7113.44,North,COD,False,5
ORD104727,2025-03-31,Fashion,940.35,1,0,940.35,South,UPI,False,5
ORD104728,2024-11-25,Beauty,838.33,1,30,586.83,West,UPI,False,2
ORD104729,2025-01-14,Electronics,12404.71,1,0,12404.71,South,UPI,False,5
ORD104730,2025-02-03,Fashion,1107.64,1,20,886.11,West,COD,False,5
ORD104731,2024-02-11,Home & Kitchen,5303.2,1,10,4772.88,Central,Net Banking,False,4
ORD104732,2025-05-24,Beauty,1493.7,1,20,1194.96,West,UPI,False,4
ORD104733,2025-02-12,Electronics,31413.24,1,0,31413.24,Central,UPI,False,4
ORD104734,2025-11-25,Electronics,5208.41,1,10,4687.57,East,Credit Card,False,4
ORD104735,2025-08-06,Fashion,2148.64,1,0,2148.64,West,COD,False,4
ORD104736,2024-06-11,Electronics,11568.64,1,0,11568.64,Central,COD,False,4
ORD104737,2024-07-15,Fashion,4088.3,1,15,3475.06,North,Net Banking,False,4
ORD104738,2025-11-03,Beauty,2358.18,1,5,2240.27,North,COD,False,4
ORD104739,2024-05-17,Beauty,1919.34,1,0,1919.34,North,UPI,False,3
ORD104740,2024-03-29,Fashion,4293.08,2,20,6868.93,South,Credit Card,False,3
ORD104741,2024-05-11,Electronics,44747.17,3,0,134241.51,South,UPI,False,4
ORD104742,2024-03-09,Fashion,1915.97,1,10,1724.37,South,Net Banking,False,4
ORD104743,2024-11-04,Home & Kitchen,2751.58,1,20,2201.26,East,UPI,False,5
ORD104744,2024-02-08,Home & Kitchen,10669.06,1,0,10669.06,East,UPI,False,5
ORD104745,2025-09-20,Home & Kitchen,5219.67,1,10,4697.7,North,UPI,False,5
ORD104746,2024-03-11,Fashion,3726.19,2,15,6334.52,East,Credit Card,False,5
ORD104747,2024-06-12,Home & Kitchen,7976.59,1,0,7976.59,East,UPI,False,5
ORD104748,2025-03-06,Home & Kitchen,9740.2,1,10,8766.18,South,Credit Card,False,5
ORD104749,2024-01-21,Beauty,2181.98,2,0,4363.96,North,Net Banking,False,1
ORD104750,2025-08-31,Electronics,17457.14,1,0,17457.14,North,Debit Card,True,5
ORD104751,2025-01-13,Home & Kitchen,5514.5,1,20,4411.6,West,UPI,False,4
ORD104752,2024-04-08,Fashion,3995.48,1,10,3595.93,North,Credit Card,True,5
ORD104753,2025-06-28,Fashion,3384.72,2,5,6430.97,North,UPI,False,5
ORD104754,2024-07-10,Fashion,1385.58,1,5,1316.3,West,Credit Card,False,5
ORD104755,2024-03-07,Home & Kitchen,1373.14,1,10,1235.83,North,Credit Card,True,5
ORD104756,2024-08-27,Sports,7728.56,1,5,7342.13,South,Debit Card,False,3
ORD104757,2024-10-11,Fashion,1183.12,1,15,1005.65,South,COD,False,5
ORD104758,2025-08-07,Home & Kitchen,6890.0,1,0,6890.0,West,UPI,False,4
ORD104759,2024-12-14,Fashion,4806.34,1,5,4566.02,South,UPI,False,5
ORD104760,2024-04-25,Beauty,2570.85,1,10,2313.76,North,Credit Card,False,5
ORD104761,2024-08-27,Home & Kitchen,3681.14,1,15,3128.97,West,UPI,False,4
ORD104762,2025-03-11,Electronics,20325.49,2,0,40650.98,East,Debit Card,False,5
ORD104763,2025-02-04,Home & Kitchen,1513.84,2,10,2724.91,South,Credit Card,False,4
ORD104764,2024-12-01,Fashion,2230.17,1,0,2230.17,North,COD,False,5
ORD104765,2025-07-14,Fashion,2188.17,1,0,2188.17,Central,Credit Card,False,5
ORD104766,2025-12-09,Fashion,2704.32,1,20,2163.46,West,Net Banking,False,3
ORD104767,2024-03-14,Home & Kitchen,4218.79,1,15,3585.97,South,COD,False,5
ORD104768,2024-03-19,Home & Kitchen,4223.13,1,5,4011.97,North,UPI,False,5
ORD104769,2024-04-30,Home & Kitchen,1576.85,2,5,2996.02,South,UPI,False,5
ORD104770,2025-07-11,Electronics,29951.71,1,5,28454.12,East,COD,False,4
ORD104771,2024-07-11,Fashion,4621.47,3,0,13864.41,South,UPI,False,4
ORD104772,2024-07-26,Fashion,3826.93,1,0,3826.93,East,COD,True,4
ORD104773,2025-05-16,Fashion,3269.51,1,10,2942.56,North,Credit Card,False,4
ORD104774,2025-05-24,Fashion,3585.03,1,5,3405.78,South,Credit Card,False,2
ORD104775,2025-07-13,Fashion,3157.33,2,0,6314.66,North,UPI,False,5
ORD104776,2024-08-17,Fashion,2493.19,1,10,2243.87,West,COD,False,5
ORD104777,2025-10-24,Home & Kitchen,9960.3,1,30,6972.21,West,UPI,False,4
ORD104778,2024-05-23,Fashion,2364.7,1,10,2128.23,East,Debit Card,False,4
ORD104779,2025-05-02,Electronics,31435.24,1,0,31435.24,East,Credit Card,False,5
ORD104780,2025-01-28,Home & Kitchen,10270.76,1,0,10270.76,South,UPI,False,4
ORD104781,2024-06-07,Beauty,2767.46,1,15,2352.34,South,Credit Card,False,3
ORD104782,2025-09-06,Sports,4442.31,3,0,13326.93,North,Debit Card,False,4
ORD104783,2024-04-28,Home & Kitchen,2488.45,1,5,2364.03,North,UPI,False,4
ORD104784,2024-05-01,Home & Kitchen,2549.82,1,15,2167.35,North,COD,False,5
ORD104785,2025-12-03,Electronics,5581.96,1,10,5023.76,North,UPI,False,3
ORD104786,2024-03-02,Home & Kitchen,6588.68,1,0,6588.68,West,UPI,False,4
ORD104787,2025-05-20,Beauty,1922.29,2,0,3844.58,South,UPI,False,5
ORD104788,2024-05-03,Fashion,629.89,1,10,566.9,West,Debit Card,False,4
ORD104789,2025-07-26,Sports,896.37,3,5,2554.65,North,Net Banking,False,4
ORD104790,2025-04-08,Beauty,160.9,2,0,321.8,West,Debit Card,False,4
ORD104791,2024-12-07,Home & Kitchen,10879.13,2,0,21758.26,North,Net Banking,False,4
ORD104792,2025-09-30,Fashion,1928.46,3,5,5496.11,South,UPI,False,4
ORD104793,2025-10-09,Fashion,1857.99,1,0,1857.99,Central,UPI,True,5
ORD104794,2024-02-16,Home & Kitchen,5290.87,1,5,5026.33,South,UPI,False,5
ORD104795,2024-10-16,Home & Kitchen,10497.49,1,0,10497.49,South,Net Banking,False,5
ORD104796,2025-09-11,Home & Kitchen,5354.36,1,0,5354.36,West,Debit Card,False,3
ORD104797,2024-03-15,Beauty,1743.12,2,0,3486.24,North,UPI,False,5
ORD104798,2024-02-15,Sports,7318.55,1,0,7318.55,East,UPI,False,3
ORD104799,2024-04-29,Electronics,21517.2,1,15,18289.62,North,Net Banking,False,4
ORD104800,2025-12-18,Electronics,33673.94,1,15,28622.85,East,Credit Card,False,5
ORD104801,2024-01-07,Beauty,2121.43,1,5,2015.36,East,Credit Card,False,3
ORD104802,2025-08-18,Beauty,559.67,1,20,447.74,East,Credit Card,False,5
ORD104803,2025-06-01,Fashion,1457.72,3,5,4154.5,South,COD,False,5
ORD104804,2025-09-18,Electronics,3594.19,1,0,3594.19,East,Credit Card,False,5
ORD104805,2024-10-18,Sports,3994.69,1,15,3395.49,East,Credit Card,False,3
ORD104806,2025-06-05,Sports,1566.59,1,0,1566.59,North,Debit Card,False,3
ORD104807,2025-11-08,Fashion,2645.7,1,20,2116.56,East,UPI,False,4
ORD104808,2024-01-21,Fashion,360.97,1,10,324.87,West,Credit Card,False,2
ORD104809,2025-03-20,Sports,6851.73,1,5,6509.14,North,Credit Card,False,5
ORD104810,2024-08-31,Fashion,4560.92,1,0,4560.92,East,UPI,False,4
ORD104811,2024-10-15,Sports,3893.34,1,0,3893.34,East,Credit Card,False,5
ORD104812,2025-08-14,Electronics,23147.42,1,5,21990.05,Central,Net Banking,False,5
ORD104813,2024-12-11,Fashion,4340.3,1,0,4340.3,West,UPI,False,4
ORD104814,2025-11-23,Fashion,411.01,2,0,822.02,Central,Debit Card,False,3
ORD104815,2024-08-30,Fashion,4744.36,1,20,3795.49,East,COD,False,4
ORD104816,2024-05-05,Electronics,33049.49,1,0,33049.49,North,UPI,False,4
ORD104817,2024-03-12,Fashion,2204.48,2,10,3968.06,West,Credit Card,False,4
ORD104818,2025-12-26,Electronics,26905.34,1,30,18833.74,South,UPI,False,3
ORD104819,2024-03-21,Home & Kitchen,797.29,1,5,757.43,North,Net Banking,False,3
ORD104820,2024-05-24,Fashion,918.83,1,0,918.83,North,COD,False,4
ORD104821,2024-03-07,Electronics,44777.92,2,15,76122.46,West,Credit Card,False,4
ORD104822,2024-12-17,Home & Kitchen,7900.21,2,0,15800.42,West,Net Banking,False,5
ORD104823,2025-03-26,Electronics,35718.26,1,5,33932.35,North,UPI,False,5
ORD104824,2025-04-02,Fashion,3880.29,1,10,3492.26,South,UPI,False,4
ORD104825,2025-05-17,Electronics,28925.6,1,0,28925.6,South,UPI,False,2
ORD104826,2024-01-07,Beauty,2038.44,1,0,2038.44,North,UPI,False,5
ORD104827,2024-09-29,Electronics,37647.48,1,10,33882.73,Central,UPI,False,5
ORD104828,2024-07-27,Fashion,566.68,2,0,1133.36,South,UPI,False,3
ORD104829,2024-09-14,Fashion,4015.12,2,5,7628.73,North,UPI,False,4
ORD104830,2024-04-20,Electronics,38907.58,1,0,38907.58,West,Net Banking,False,4
ORD104831,2025-06-02,Sports,1275.73,1,0,1275.73,North,UPI,False,4
ORD104832,2024-04-11,Electronics,25709.86,1,0,25709.86,North,UPI,False,3
ORD104833,2024-02-09,Home & Kitchen,11440.16,1,30,8008.11,North,Credit Card,False,4
ORD104834,2025-09-29,Home & Kitchen,7636.32,2,0,15272.64,West,Net Banking,False,3
ORD104835,2024-11-25,Home & Kitchen,6103.36,1,10,5493.02,East,Credit Card,False,5
ORD104836,2025-07-22,Home & Kitchen,894.11,1,5,849.4,West,Debit Card,False,3
ORD104837,2024-10-28,Beauty,1982.8,1,5,1883.66,East,UPI,False,5
ORD104838,2025-04-20,Home & Kitchen,3844.06,1,5,3651.86,Central,Debit Card,False,4
ORD104839,2024-01-02,Home & Kitchen,9855.84,2,15,16754.93,North,UPI,False,5
ORD104840,2025-01-30,Fashion,3620.3,2,10,6516.54,South,Net Banking,False,5
ORD104841,2025-04-16,Fashion,4219.69,1,10,3797.72,South,UPI,False,5
ORD104842,2025-02-05,Sports,4695.69,1,15,3991.34,North,COD,False,3
ORD104843,2025-04-11,Home & Kitchen,3837.68,1,15,3262.03,North,Credit Card,False,4
ORD104844,2024-01-24,Electronics,33727.59,1,5,32041.21,North,Debit Card,False,4
ORD104845,2025-03-09,Sports,6683.39,1,0,6683.39,South,Debit Card,False,5
ORD104846,2024-04-18,Home & Kitchen,2423.1,1,0,2423.1,Central,UPI,False,1
ORD104847,2025-11-03,Fashion,1517.95,1,5,1442.05,East,Debit Card,True,5
ORD104848,2025-12-05,Fashion,4490.17,1,5,4265.66,Central,Net Banking,False,3
ORD104849,2024-07-06,Fashion,3463.31,2,10,6233.96,North,UPI,False,2
ORD104850,2025-01-03,Electronics,39381.71,3,5,112237.87,East,Credit Card,False,5
ORD104851,2024-08-09,Fashion,3322.96,2,5,6313.62,South,Debit Card,True,3
ORD104852,2025-06-08,Sports,4166.12,2,20,6665.79,East,UPI,False,4
ORD104853,2024-05-18,Electronics,4479.42,1,20,3583.54,East,UPI,False,5
ORD104854,2025-11-25,Electronics,41979.05,1,15,35682.19,East,Debit Card,False,5
ORD104855,2024-06-03,Electronics,20080.16,1,20,16064.13,South,Credit Card,False,4
ORD104856,2024-08-25,Electronics,35595.04,3,5,101445.86,East,Debit Card,False,4
ORD104857,2024-01-27,Electronics,32316.05,2,5,61400.5,Central,Debit Card,False,4
ORD104858,2024-08-01,Sports,5940.01,1,15,5049.01,East,Debit Card,False,3
ORD104859,2024-04-15,Sports,7191.05,1,5,6831.5,East,Debit Card,False,4
ORD104860,2025-01-18,Home & Kitchen,11861.03,1,5,11267.98,South,Net Banking,False,5
ORD104861,2024-12-16,Electronics,15280.47,1,0,15280.47,West,UPI,True,2
ORD104862,2025-08-11,Beauty,924.94,1,20,739.95,North,UPI,False,5
ORD104863,2024-07-09,Fashion,4780.6,1,10,4302.54,West,Debit Card,True,5
ORD104864,2025-02-13,Sports,1398.14,1,15,1188.42,Central,UPI,False,5
ORD104865,2025-05-08,Sports,1312.88,2,15,2231.9,South,Credit Card,False,4
ORD104866,2024-03-30,Beauty,1189.94,1,30,832.96,South,Credit Card,False,4
ORD104867,2024-04-26,Sports,1740.47,1,20,1392.38,West,Credit Card,False,4
ORD104868,2025-06-07,Electronics,32345.79,1,0,32345.79,North,Credit Card,False,4
ORD104869,2025-06-26,Fashion,3268.79,1,5,3105.35,Central,UPI,False,4
ORD104870,2024-07-06,Fashion,3363.82,2,15,5718.49,Central,Credit Card,False,4
ORD104871,2024-04-04,Electronics,41019.5,1,10,36917.55,Central,Credit Card,False,5
ORD104872,2025-05-24,Home & Kitchen,3496.91,1,10,3147.22,South,Debit Card,False,4
ORD104873,2025-03-30,Fashion,1297.4,1,0,1297.4,Central,Debit Card,False,2
ORD104874,2024-04-24,Home & Kitchen,7430.78,1,0,7430.78,East,Credit Card,False,4
ORD104875,2024-02-17,Electronics,14338.7,1,5,13621.76,South,Net Banking,True,5
ORD104876,2024-06-11,Fashion,1590.21,1,10,1431.19,West,Debit Card,False,2
ORD104877,2025-11-02,Fashion,1797.95,1,5,1708.05,North,UPI,False,3
ORD104878,2025-12-21,Fashion,375.65,1,10,338.08,Central,UPI,False,2
ORD104879,2025-03-10,Electronics,9038.9,1,20,7231.12,South,Credit Card,False,4
ORD104880,2024-02-03,Fashion,1121.95,1,0,1121.95,East,UPI,False,4
ORD104881,2024-08-09,Electronics,21165.18,3,5,60320.76,North,Credit Card,False,4
ORD104882,2024-10-14,Fashion,886.37,1,5,842.05,North,UPI,False,5
ORD104883,2024-05-27,Beauty,2134.51,2,20,3415.22,North,UPI,False,5
ORD104884,2024-10-04,Beauty,2530.99,1,0,2530.99,Central,UPI,True,3
ORD104885,2025-09-11,Sports,1052.8,1,10,947.52,East,UPI,False,5
ORD104886,2024-03-13,Home & Kitchen,6912.02,1,0,6912.02,West,Debit Card,False,5
ORD104887,2024-04-07,Home & Kitchen,5868.88,1,15,4988.55,Central,COD,False,4
ORD104888,2025-07-27,Home & Kitchen,9708.49,1,0,9708.49,West,Credit Card,False,4
ORD104889,2025-07-11,Electronics,16598.42,1,15,14108.66,South,UPI,False,5
ORD104890,2025-09-24,Electronics,36825.86,3,0,110477.58,East,COD,False,5
ORD104891,2024-03-04,Electronics,30792.67,1,10,27713.4,South,Credit Card,False,4
ORD104892,2024-09-22,Sports,4050.11,1,15,3442.59,West,COD,False,4
ORD104893,2025-07-15,Fashion,3040.61,1,0,3040.61,East,COD,False,5
ORD104894,2024-05-28,Electronics,35071.23,3,5,99953.01,North,UPI,False,3
ORD104895,2025-08-02,Beauty,1570.96,1,5,1492.41,East,UPI,False,4
ORD104896,2025-07-01,Electronics,39557.79,2,10,71204.02,North,COD,False,2
ORD104897,2025-10-24,Electronics,31242.89,1,0,31242.89,South,UPI,False,5
ORD104898,2025-03-29,Beauty,275.39,1,10,247.85,North,COD,False,5
ORD104899,2024-10-11,Sports,968.17,1,10,871.35,North,UPI,False,5
ORD104900,2024-10-31,Electronics,21299.32,1,5,20234.35,West,UPI,False,2
ORD104901,2024-11-22,Home & Kitchen,4582.98,1,20,3666.38,South,UPI,False,5
ORD104902,2024-08-23,Home & Kitchen,7123.01,2,0,14246.02,West,UPI,False,3
ORD104903,2025-08-16,Fashion,652.5,1,5,619.88,North,UPI,False,4
ORD104904,2024-04-27,Fashion,958.38,1,0,958.38,South,Debit Card,False,5
ORD104905,2024-01-19,Home & Kitchen,9508.07,1,5,9032.67,North,Debit Card,False,5
ORD104906,2025-06-11,Fashion,2566.71,1,15,2181.7,West,UPI,False,4
ORD104907,2024-05-18,Home & Kitchen,750.6,1,0,750.6,South,UPI,False,5
ORD104908,2025-11-04,Home & Kitchen,10359.08,2,15,17610.44,West,UPI,False,4
ORD104909,2025-01-16,Home & Kitchen,4231.01,1,5,4019.46,South,UPI,True,4
ORD104910,2025-07-06,Fashion,2910.02,1,5,2764.52,West,Credit Card,False,4
ORD104911,2025-09-15,Fashion,817.56,1,15,694.93,North,COD,False,5
ORD104912,2025-09-09,Beauty,285.75,1,0,285.75,South,UPI,False,3
ORD104913,2024-03-23,Fashion,3683.76,1,10,3315.38,North,Net Banking,False,3
ORD104914,2025-10-23,Beauty,2946.7,1,0,2946.7,East,COD,False,3
ORD104915,2024-08-31,Fashion,3365.63,1,5,3197.35,South,Net Banking,False,3
ORD104916,2024-12-29,Fashion,4043.81,2,5,7683.24,North,COD,False,4
ORD104917,2025-08-09,Beauty,2323.78,1,20,1859.02,East,UPI,False,4
ORD104918,2025-11-16,Fashion,2916.72,1,30,2041.7,East,UPI,False,4
ORD104919,2024-12-02,Electronics,21716.83,1,5,20630.99,South,UPI,False,5
ORD104920,2024-04-19,Sports,7859.07,3,20,18861.77,North,UPI,False,5
ORD104921,2025-10-18,Home & Kitchen,8104.51,1,15,6888.83,South,UPI,False,3
ORD104922,2025-06-20,Sports,1036.55,1,15,881.07,Central,UPI,False,5
ORD104923,2024-08-28,Fashion,556.87,1,0,556.87,North,UPI,False,1
ORD104924,2025-03-20,Electronics,39913.89,1,10,35922.5,West,Credit Card,False,3
ORD104925,2024-10-28,Fashion,2829.7,1,0,2829.7,West,Debit Card,False,4
ORD104926,2025-04-29,Fashion,1150.81,1,20,920.65,East,UPI,False,4
ORD104927,2024-10-16,Fashion,1533.43,1,15,1303.42,East,COD,False,5
ORD104928,2025-03-15,Fashion,980.32,1,0,980.32,East,COD,False,4
ORD104929,2025-06-25,Home & Kitchen,8357.71,1,0,8357.71,North,UPI,False,3
ORD104930,2024-04-23,Beauty,1483.49,2,10,2670.28,North,UPI,False,2
ORD104931,2025-03-08,Sports,1447.67,1,5,1375.29,North,UPI,False,3
ORD104932,2024-08-16,Fashion,2897.78,1,0,2897.78,West,UPI,True,4
ORD104933,2024-03-17,Home & Kitchen,483.8,3,0,1451.4,East,Debit Card,False,5
ORD104934,2024-09-17,Home & Kitchen,5944.55,2,5,11294.64,South,UPI,False,4
ORD104935,2024-07-07,Sports,3981.4,2,5,7564.66,East,Credit Card,False,5
ORD104936,2024-11-27,Fashion,1458.38,1,20,1166.7,South,UPI,False,5
ORD104937,2025-06-19,Sports,3318.77,1,20,2655.02,South,COD,False,5
ORD104938,2024-07-19,Sports,2696.98,1,10,2427.28,East,Debit Card,False,4
ORD104939,2025-11-14,Electronics,15239.86,2,10,27431.75,West,Credit Card,False,5
ORD104940,2024-04-04,Sports,6979.86,1,5,6630.87,West,COD,False,5
ORD104941,2024-03-23,Fashion,745.27,2,5,1416.01,East,UPI,False,5
ORD104942,2025-01-30,Fashion,2740.53,1,0,2740.53,East,UPI,False,1
ORD104943,2025-11-02,Fashion,706.52,2,0,1413.04,East,Net Banking,False,5
ORD104944,2025-03-03,Beauty,446.64,1,0,446.64,Central,UPI,False,5
ORD104945,2025-12-07,Home & Kitchen,6825.48,1,0,6825.48,North,Credit Card,False,4
ORD104946,2024-10-27,Sports,6313.51,2,15,10732.97,East,UPI,False,4
ORD104947,2025-04-05,Fashion,1479.05,1,0,1479.05,East,Debit Card,False,5
ORD104948,2025-08-15,Fashion,4314.79,1,10,3883.31,South,Credit Card,True,2
ORD104949,2025-09-06,Beauty,548.74,1,30,384.12,East,UPI,False,4
ORD104950,2024-11-30,Sports,5676.13,1,10,5108.52,West,UPI,False,3
ORD104951,2024-12-07,Sports,7568.48,1,0,7568.48,North,Credit Card,True,5
ORD104952,2025-05-01,Electronics,27430.87,1,5,26059.33,West,COD,False,5
ORD104953,2024-11-16,Sports,6513.29,3,15,16608.89,Central,Net Banking,False,5
ORD104954,2025-06-11,Home & Kitchen,6295.0,1,15,5350.75,South,UPI,False,2
ORD104955,2024-02-25,Electronics,27279.18,2,10,49102.52,West,UPI,False,4
ORD104956,2025-08-12,Home & Kitchen,2924.25,3,10,7895.48,South,Credit Card,False,4
ORD104957,2024-03-25,Fashion,1157.74,1,15,984.08,East,UPI,False,4
ORD104958,2025-09-19,Home & Kitchen,770.98,1,15,655.33,South,Credit Card,False,3
ORD104959,2025-03-05,Fashion,3831.73,1,5,3640.14,South,UPI,False,5
ORD104960,2025-03-22,Fashion,1494.59,1,5,1419.86,West,Net Banking,False,5
ORD104961,2025-11-07,Fashion,882.79,2,0,1765.58,West,Credit Card,False,5
ORD104962,2024-01-03,Sports,5822.21,1,5,5531.1,West,UPI,False,5
ORD104963,2024-09-25,Beauty,2441.2,1,5,2319.14,North,Net Banking,False,4
ORD104964,2025-08-11,Home & Kitchen,9050.53,1,0,9050.53,West,Credit Card,False,5
ORD104965,2025-01-08,Sports,7646.24,1,15,6499.3,East,Net Banking,False,5
ORD104966,2025-09-08,Sports,6575.0,1,10,5917.5,South,Debit Card,False,3
ORD104967,2025-12-20,Fashion,1516.17,1,20,1212.94,West,UPI,False,4
ORD104968,2025-11-28,Fashion,4050.3,1,10,3645.27,South,Net Banking,False,4
ORD104969,2024-06-25,Sports,3970.92,1,5,3772.37,North,UPI,False,5
ORD104970,2024-08-20,Fashion,4069.38,2,0,8138.76,North,Debit Card,False,5
ORD104971,2025-07-04,Home & Kitchen,9376.75,1,0,9376.75,East,UPI,False,5
ORD104972,2025-12-15,Fashion,3314.31,1,0,3314.31,West,UPI,False,4
ORD104973,2025-06-02,Fashion,2616.3,2,0,5232.6,North,Debit Card,False,3
ORD104974,2024-09-20,Fashion,2534.83,1,5,2408.09,Central,Credit Card,False,5
ORD104975,2024-09-19,Home & Kitchen,9277.83,2,10,16700.09,North,Debit Card,False,5
ORD104976,2024-02-09,Sports,6953.84,1,5,6606.15,North,UPI,False,4
ORD104977,2024-05-02,Fashion,1382.46,1,15,1175.09,South,Net Banking,False,3
ORD104978,2025-08-20,Home & Kitchen,11013.02,1,5,10462.37,South,Net Banking,False,4
ORD104979,2024-06-28,Fashion,315.65,2,10,568.17,West,UPI,False,2
ORD104980,2024-05-30,Home & Kitchen,6157.72,2,10,11083.9,East,Net Banking,False,5
ORD104981,2024-10-16,Fashion,2789.03,1,10,2510.13,East,COD,False,4
ORD104982,2024-07-25,Home & Kitchen,7364.16,1,0,7364.16,South,Net Banking,False,4
ORD104983,2025-11-22,Fashion,842.36,1,0,842.36,West,Credit Card,False,5
ORD104984,2024-04-27,Electronics,6136.47,1,5,5829.65,East,Net Banking,False,5
ORD104985,2024-03-02,Beauty,2353.42,1,0,2353.42,East,COD,False,3
ORD104986,2025-11-07,Home & Kitchen,5298.93,3,0,15896.79,West,Debit Card,False,4
ORD104987,2024-08-04,Fashion,4578.41,3,15,11674.95,South,Debit Card,False,5
ORD104988,2025-12-03,Electronics,29258.85,1,0,29258.85,South,Credit Card,False,4
ORD104989,2025-08-17,Electronics,36863.39,2,0,73726.78,North,Credit Card,False,2
ORD104990,2024-05-13,Home & Kitchen,2132.29,3,10,5757.18,South,Credit Card,False,1
ORD104991,2025-08-05,Sports,5856.42,2,0,11712.84,East,Credit Card,False,2
ORD104992,2024-03-14,Sports,7660.13,1,15,6511.11,West,Credit Card,False,4
ORD104993,2025-01-23,Home & Kitchen,1894.37,1,0,1894.37,West,UPI,False,1
ORD104994,2025-01-23,Electronics,40487.83,2,30,56682.96,North,UPI,False,5
ORD104995,2024-12-26,Electronics,33375.06,1,5,31706.31,West,Debit Card,False,4
ORD104996,2025-08-13,Home & Kitchen,2036.83,2,15,3462.61,North,COD,False,5
ORD104997,2025-08-25,Fashion,1595.81,1,0,1595.81,North,UPI,False,5
ORD104998,2024-03-03,Beauty,1755.23,3,20,4212.55,South,Credit Card,False,2
ORD104999,2024-01-12,Fashion,1121.81,1,5,1065.72,South,Debit Card,False,5
